province,district,municipality,year,quarter,indicator_type,indicator_code,measure_type_id,measure_code,value
1,9999,9999,2025,1,1,1,1,1,565795
1,47,189,2025,1,1,1,1,1,963935
1,9999,9999,2025,1,1,2,1,1,84835
1,47,189,2025,1,1,2,1,1,251671
1,9999,9999,2025,1,1,3,1,1,46202
1,47,189,2025,1,1,3,1,1,20452
1,9999,9999,2025,1,1,4,1,1,199832
1,47,189,2025,1,1,4,1,1,363558
1,9999,9999,2025,1,1,1,1,2,468059
1,47,189,2025,1,1,1,1,2,863246
1,9999,9999,2025,1,1,2,1,2,100788
1,47,189,2025,1,1,2,1,2,259515
1,9999,9999,2025,1,1,3,1,2,45881
1,47,189,2025,1,1,3,1,2,15198
1,9999,9999,2025,1,1,4,1,2,342243
1,47,189,2025,1,1,4,1,2,516999
2,9999,9999,2025,1,1,1,1,1,387074
2,3,180,2025,1,1,1,1,1,133498
2,10,179,2025,1,1,1,1,1,209270
2,9999,9999,2025,1,1,2,1,1,344392
2,3,180,2025,1,1,2,1,1,71204
2,10,179,2025,1,1,2,1,1,46442
2,9999,9999,2025,1,1,3,1,1,145046
2,3,180,2025,1,1,3,1,1,3190
2,10,179,2025,1,1,3,1,1,3549
2,9999,9999,2025,1,1,4,1,1,665253
2,3,180,2025,1,1,4,1,1,65280
2,10,179,2025,1,1,4,1,1,165042
2,9999,9999,2025,1,1,1,1,2,356147
2,3,180,2025,1,1,1,1,2,118359
2,10,179,2025,1,1,1,1,2,168356
2,9999,9999,2025,1,1,2,1,2,285857
2,3,180,2025,1,1,2,1,2,78871
2,10,179,2025,1,1,2,1,2,61835
2,9999,9999,2025,1,1,3,1,2,129563
2,3,180,2025,1,1,3,1,2,1001
2,10,179,2025,1,1,3,1,2,11066
2,9999,9999,2025,1,1,4,1,2,812932
2,3,180,2025,1,1,4,1,2,93971
2,10,179,2025,1,1,4,1,2,234839
3,9999,9999,2025,1,1,1,1,1,301671
3,15,202,2025,1,1,1,1,1,135166
3,9999,9999,2025,1,1,2,1,1,178951
3,15,202,2025,1,1,2,1,1,51633
3,9999,9999,2025,1,1,3,1,1,32817
3,15,202,2025,1,1,3,1,1,8258
3,9999,9999,2025,1,1,4,1,1,168888
3,15,202,2025,1,1,4,1,1,64114
3,9999,9999,2025,1,1,1,1,2,204765
3,15,202,2025,1,1,1,1,2,112144
3,9999,9999,2025,1,1,2,1,2,173705
3,15,202,2025,1,1,2,1,2,55593
3,9999,9999,2025,1,1,3,1,2,61845
3,15,202,2025,1,1,3,1,2,23633
3,9999,9999,2025,1,1,4,1,2,261258
3,15,202,2025,1,1,4,1,2,107688
4,9999,9999,2025,1,1,1,1,1,745208
4,29,168,2025,1,1,1,1,1,705409
4,9999,9999,2025,1,1,2,1,1,489281
4,29,168,2025,1,1,2,1,1,163783
4,9999,9999,2025,1,1,3,1,1,249201
4,29,168,2025,1,1,3,1,1,172463
4,9999,9999,2025,1,1,4,1,1,860661
4,29,168,2025,1,1,4,1,1,288459
4,9999,9999,2025,1,1,1,1,2,742015
4,29,168,2025,1,1,1,1,2,595535
4,9999,9999,2025,1,1,2,1,2,485328
4,29,168,2025,1,1,2,1,2,189576
4,9999,9999,2025,1,1,3,1,2,327120
4,29,168,2025,1,1,3,1,2,162541
4,9999,9999,2025,1,1,4,1,2,1104516
4,29,168,2025,1,1,4,1,2,426221
5,9999,9999,2025,1,1,1,1,1,542242
5,9999,9999,2025,1,1,2,1,1,298099
5,9999,9999,2025,1,1,3,1,1,146404
5,9999,9999,2025,1,1,4,1,1,415840
5,9999,9999,2025,1,1,1,1,2,336527
5,9999,9999,2025,1,1,2,1,2,297972
5,9999,9999,2025,1,1,3,1,2,224162
5,9999,9999,2025,1,1,4,1,2,564305
6,1,213,2025,1,1,1,1,1,708031
6,9999,9999,2025,1,1,1,1,1,385286
6,18,37,2025,1,1,1,1,1,708736
6,2,212,2025,1,1,1,1,1,1149383
6,1,213,2025,1,1,2,1,1,306488
6,9999,9999,2025,1,1,2,1,1,247677
6,18,37,2025,1,1,2,1,1,324508
6,2,212,2025,1,1,2,1,1,528134
6,1,213,2025,1,1,3,1,1,110194
6,9999,9999,2025,1,1,3,1,1,46961
6,18,37,2025,1,1,3,1,1,52306
6,2,212,2025,1,1,3,1,1,71517
6,1,213,2025,1,1,4,1,1,395944
6,9999,9999,2025,1,1,4,1,1,143755
6,18,37,2025,1,1,4,1,1,328412
6,2,212,2025,1,1,4,1,1,458136
6,1,213,2025,1,1,1,1,2,493529
6,9999,9999,2025,1,1,1,1,2,247244
6,18,37,2025,1,1,1,1,2,570527
6,2,212,2025,1,1,1,1,2,827987
6,1,213,2025,1,1,2,1,2,271095
6,9999,9999,2025,1,1,2,1,2,206875
6,18,37,2025,1,1,2,1,2,319175
6,2,212,2025,1,1,2,1,2,504345
6,1,213,2025,1,1,3,1,2,111560
6,9999,9999,2025,1,1,3,1,2,40980
6,18,37,2025,1,1,3,1,2,53224
6,2,212,2025,1,1,3,1,2,92643
6,1,213,2025,1,1,4,1,2,466459
6,9999,9999,2025,1,1,4,1,2,190615
6,18,37,2025,1,1,4,1,2,442332
6,2,212,2025,1,1,4,1,2,594590
7,9999,9999,2025,1,1,1,1,1,704944
7,9999,9999,2025,1,1,2,1,1,336932
7,9999,9999,2025,1,1,3,1,1,167572
7,9999,9999,2025,1,1,4,1,1,388824
7,9999,9999,2025,1,1,1,1,2,506603
7,9999,9999,2025,1,1,2,1,2,327341
7,9999,9999,2025,1,1,3,1,2,251579
7,9999,9999,2025,1,1,4,1,2,515046
8,9999,9999,2025,1,1,1,1,1,834211
8,9999,9999,2025,1,1,2,1,1,351739
8,9999,9999,2025,1,1,3,1,1,259363
8,9999,9999,2025,1,1,4,1,1,517199
8,9999,9999,2025,1,1,1,1,2,653767
8,9999,9999,2025,1,1,2,1,2,390792
8,9999,9999,2025,1,1,3,1,2,299418
8,9999,9999,2025,1,1,4,1,2,767238
9,9999,9999,2025,1,1,1,1,1,194982
9,9999,9999,2025,1,1,2,1,1,73795
9,9999,9999,2025,1,1,3,1,1,42180
9,9999,9999,2025,1,1,4,1,1,117813
9,9999,9999,2025,1,1,1,1,2,147613
9,9999,9999,2025,1,1,2,1,2,69452
9,9999,9999,2025,1,1,3,1,2,43731
9,9999,9999,2025,1,1,4,1,2,154844
1,9999,9999,2025,1,1,1,2,4,19803
1,47,189,2025,1,1,1,2,4,12995
1,9999,9999,2025,1,1,2,2,4,14394
1,47,189,2025,1,1,2,2,4,27278
1,9999,9999,2025,1,1,3,2,4,8516
1,47,189,2025,1,1,3,2,4,1252
1,9999,9999,2025,1,1,4,2,4,152579
1,47,189,2025,1,1,4,2,4,307705
1,9999,9999,2025,1,1,1,2,5,96804
1,47,189,2025,1,1,1,2,5,127561
1,9999,9999,2025,1,1,2,2,5,35745
1,47,189,2025,1,1,2,2,5,88860
1,9999,9999,2025,1,1,3,2,5,27808
1,47,189,2025,1,1,3,2,5,4454
1,9999,9999,2025,1,1,4,2,5,49731
1,47,189,2025,1,1,4,2,5,107396
1,9999,9999,2025,1,1,1,2,6,155537
1,47,189,2025,1,1,1,2,6,239472
1,9999,9999,2025,1,1,2,2,6,36410
1,47,189,2025,1,1,2,2,6,78721
1,9999,9999,2025,1,1,3,2,6,9081
1,47,189,2025,1,1,3,2,6,5453
1,9999,9999,2025,1,1,4,2,6,47247
1,47,189,2025,1,1,4,2,6,55332
1,9999,9999,2025,1,1,1,2,7,160624
1,47,189,2025,1,1,1,2,7,260361
1,9999,9999,2025,1,1,2,2,7,25203
1,47,189,2025,1,1,2,2,7,94719
1,9999,9999,2025,1,1,3,2,7,16932
1,47,189,2025,1,1,3,2,7,4832
1,9999,9999,2025,1,1,4,2,7,25256
1,47,189,2025,1,1,4,2,7,50992
1,9999,9999,2025,1,1,1,2,8,137655
1,47,189,2025,1,1,1,2,8,312028
1,9999,9999,2025,1,1,2,2,8,20847
1,47,189,2025,1,1,2,2,8,87468
1,9999,9999,2025,1,1,3,2,8,7197
1,47,189,2025,1,1,3,2,8,2760
1,9999,9999,2025,1,1,4,2,8,32020
1,47,189,2025,1,1,4,2,8,43989
1,9999,9999,2025,1,1,1,2,9,119641
1,47,189,2025,1,1,1,2,9,278767
1,9999,9999,2025,1,1,2,2,9,17211
1,47,189,2025,1,1,2,2,9,51820
1,9999,9999,2025,1,1,3,2,9,8975
1,47,189,2025,1,1,3,2,9,2664
1,9999,9999,2025,1,1,4,2,9,23643
1,47,189,2025,1,1,4,2,9,35594
1,9999,9999,2025,1,1,1,2,10,122574
1,47,189,2025,1,1,1,2,10,231148
1,9999,9999,2025,1,1,2,2,10,18094
1,47,189,2025,1,1,2,2,10,42225
1,9999,9999,2025,1,1,3,2,10,4312
1,47,189,2025,1,1,3,2,10,2203
1,9999,9999,2025,1,1,4,2,10,31509
1,47,189,2025,1,1,4,2,10,32335
1,9999,9999,2025,1,1,1,2,11,95107
1,47,189,2025,1,1,1,2,11,180157
1,9999,9999,2025,1,1,2,2,11,7171
1,47,189,2025,1,1,2,2,11,28416
1,9999,9999,2025,1,1,3,2,11,5073
1,47,189,2025,1,1,3,2,11,6848
1,9999,9999,2025,1,1,4,2,11,52965
1,47,189,2025,1,1,4,2,11,53284
1,9999,9999,2025,1,1,1,2,12,83566
1,47,189,2025,1,1,1,2,12,130810
1,9999,9999,2025,1,1,2,2,12,10549
1,47,189,2025,1,1,2,2,12,8741
1,9999,9999,2025,1,1,3,2,12,3156
1,47,189,2025,1,1,3,2,12,4380
1,9999,9999,2025,1,1,4,2,12,44483
1,47,189,2025,1,1,4,2,12,67519
1,9999,9999,2025,1,1,1,2,13,42543
1,47,189,2025,1,1,1,2,13,53885
1,47,189,2025,1,1,2,2,13,2937
1,9999,9999,2025,1,1,3,2,13,1033
1,47,189,2025,1,1,3,2,13,804
1,9999,9999,2025,1,1,4,2,13,82641
1,47,189,2025,1,1,4,2,13,126412
2,9999,9999,2025,1,1,1,2,4,3041
2,3,180,2025,1,1,1,2,4,488
2,10,179,2025,1,1,1,2,4,350
2,9999,9999,2025,1,1,2,2,4,17256
2,3,180,2025,1,1,2,2,4,3442
2,10,179,2025,1,1,2,2,4,3613
2,9999,9999,2025,1,1,3,2,4,5599
2,9999,9999,2025,1,1,4,2,4,559244
2,3,180,2025,1,1,4,2,4,61455
2,10,179,2025,1,1,4,2,4,92837
2,9999,9999,2025,1,1,1,2,5,44011
2,3,180,2025,1,1,1,2,5,9744
2,10,179,2025,1,1,1,2,5,25292
2,9999,9999,2025,1,1,2,2,5,109478
2,3,180,2025,1,1,2,2,5,32465
2,10,179,2025,1,1,2,2,5,15572
2,9999,9999,2025,1,1,3,2,5,61630
2,10,179,2025,1,1,3,2,5,1525
2,9999,9999,2025,1,1,4,2,5,242197
2,3,180,2025,1,1,4,2,5,20200
2,10,179,2025,1,1,4,2,5,58199
2,9999,9999,2025,1,1,1,2,6,83474
2,3,180,2025,1,1,1,2,6,26782
2,10,179,2025,1,1,1,2,6,41725
2,9999,9999,2025,1,1,2,2,6,132036
2,3,180,2025,1,1,2,2,6,21892
2,10,179,2025,1,1,2,2,6,19880
2,9999,9999,2025,1,1,3,2,6,54743
2,3,180,2025,1,1,3,2,6,1573
2,10,179,2025,1,1,3,2,6,1636
2,9999,9999,2025,1,1,4,2,6,111538
2,3,180,2025,1,1,4,2,6,9050
2,10,179,2025,1,1,4,2,6,35713
2,9999,9999,2025,1,1,1,2,7,145109
2,3,180,2025,1,1,1,2,7,32923
2,10,179,2025,1,1,1,2,7,45739
2,9999,9999,2025,1,1,2,2,7,138117
2,3,180,2025,1,1,2,2,7,30265
2,10,179,2025,1,1,2,2,7,20542
2,9999,9999,2025,1,1,3,2,7,58617
2,3,180,2025,1,1,3,2,7,1001
2,10,179,2025,1,1,3,2,7,4535
2,9999,9999,2025,1,1,4,2,7,108141
2,3,180,2025,1,1,4,2,7,5782
2,10,179,2025,1,1,4,2,7,20735
2,9999,9999,2025,1,1,1,2,8,98017
2,3,180,2025,1,1,1,2,8,39344
2,10,179,2025,1,1,1,2,8,45111
2,9999,9999,2025,1,1,2,2,8,77142
2,3,180,2025,1,1,2,2,8,21619
2,10,179,2025,1,1,2,2,8,15880
2,9999,9999,2025,1,1,3,2,8,27028
2,3,180,2025,1,1,3,2,8,1617
2,10,179,2025,1,1,3,2,8,2127
2,9999,9999,2025,1,1,4,2,8,60401
2,3,180,2025,1,1,4,2,8,5332
2,10,179,2025,1,1,4,2,8,27447
2,9999,9999,2025,1,1,1,2,9,101804
2,3,180,2025,1,1,1,2,9,44048
2,10,179,2025,1,1,1,2,9,72264
2,9999,9999,2025,1,1,2,2,9,52478
2,3,180,2025,1,1,2,2,9,17610
2,10,179,2025,1,1,2,2,9,11647
2,9999,9999,2025,1,1,3,2,9,15471
2,10,179,2025,1,1,3,2,9,895
2,9999,9999,2025,1,1,4,2,9,59731
2,3,180,2025,1,1,4,2,9,4042
2,10,179,2025,1,1,4,2,9,31889
2,9999,9999,2025,1,1,1,2,10,97846
2,3,180,2025,1,1,1,2,10,44438
2,10,179,2025,1,1,1,2,10,57522
2,9999,9999,2025,1,1,2,2,10,45137
2,3,180,2025,1,1,2,2,10,13826
2,10,179,2025,1,1,2,2,10,7572
2,9999,9999,2025,1,1,3,2,10,15232
2,9999,9999,2025,1,1,4,2,10,52508
2,3,180,2025,1,1,4,2,10,12847
2,10,179,2025,1,1,4,2,10,37533
2,9999,9999,2025,1,1,1,2,11,91041
2,3,180,2025,1,1,1,2,11,31069
2,10,179,2025,1,1,1,2,11,50577
2,9999,9999,2025,1,1,2,2,11,45397
2,3,180,2025,1,1,2,2,11,6258
2,10,179,2025,1,1,2,2,11,10204
2,9999,9999,2025,1,1,3,2,11,23796
2,10,179,2025,1,1,3,2,11,1613
2,9999,9999,2025,1,1,4,2,11,77354
2,3,180,2025,1,1,4,2,11,9057
2,10,179,2025,1,1,4,2,11,24185
2,9999,9999,2025,1,1,1,2,12,53212
2,3,180,2025,1,1,1,2,12,17057
2,10,179,2025,1,1,1,2,12,26828
2,9999,9999,2025,1,1,2,2,12,12481
2,3,180,2025,1,1,2,2,12,2696
2,10,179,2025,1,1,2,2,12,2811
2,9999,9999,2025,1,1,3,2,12,10901
2,10,179,2025,1,1,3,2,12,2286
2,9999,9999,2025,1,1,4,2,12,77455
2,3,180,2025,1,1,4,2,12,11733
2,10,179,2025,1,1,4,2,12,26602
2,9999,9999,2025,1,1,1,2,13,25666
2,3,180,2025,1,1,1,2,13,5964
2,10,179,2025,1,1,1,2,13,12217
2,9999,9999,2025,1,1,2,2,13,725
2,10,179,2025,1,1,2,2,13,556
2,9999,9999,2025,1,1,3,2,13,1593
2,9999,9999,2025,1,1,4,2,13,129616
2,3,180,2025,1,1,4,2,13,19755
2,10,179,2025,1,1,4,2,13,44743
3,9999,9999,2025,1,1,1,2,4,3950
3,15,202,2025,1,1,1,2,4,631
3,9999,9999,2025,1,1,2,2,4,7141
3,15,202,2025,1,1,2,2,4,2422
3,9999,9999,2025,1,1,3,2,4,2472
3,15,202,2025,1,1,3,2,4,1617
3,9999,9999,2025,1,1,4,2,4,167032
3,15,202,2025,1,1,4,2,4,67511
3,9999,9999,2025,1,1,1,2,5,26187
3,15,202,2025,1,1,1,2,5,12411
3,9999,9999,2025,1,1,2,2,5,67989
3,15,202,2025,1,1,2,2,5,20160
3,9999,9999,2025,1,1,3,2,5,16597
3,15,202,2025,1,1,3,2,5,2648
3,9999,9999,2025,1,1,4,2,5,86070
3,15,202,2025,1,1,4,2,5,30358
3,9999,9999,2025,1,1,1,2,6,52116
3,15,202,2025,1,1,1,2,6,26227
3,9999,9999,2025,1,1,2,2,6,69503
3,15,202,2025,1,1,2,2,6,16876
3,9999,9999,2025,1,1,3,2,6,13338
3,15,202,2025,1,1,3,2,6,8564
3,9999,9999,2025,1,1,4,2,6,22722
3,15,202,2025,1,1,4,2,6,13084
3,9999,9999,2025,1,1,1,2,7,73579
3,15,202,2025,1,1,1,2,7,44189
3,9999,9999,2025,1,1,2,2,7,51294
3,15,202,2025,1,1,2,2,7,25147
3,9999,9999,2025,1,1,3,2,7,19070
3,15,202,2025,1,1,3,2,7,5602
3,9999,9999,2025,1,1,4,2,7,17038
3,15,202,2025,1,1,4,2,7,6576
3,9999,9999,2025,1,1,1,2,8,90701
3,15,202,2025,1,1,1,2,8,38359
3,9999,9999,2025,1,1,2,2,8,42859
3,15,202,2025,1,1,2,2,8,13638
3,9999,9999,2025,1,1,3,2,8,10406
3,15,202,2025,1,1,3,2,8,6580
3,9999,9999,2025,1,1,4,2,8,12193
3,15,202,2025,1,1,4,2,8,4184
3,9999,9999,2025,1,1,1,2,9,72935
3,15,202,2025,1,1,1,2,9,36524
3,9999,9999,2025,1,1,2,2,9,41868
3,15,202,2025,1,1,2,2,9,6133
3,9999,9999,2025,1,1,3,2,9,11756
3,15,202,2025,1,1,3,2,9,1659
3,9999,9999,2025,1,1,4,2,9,16121
3,15,202,2025,1,1,4,2,9,7823
3,9999,9999,2025,1,1,1,2,10,71560
3,15,202,2025,1,1,1,2,10,29696
3,9999,9999,2025,1,1,2,2,10,41368
3,15,202,2025,1,1,2,2,10,11518
3,9999,9999,2025,1,1,3,2,10,5923
3,15,202,2025,1,1,3,2,10,2979
3,9999,9999,2025,1,1,4,2,10,15006
3,15,202,2025,1,1,4,2,10,4827
3,9999,9999,2025,1,1,1,2,11,58985
3,15,202,2025,1,1,1,2,11,34164
3,9999,9999,2025,1,1,2,2,11,17584
3,15,202,2025,1,1,2,2,11,11162
3,9999,9999,2025,1,1,3,2,11,9920
3,15,202,2025,1,1,3,2,11,940
3,9999,9999,2025,1,1,4,2,11,19005
3,15,202,2025,1,1,4,2,11,7681
3,9999,9999,2025,1,1,1,2,12,40519
3,15,202,2025,1,1,1,2,12,20714
3,9999,9999,2025,1,1,2,2,12,12394
3,15,202,2025,1,1,2,2,12,169
3,9999,9999,2025,1,1,3,2,12,4507
3,15,202,2025,1,1,3,2,12,1302
3,9999,9999,2025,1,1,4,2,12,20451
3,15,202,2025,1,1,4,2,12,12915
3,9999,9999,2025,1,1,1,2,13,15906
3,15,202,2025,1,1,1,2,13,4395
3,9999,9999,2025,1,1,2,2,13,657
3,9999,9999,2025,1,1,3,2,13,672
3,9999,9999,2025,1,1,4,2,13,54509
3,15,202,2025,1,1,4,2,13,16843
4,9999,9999,2025,1,1,1,2,4,5855
4,29,168,2025,1,1,1,2,4,6854
4,9999,9999,2025,1,1,2,2,4,41415
4,29,168,2025,1,1,2,2,4,12198
4,9999,9999,2025,1,1,3,2,4,12835
4,29,168,2025,1,1,3,2,4,11709
4,9999,9999,2025,1,1,4,2,4,752423
4,29,168,2025,1,1,4,2,4,207155
4,9999,9999,2025,1,1,1,2,5,67954
4,29,168,2025,1,1,1,2,5,72909
4,9999,9999,2025,1,1,2,2,5,188227
4,29,168,2025,1,1,2,2,5,57019
4,9999,9999,2025,1,1,3,2,5,114705
4,29,168,2025,1,1,3,2,5,65505
4,9999,9999,2025,1,1,4,2,5,325453
4,29,168,2025,1,1,4,2,5,110688
4,9999,9999,2025,1,1,1,2,6,209846
4,29,168,2025,1,1,1,2,6,140626
4,9999,9999,2025,1,1,2,2,6,222118
4,29,168,2025,1,1,2,2,6,82913
4,9999,9999,2025,1,1,3,2,6,132811
4,29,168,2025,1,1,3,2,6,58209
4,9999,9999,2025,1,1,4,2,6,167655
4,29,168,2025,1,1,4,2,6,54138
4,9999,9999,2025,1,1,1,2,7,292857
4,29,168,2025,1,1,1,2,7,195961
4,9999,9999,2025,1,1,2,2,7,188125
4,29,168,2025,1,1,2,2,7,66186
4,9999,9999,2025,1,1,3,2,7,106836
4,29,168,2025,1,1,3,2,7,47958
4,9999,9999,2025,1,1,4,2,7,131967
4,29,168,2025,1,1,4,2,7,50370
4,9999,9999,2025,1,1,1,2,8,206570
4,29,168,2025,1,1,1,2,8,232589
4,9999,9999,2025,1,1,2,2,8,130670
4,29,168,2025,1,1,2,2,8,50765
4,9999,9999,2025,1,1,3,2,8,80882
4,29,168,2025,1,1,3,2,8,55620
4,9999,9999,2025,1,1,4,2,8,82053
4,29,168,2025,1,1,4,2,8,36775
4,9999,9999,2025,1,1,1,2,9,243327
4,29,168,2025,1,1,1,2,9,223792
4,9999,9999,2025,1,1,2,2,9,89404
4,29,168,2025,1,1,2,2,9,40675
4,9999,9999,2025,1,1,3,2,9,45377
4,29,168,2025,1,1,3,2,9,35408
4,9999,9999,2025,1,1,4,2,9,83425
4,29,168,2025,1,1,4,2,9,40621
4,9999,9999,2025,1,1,1,2,10,178459
4,29,168,2025,1,1,1,2,10,175321
4,9999,9999,2025,1,1,2,2,10,65905
4,29,168,2025,1,1,2,2,10,24561
4,9999,9999,2025,1,1,3,2,10,41414
4,29,168,2025,1,1,3,2,10,25706
4,9999,9999,2025,1,1,4,2,10,80181
4,29,168,2025,1,1,4,2,10,49282
4,9999,9999,2025,1,1,1,2,11,153401
4,29,168,2025,1,1,1,2,11,123686
4,9999,9999,2025,1,1,2,2,11,33056
4,29,168,2025,1,1,2,2,11,13151
4,9999,9999,2025,1,1,3,2,11,30347
4,29,168,2025,1,1,3,2,11,10889
4,9999,9999,2025,1,1,4,2,11,89395
4,29,168,2025,1,1,4,2,11,36305
4,9999,9999,2025,1,1,1,2,12,89453
4,29,168,2025,1,1,1,2,12,92916
4,9999,9999,2025,1,1,2,2,12,14233
4,29,168,2025,1,1,2,2,12,5890
4,9999,9999,2025,1,1,3,2,12,10289
4,29,168,2025,1,1,3,2,12,20524
4,9999,9999,2025,1,1,4,2,12,110193
4,29,168,2025,1,1,4,2,12,47370
4,9999,9999,2025,1,1,1,2,13,39501
4,29,168,2025,1,1,1,2,13,36289
4,9999,9999,2025,1,1,2,2,13,1458
4,29,168,2025,1,1,3,2,13,3477
4,9999,9999,2025,1,1,3,2,13,826
4,9999,9999,2025,1,1,4,2,13,142432
4,29,168,2025,1,1,4,2,13,81977
5,9999,9999,2025,1,1,1,2,4,4490
5,9999,9999,2025,1,1,2,2,4,18560
5,9999,9999,2025,1,1,3,2,4,10802
5,9999,9999,2025,1,1,4,2,4,372964
5,9999,9999,2025,1,1,1,2,5,42844
5,9999,9999,2025,1,1,2,2,5,119856
5,9999,9999,2025,1,1,3,2,5,61812
5,9999,9999,2025,1,1,4,2,5,132929
5,9999,9999,2025,1,1,1,2,6,103843
5,9999,9999,2025,1,1,2,2,6,115258
5,9999,9999,2025,1,1,3,2,6,67508
5,9999,9999,2025,1,1,4,2,6,61311
5,9999,9999,2025,1,1,1,2,7,99442
5,9999,9999,2025,1,1,2,2,7,103331
5,9999,9999,2025,1,1,3,2,7,53177
5,9999,9999,2025,1,1,4,2,7,46315
5,9999,9999,2025,1,1,1,2,8,116277
5,9999,9999,2025,1,1,2,2,8,76596
5,9999,9999,2025,1,1,3,2,8,53933
5,9999,9999,2025,1,1,4,2,8,49562
5,9999,9999,2025,1,1,1,2,9,132063
5,9999,9999,2025,1,1,2,2,9,60911
5,9999,9999,2025,1,1,3,2,9,42312
5,9999,9999,2025,1,1,4,2,9,48357
5,9999,9999,2025,1,1,1,2,10,129617
5,9999,9999,2025,1,1,2,2,10,45640
5,9999,9999,2025,1,1,3,2,10,32807
5,9999,9999,2025,1,1,4,2,10,49600
5,9999,9999,2025,1,1,1,2,11,143716
5,9999,9999,2025,1,1,2,2,11,39658
5,9999,9999,2025,1,1,3,2,11,30320
5,9999,9999,2025,1,1,4,2,11,50603
5,9999,9999,2025,1,1,1,2,12,85883
5,9999,9999,2025,1,1,2,2,12,15232
5,9999,9999,2025,1,1,3,2,12,16999
5,9999,9999,2025,1,1,4,2,12,71087
5,9999,9999,2025,1,1,1,2,13,20595
5,9999,9999,2025,1,1,2,2,13,1029
5,9999,9999,2025,1,1,3,2,13,895
5,9999,9999,2025,1,1,4,2,13,97417
6,2,212,2025,1,1,1,2,4,5355
6,1,213,2025,1,1,1,2,4,2539
6,18,37,2025,1,1,1,2,4,3277
6,1,213,2025,1,1,2,2,4,10145
6,9999,9999,2025,1,1,2,2,4,9127
6,18,37,2025,1,1,2,2,4,26878
6,2,212,2025,1,1,2,2,4,20428
6,18,37,2025,1,1,3,2,4,6760
6,9999,9999,2025,1,1,3,2,4,1880
6,1,213,2025,1,1,3,2,4,7041
6,2,212,2025,1,1,3,2,4,3834
6,1,213,2025,1,1,4,2,4,253569
6,9999,9999,2025,1,1,4,2,4,128311
6,18,37,2025,1,1,4,2,4,294645
6,2,212,2025,1,1,4,2,4,359902
6,1,213,2025,1,1,1,2,5,53787
6,9999,9999,2025,1,1,1,2,5,26949
6,18,37,2025,1,1,1,2,5,43257
6,2,212,2025,1,1,1,2,5,104318
6,1,213,2025,1,1,2,2,5,72908
6,9999,9999,2025,1,1,2,2,5,79050
6,18,37,2025,1,1,2,2,5,91355
6,2,212,2025,1,1,2,2,5,168777
6,2,212,2025,1,1,3,2,5,27930
6,9999,9999,2025,1,1,3,2,5,16085
6,1,213,2025,1,1,3,2,5,31142
6,18,37,2025,1,1,3,2,5,21071
6,1,213,2025,1,1,4,2,5,148221
6,9999,9999,2025,1,1,4,2,5,58061
6,18,37,2025,1,1,4,2,5,159386
6,2,212,2025,1,1,4,2,5,171571
6,1,213,2025,1,1,1,2,6,153915
6,9999,9999,2025,1,1,1,2,6,74356
6,18,37,2025,1,1,1,2,6,137580
6,2,212,2025,1,1,1,2,6,235433
6,1,213,2025,1,1,2,2,6,120751
6,9999,9999,2025,1,1,2,2,6,91983
6,18,37,2025,1,1,2,2,6,124887
6,2,212,2025,1,1,2,2,6,208814
6,1,213,2025,1,1,3,2,6,32374
6,9999,9999,2025,1,1,3,2,6,9743
6,18,37,2025,1,1,3,2,6,13404
6,2,212,2025,1,1,3,2,6,21747
6,1,213,2025,1,1,4,2,6,66062
6,9999,9999,2025,1,1,4,2,6,13013
6,18,37,2025,1,1,4,2,6,41714
6,2,212,2025,1,1,4,2,6,76907
6,1,213,2025,1,1,1,2,7,179615
6,9999,9999,2025,1,1,1,2,7,88826
6,18,37,2025,1,1,1,2,7,168641
6,2,212,2025,1,1,1,2,7,283518
6,1,213,2025,1,1,2,2,7,93351
6,9999,9999,2025,1,1,2,2,7,68907
6,18,37,2025,1,1,2,2,7,115432
6,2,212,2025,1,1,2,2,7,161840
6,1,213,2025,1,1,3,2,7,39428
6,9999,9999,2025,1,1,3,2,7,11645
6,18,37,2025,1,1,3,2,7,16121
6,2,212,2025,1,1,3,2,7,14320
6,1,213,2025,1,1,4,2,7,43199
6,9999,9999,2025,1,1,4,2,7,10867
6,18,37,2025,1,1,4,2,7,33922
6,2,212,2025,1,1,4,2,7,41343
6,1,213,2025,1,1,1,2,8,192898
6,9999,9999,2025,1,1,1,2,8,90803
6,18,37,2025,1,1,1,2,8,213936
6,2,212,2025,1,1,1,2,8,357542
6,1,213,2025,1,1,2,2,8,95318
6,9999,9999,2025,1,1,2,2,8,71167
6,18,37,2025,1,1,2,2,8,88930
6,2,212,2025,1,1,2,2,8,165748
6,1,213,2025,1,1,3,2,8,40798
6,9999,9999,2025,1,1,3,2,8,18971
6,18,37,2025,1,1,3,2,8,9340
6,2,212,2025,1,1,3,2,8,29654
6,1,213,2025,1,1,4,2,8,52086
6,9999,9999,2025,1,1,4,2,8,14261
6,18,37,2025,1,1,4,2,8,31391
6,2,212,2025,1,1,4,2,8,58335
6,1,213,2025,1,1,1,2,9,206682
6,9999,9999,2025,1,1,1,2,9,91799
6,18,37,2025,1,1,1,2,9,209823
6,2,212,2025,1,1,1,2,9,331757
6,1,213,2025,1,1,2,2,9,76134
6,9999,9999,2025,1,1,2,2,9,50195
6,18,37,2025,1,1,2,2,9,73353
6,2,212,2025,1,1,2,2,9,130039
6,2,212,2025,1,1,3,2,9,12665
6,9999,9999,2025,1,1,3,2,9,8056
6,1,213,2025,1,1,3,2,9,23589
6,18,37,2025,1,1,3,2,9,11502
6,1,213,2025,1,1,4,2,9,36364
6,9999,9999,2025,1,1,4,2,9,6031
6,18,37,2025,1,1,4,2,9,23926
6,2,212,2025,1,1,4,2,9,54155
6,1,213,2025,1,1,1,2,10,149627
6,9999,9999,2025,1,1,1,2,10,80344
6,18,37,2025,1,1,1,2,10,195011
6,2,212,2025,1,1,1,2,10,296509
6,1,213,2025,1,1,2,2,10,45771
6,9999,9999,2025,1,1,2,2,10,40174
6,18,37,2025,1,1,2,2,10,44159
6,2,212,2025,1,1,2,2,10,72431
6,18,37,2025,1,1,3,2,10,7760
6,9999,9999,2025,1,1,3,2,10,11079
6,1,213,2025,1,1,3,2,10,13145
6,2,212,2025,1,1,3,2,10,19110
6,1,213,2025,1,1,4,2,10,45620
6,9999,9999,2025,1,1,4,2,10,10644
6,18,37,2025,1,1,4,2,10,29107
6,2,212,2025,1,1,4,2,10,22809
6,1,213,2025,1,1,1,2,11,116996
6,9999,9999,2025,1,1,1,2,11,96791
6,18,37,2025,1,1,1,2,11,163532
6,2,212,2025,1,1,1,2,11,188092
6,1,213,2025,1,1,2,2,11,46536
6,9999,9999,2025,1,1,2,2,11,24669
6,18,37,2025,1,1,2,2,11,53109
6,2,212,2025,1,1,2,2,11,63514
6,2,212,2025,1,1,3,2,11,20557
6,9999,9999,2025,1,1,3,2,11,4213
6,1,213,2025,1,1,3,2,11,18130
6,18,37,2025,1,1,3,2,11,12520
6,1,213,2025,1,1,4,2,11,52611
6,9999,9999,2025,1,1,4,2,11,16224
6,18,37,2025,1,1,4,2,11,22572
6,2,212,2025,1,1,4,2,11,51537
6,1,213,2025,1,1,1,2,12,98747
6,9999,9999,2025,1,1,1,2,12,60498
6,18,37,2025,1,1,1,2,12,92021
6,2,212,2025,1,1,1,2,12,128383
6,1,213,2025,1,1,2,2,12,15285
6,9999,9999,2025,1,1,2,2,12,18246
6,18,37,2025,1,1,2,2,12,21068
6,2,212,2025,1,1,2,2,12,38848
6,2,212,2025,1,1,3,2,12,14343
6,9999,9999,2025,1,1,3,2,12,5212
6,1,213,2025,1,1,3,2,12,11241
6,18,37,2025,1,1,3,2,12,7053
6,1,213,2025,1,1,4,2,12,51690
6,9999,9999,2025,1,1,4,2,12,19795
6,18,37,2025,1,1,4,2,12,35678
6,2,212,2025,1,1,4,2,12,65432
6,1,213,2025,1,1,1,2,13,46756
6,9999,9999,2025,1,1,1,2,13,22163
6,18,37,2025,1,1,1,2,13,52185
6,2,212,2025,1,1,1,2,13,46463
6,9999,9999,2025,1,1,2,2,13,1033
6,1,213,2025,1,1,2,2,13,1384
6,2,212,2025,1,1,2,2,13,2041
6,18,37,2025,1,1,2,2,13,4511
6,9999,9999,2025,1,1,3,2,13,1056
6,1,213,2025,1,1,3,2,13,4866
6,1,213,2025,1,1,4,2,13,112981
6,9999,9999,2025,1,1,4,2,13,57162
6,18,37,2025,1,1,4,2,13,98403
6,2,212,2025,1,1,4,2,13,150734
7,9999,9999,2025,1,1,1,2,4,12372
7,9999,9999,2025,1,1,2,2,4,17094
7,9999,9999,2025,1,1,3,2,4,9227
7,9999,9999,2025,1,1,4,2,4,376023
7,9999,9999,2025,1,1,1,2,5,78429
7,9999,9999,2025,1,1,2,2,5,139721
7,9999,9999,2025,1,1,3,2,5,70268
7,9999,9999,2025,1,1,4,2,5,147873
7,9999,9999,2025,1,1,1,2,6,153139
7,9999,9999,2025,1,1,2,2,6,145813
7,9999,9999,2025,1,1,3,2,6,89241
7,9999,9999,2025,1,1,4,2,6,43399
7,9999,9999,2025,1,1,1,2,7,184930
7,9999,9999,2025,1,1,2,2,7,112975
7,9999,9999,2025,1,1,3,2,7,52830
7,9999,9999,2025,1,1,4,2,7,38221
7,9999,9999,2025,1,1,1,2,8,192053
7,9999,9999,2025,1,1,2,2,8,84428
7,9999,9999,2025,1,1,3,2,8,70793
7,9999,9999,2025,1,1,4,2,8,31034
7,9999,9999,2025,1,1,1,2,9,208166
7,9999,9999,2025,1,1,2,2,9,55046
7,9999,9999,2025,1,1,3,2,9,40822
7,9999,9999,2025,1,1,4,2,9,26793
7,9999,9999,2025,1,1,1,2,10,152072
7,9999,9999,2025,1,1,2,2,10,49424
7,9999,9999,2025,1,1,3,2,10,37137
7,9999,9999,2025,1,1,4,2,10,42043
7,9999,9999,2025,1,1,1,2,11,114753
7,9999,9999,2025,1,1,2,2,11,39836
7,9999,9999,2025,1,1,3,2,11,28385
7,9999,9999,2025,1,1,4,2,11,44012
7,9999,9999,2025,1,1,1,2,12,84790
7,9999,9999,2025,1,1,2,2,12,17692
7,9999,9999,2025,1,1,3,2,12,19300
7,9999,9999,2025,1,1,4,2,12,48708
7,9999,9999,2025,1,1,1,2,13,30844
7,9999,9999,2025,1,1,2,2,13,2244
7,9999,9999,2025,1,1,3,2,13,1148
7,9999,9999,2025,1,1,4,2,13,105763
8,9999,9999,2025,1,1,1,2,4,5458
8,9999,9999,2025,1,1,2,2,4,8829
8,9999,9999,2025,1,1,3,2,4,20484
8,9999,9999,2025,1,1,4,2,4,495105
8,9999,9999,2025,1,1,1,2,5,68012
8,9999,9999,2025,1,1,2,2,5,133151
8,9999,9999,2025,1,1,3,2,5,98498
8,9999,9999,2025,1,1,4,2,5,223644
8,9999,9999,2025,1,1,1,2,6,184985
8,9999,9999,2025,1,1,2,2,6,168557
8,9999,9999,2025,1,1,3,2,6,104894
8,9999,9999,2025,1,1,4,2,6,82677
8,9999,9999,2025,1,1,1,2,7,268175
8,9999,9999,2025,1,1,2,2,7,137235
8,9999,9999,2025,1,1,3,2,7,97460
8,9999,9999,2025,1,1,4,2,7,52991
8,9999,9999,2025,1,1,1,2,8,209649
8,9999,9999,2025,1,1,2,2,8,105942
8,9999,9999,2025,1,1,3,2,8,70553
8,9999,9999,2025,1,1,4,2,8,47237
8,9999,9999,2025,1,1,1,2,9,226902
8,9999,9999,2025,1,1,2,2,9,69749
8,9999,9999,2025,1,1,3,2,9,45018
8,9999,9999,2025,1,1,4,2,9,57627
8,9999,9999,2025,1,1,1,2,10,194431
8,9999,9999,2025,1,1,2,2,10,52337
8,9999,9999,2025,1,1,3,2,10,47783
8,9999,9999,2025,1,1,4,2,10,44462
8,9999,9999,2025,1,1,1,2,11,160192
8,9999,9999,2025,1,1,2,2,11,41244
8,9999,9999,2025,1,1,3,2,11,49240
8,9999,9999,2025,1,1,4,2,11,57734
8,9999,9999,2025,1,1,1,2,12,124300
8,9999,9999,2025,1,1,2,2,12,23643
8,9999,9999,2025,1,1,3,2,12,23184
8,9999,9999,2025,1,1,4,2,12,67756
8,9999,9999,2025,1,1,1,2,13,45875
8,9999,9999,2025,1,1,2,2,13,1844
8,9999,9999,2025,1,1,3,2,13,1666
8,9999,9999,2025,1,1,4,2,13,155204
9,9999,9999,2025,1,1,1,2,4,636
9,9999,9999,2025,1,1,2,2,4,8617
9,9999,9999,2025,1,1,3,2,4,3506
9,9999,9999,2025,1,1,4,2,4,85923
9,9999,9999,2025,1,1,1,2,5,29194
9,9999,9999,2025,1,1,2,2,5,23091
9,9999,9999,2025,1,1,3,2,5,19850
9,9999,9999,2025,1,1,4,2,5,33585
9,9999,9999,2025,1,1,1,2,6,50257
9,9999,9999,2025,1,1,2,2,6,32143
9,9999,9999,2025,1,1,3,2,6,15077
9,9999,9999,2025,1,1,4,2,6,20112
9,9999,9999,2025,1,1,1,2,7,56756
9,9999,9999,2025,1,1,2,2,7,29803
9,9999,9999,2025,1,1,3,2,7,9674
9,9999,9999,2025,1,1,4,2,7,10505
9,9999,9999,2025,1,1,1,2,8,34742
9,9999,9999,2025,1,1,2,2,8,16674
9,9999,9999,2025,1,1,3,2,8,6291
9,9999,9999,2025,1,1,4,2,8,15841
9,9999,9999,2025,1,1,1,2,9,38890
9,9999,9999,2025,1,1,2,2,9,11911
9,9999,9999,2025,1,1,3,2,9,8335
9,9999,9999,2025,1,1,4,2,9,17934
9,9999,9999,2025,1,1,1,2,10,53528
9,9999,9999,2025,1,1,2,2,10,8428
9,9999,9999,2025,1,1,3,2,10,11435
9,9999,9999,2025,1,1,4,2,10,17050
9,9999,9999,2025,1,1,1,2,11,37505
9,9999,9999,2025,1,1,2,2,11,8207
9,9999,9999,2025,1,1,3,2,11,7986
9,9999,9999,2025,1,1,4,2,11,22199
9,9999,9999,2025,1,1,1,2,12,33196
9,9999,9999,2025,1,1,2,2,12,4373
9,9999,9999,2025,1,1,3,2,12,3006
9,9999,9999,2025,1,1,4,2,12,23920
9,9999,9999,2025,1,1,1,2,13,7891
9,9999,9999,2025,1,1,3,2,13,752
9,9999,9999,2025,1,1,4,2,13,25587
1,9999,9999,2025,1,1,1,3,1,285457
1,47,189,2025,1,1,1,3,1,772319
1,9999,9999,2025,1,1,2,3,1,90801
1,47,189,2025,1,1,2,3,1,297916
1,9999,9999,2025,1,1,3,3,1,4389
1,47,189,2025,1,1,3,3,1,21112
1,9999,9999,2025,1,1,4,3,1,132744
1,47,189,2025,1,1,4,3,1,363462
1,9999,9999,2025,1,1,1,3,2,585898
1,47,189,2025,1,1,1,3,2,663602
1,9999,9999,2025,1,1,2,3,2,88878
1,47,189,2025,1,1,2,3,2,205351
1,9999,9999,2025,1,1,3,3,2,87100
1,47,189,2025,1,1,3,3,2,14538
1,9999,9999,2025,1,1,4,3,2,340099
1,47,189,2025,1,1,4,3,2,375971
1,47,189,2025,1,1,1,3,3,39884
1,47,189,2025,1,1,2,3,3,1850
1,9999,9999,2025,1,1,4,3,3,1291
1,47,189,2025,1,1,4,3,3,24842
1,9999,9999,2025,1,1,1,3,4,162499
1,47,189,2025,1,1,1,3,4,351376
1,9999,9999,2025,1,1,2,3,4,5944
1,47,189,2025,1,1,2,3,4,6069
1,9999,9999,2025,1,1,3,3,4,593
1,9999,9999,2025,1,1,4,3,4,67941
1,47,189,2025,1,1,4,3,4,116283
2,9999,9999,2025,1,1,1,3,1,662294
2,3,180,2025,1,1,1,3,1,231764
2,10,179,2025,1,1,1,3,1,169356
2,9999,9999,2025,1,1,2,3,1,608881
2,3,180,2025,1,1,2,3,1,141439
2,10,179,2025,1,1,2,3,1,81796
2,9999,9999,2025,1,1,3,3,1,244661
2,3,180,2025,1,1,3,3,1,4191
2,10,179,2025,1,1,3,3,1,14616
2,9999,9999,2025,1,1,4,3,1,1400485
2,3,180,2025,1,1,4,3,1,139413
2,10,179,2025,1,1,4,3,1,240727
2,9999,9999,2025,1,1,1,3,2,54409
2,3,180,2025,1,1,1,3,2,2512
2,10,179,2025,1,1,1,3,2,110861
2,9999,9999,2025,1,1,2,3,2,21368
2,3,180,2025,1,1,2,3,2,6279
2,10,179,2025,1,1,2,3,2,25038
2,9999,9999,2025,1,1,3,3,2,29948
2,9999,9999,2025,1,1,4,3,2,72556
2,3,180,2025,1,1,4,3,2,14213
2,10,179,2025,1,1,4,3,2,90264
2,9999,9999,2025,1,1,1,3,3,4271
2,3,180,2025,1,1,1,3,3,4547
2,10,179,2025,1,1,1,3,3,12378
2,3,180,2025,1,1,2,3,3,1368
2,10,179,2025,1,1,2,3,3,556
2,3,180,2025,1,1,4,3,3,1740
2,10,179,2025,1,1,4,3,3,9214
2,9999,9999,2025,1,1,1,3,4,22247
2,3,180,2025,1,1,1,3,4,13034
2,10,179,2025,1,1,1,3,4,85032
2,3,180,2025,1,1,2,3,4,989
2,10,179,2025,1,1,2,3,4,888
2,9999,9999,2025,1,1,4,3,4,5145
2,3,180,2025,1,1,4,3,4,3885
2,10,179,2025,1,1,4,3,4,59676
3,9999,9999,2025,1,1,1,3,1,452139
3,15,202,2025,1,1,1,3,1,217312
3,9999,9999,2025,1,1,2,3,1,340696
3,15,202,2025,1,1,2,3,1,101167
3,9999,9999,2025,1,1,3,3,1,93582
3,15,202,2025,1,1,3,3,1,31890
3,9999,9999,2025,1,1,4,3,1,377221
3,15,202,2025,1,1,4,3,1,157975
3,9999,9999,2025,1,1,1,3,2,6539
3,15,202,2025,1,1,1,3,2,4244
3,9999,9999,2025,1,1,2,3,2,7283
3,15,202,2025,1,1,2,3,2,3383
3,9999,9999,2025,1,1,4,3,2,9567
3,15,202,2025,1,1,4,3,2,3038
3,9999,9999,2025,1,1,1,3,3,4403
3,9999,9999,2025,1,1,4,3,3,5053
3,9999,9999,2025,1,1,1,3,4,43355
3,15,202,2025,1,1,1,3,4,25755
3,9999,9999,2025,1,1,2,3,4,4677
3,15,202,2025,1,1,2,3,4,2675
3,9999,9999,2025,1,1,3,3,4,1080
3,9999,9999,2025,1,1,4,3,4,38305
3,15,202,2025,1,1,4,3,4,10789
4,9999,9999,2025,1,1,1,3,1,1400177
4,29,168,2025,1,1,1,3,1,988914
4,9999,9999,2025,1,1,2,3,1,943922
4,29,168,2025,1,1,2,3,1,312544
4,9999,9999,2025,1,1,3,3,1,572706
4,29,168,2025,1,1,3,3,1,293073
4,9999,9999,2025,1,1,4,3,1,1905141
4,29,168,2025,1,1,4,3,1,524888
4,9999,9999,2025,1,1,1,3,2,5575
4,29,168,2025,1,1,1,3,2,19147
4,9999,9999,2025,1,1,2,3,2,7376
4,29,168,2025,1,1,2,3,2,3153
4,9999,9999,2025,1,1,3,3,2,655
4,29,168,2025,1,1,3,3,2,13491
4,9999,9999,2025,1,1,4,3,2,11320
4,29,168,2025,1,1,4,3,2,15157
4,9999,9999,2025,1,1,1,3,3,37718
4,29,168,2025,1,1,1,3,3,224246
4,9999,9999,2025,1,1,2,3,3,13665
4,29,168,2025,1,1,2,3,3,34299
4,9999,9999,2025,1,1,3,3,3,401
4,29,168,2025,1,1,3,3,3,28440
4,9999,9999,2025,1,1,4,3,3,24982
4,29,168,2025,1,1,4,3,3,152621
4,9999,9999,2025,1,1,1,3,4,43752
4,29,168,2025,1,1,1,3,4,68637
4,9999,9999,2025,1,1,2,3,4,9646
4,29,168,2025,1,1,2,3,4,3363
4,9999,9999,2025,1,1,3,3,4,2560
4,9999,9999,2025,1,1,4,3,4,23734
4,29,168,2025,1,1,4,3,4,22013
5,9999,9999,2025,1,1,1,3,1,789287
5,9999,9999,2025,1,1,2,3,1,574671
5,9999,9999,2025,1,1,3,3,1,352326
5,9999,9999,2025,1,1,4,3,1,926037
5,9999,9999,2025,1,1,1,3,2,23616
5,9999,9999,2025,1,1,2,3,2,16350
5,9999,9999,2025,1,1,3,3,2,14949
5,9999,9999,2025,1,1,4,3,2,11338
5,9999,9999,2025,1,1,1,3,3,22228
5,9999,9999,2025,1,1,3,3,3,2979
5,9999,9999,2025,1,1,4,3,3,13200
5,9999,9999,2025,1,1,1,3,4,43639
5,9999,9999,2025,1,1,2,3,4,5051
5,9999,9999,2025,1,1,3,3,4,313
5,9999,9999,2025,1,1,4,3,4,29571
6,1,213,2025,1,1,1,3,1,945756
6,9999,9999,2025,1,1,1,3,1,520548
6,18,37,2025,1,1,1,3,1,964582
6,2,212,2025,1,1,1,3,1,1614555
6,1,213,2025,1,1,2,3,1,554584
6,9999,9999,2025,1,1,2,3,1,424735
6,18,37,2025,1,1,2,3,1,597931
6,2,212,2025,1,1,2,3,1,932805
6,1,213,2025,1,1,3,3,1,202625
6,9999,9999,2025,1,1,3,3,1,73416
6,18,37,2025,1,1,3,3,1,101050
6,2,212,2025,1,1,3,3,1,155645
6,1,213,2025,1,1,4,3,1,748401
6,9999,9999,2025,1,1,4,3,1,288753
6,18,37,2025,1,1,4,3,1,565754
6,2,212,2025,1,1,4,3,1,823666
6,1,213,2025,1,1,1,3,2,24436
6,9999,9999,2025,1,1,1,3,2,8190
6,18,37,2025,1,1,1,3,2,28313
6,2,212,2025,1,1,1,3,2,66303
6,1,213,2025,1,1,2,3,2,4257
6,9999,9999,2025,1,1,2,3,2,5477
6,18,37,2025,1,1,2,3,2,5782
6,2,212,2025,1,1,2,3,2,71109
6,9999,9999,2025,1,1,3,3,2,4585
6,1,213,2025,1,1,3,3,2,9073
6,18,37,2025,1,1,3,3,2,682
6,2,212,2025,1,1,3,3,2,3502
6,1,213,2025,1,1,4,3,2,15635
6,9999,9999,2025,1,1,4,3,2,2118
6,18,37,2025,1,1,4,3,2,15214
6,2,212,2025,1,1,4,3,2,55908
6,18,37,2025,1,1,1,3,3,37811
6,9999,9999,2025,1,1,1,3,3,12449
6,1,213,2025,1,1,1,3,3,29084
6,2,212,2025,1,1,1,3,3,110995
6,9999,9999,2025,1,1,2,3,3,3415
6,1,213,2025,1,1,2,3,3,7910
6,2,212,2025,1,1,2,3,3,11500
6,18,37,2025,1,1,2,3,3,11216
6,9999,9999,2025,1,1,3,3,3,2351
6,1,213,2025,1,1,3,3,3,255
6,2,212,2025,1,1,3,3,3,2805
6,18,37,2025,1,1,3,3,3,1772
6,9999,9999,2025,1,1,4,3,3,8180
6,1,213,2025,1,1,4,3,3,26283
6,2,212,2025,1,1,4,3,3,59048
6,18,37,2025,1,1,4,3,3,31741
6,1,213,2025,1,1,1,3,4,202284
6,9999,9999,2025,1,1,1,3,4,91343
6,18,37,2025,1,1,1,3,4,248557
6,2,212,2025,1,1,1,3,4,185517
6,2,212,2025,1,1,2,3,4,17065
6,9999,9999,2025,1,1,2,3,4,20925
6,1,213,2025,1,1,2,3,4,10832
6,18,37,2025,1,1,2,3,4,28755
6,9999,9999,2025,1,1,3,3,4,7589
6,1,213,2025,1,1,3,3,4,9800
6,2,212,2025,1,1,3,3,4,2208
6,18,37,2025,1,1,3,3,4,2026
6,1,213,2025,1,1,4,3,4,72084
6,9999,9999,2025,1,1,4,3,4,35319
6,18,37,2025,1,1,4,3,4,158035
6,2,212,2025,1,1,4,3,4,114104
7,9999,9999,2025,1,1,1,3,1,1105432
7,9999,9999,2025,1,1,2,3,1,657257
7,9999,9999,2025,1,1,3,3,1,419150
7,9999,9999,2025,1,1,4,3,1,865954
7,9999,9999,2025,1,1,1,3,2,2608
7,9999,9999,2025,1,1,2,3,2,1888
7,9999,9999,2025,1,1,4,3,2,2111
7,9999,9999,2025,1,1,1,3,3,15877
7,9999,9999,2025,1,1,4,3,3,9030
7,9999,9999,2025,1,1,1,3,4,87631
7,9999,9999,2025,1,1,2,3,4,5129
7,9999,9999,2025,1,1,4,3,4,26774
8,9999,9999,2025,1,1,1,3,1,1426935
8,9999,9999,2025,1,1,2,3,1,726879
8,9999,9999,2025,1,1,3,3,1,558780
8,9999,9999,2025,1,1,4,3,1,1261199
8,9999,9999,2025,1,1,1,3,2,3400
8,9999,9999,2025,1,1,4,3,2,850
8,9999,9999,2025,1,1,1,3,3,2317
8,9999,9999,2025,1,1,2,3,3,639
8,9999,9999,2025,1,1,4,3,3,4477
8,9999,9999,2025,1,1,1,3,4,55327
8,9999,9999,2025,1,1,2,3,4,15013
8,9999,9999,2025,1,1,4,3,4,17911
9,9999,9999,2025,1,1,1,3,1,179832
9,9999,9999,2025,1,1,2,3,1,81290
9,9999,9999,2025,1,1,3,3,1,50371
9,9999,9999,2025,1,1,4,3,1,158469
9,9999,9999,2025,1,1,1,3,2,120252
9,9999,9999,2025,1,1,2,3,2,60166
9,9999,9999,2025,1,1,3,3,2,35540
9,9999,9999,2025,1,1,4,3,2,107506
9,9999,9999,2025,1,1,1,3,3,4231
9,9999,9999,2025,1,1,1,3,4,38280
9,9999,9999,2025,1,1,2,3,4,1791
9,9999,9999,2025,1,1,4,3,4,6682
1,9999,9999,2025,1,1,1,4,1,385342
1,47,189,2025,1,1,1,4,1,822506
1,9999,9999,2025,1,1,2,4,1,31666
1,47,189,2025,1,1,2,4,1,100806
1,9999,9999,2025,1,1,3,4,1,16715
1,47,189,2025,1,1,3,4,1,8711
1,9999,9999,2025,1,1,4,4,1,135023
1,47,189,2025,1,1,4,4,1,235360
1,9999,9999,2025,1,1,1,4,2,168895
1,47,189,2025,1,1,1,4,2,190517
1,9999,9999,2025,1,1,2,4,2,28583
1,47,189,2025,1,1,2,4,2,52564
1,9999,9999,2025,1,1,3,4,2,8367
1,47,189,2025,1,1,3,4,2,3606
1,9999,9999,2025,1,1,4,4,2,63987
1,47,189,2025,1,1,4,4,2,52825
1,9999,9999,2025,1,1,1,4,3,18370
1,47,189,2025,1,1,1,4,3,35248
1,9999,9999,2025,1,1,2,4,3,5179
1,47,189,2025,1,1,2,4,3,1304
1,9999,9999,2025,1,1,4,4,3,19530
1,47,189,2025,1,1,4,4,3,28370
1,9999,9999,2025,1,1,1,4,4,33112
1,47,189,2025,1,1,1,4,4,77002
1,9999,9999,2025,1,1,2,4,4,4672
1,47,189,2025,1,1,2,4,4,17487
1,9999,9999,2025,1,1,3,4,4,2311
1,9999,9999,2025,1,1,4,4,4,7713
1,47,189,2025,1,1,4,4,4,23871
1,9999,9999,2025,1,1,1,4,5,428135
1,47,189,2025,1,1,1,4,5,701908
1,9999,9999,2025,1,1,2,4,5,115523
1,47,189,2025,1,1,2,4,5,339025
1,9999,9999,2025,1,1,3,4,5,64689
1,47,189,2025,1,1,3,4,5,23333
1,9999,9999,2025,1,1,4,4,5,315822
1,47,189,2025,1,1,4,4,5,540131
2,9999,9999,2025,1,1,1,4,1,213647
2,3,180,2025,1,1,1,4,1,89199
2,10,179,2025,1,1,1,4,1,171347
2,9999,9999,2025,1,1,2,4,1,75477
2,3,180,2025,1,1,2,4,1,15715
2,10,179,2025,1,1,2,4,1,10963
2,9999,9999,2025,1,1,3,4,1,31349
2,9999,9999,2025,1,1,4,4,1,193572
2,3,180,2025,1,1,4,4,1,22290
2,10,179,2025,1,1,4,4,1,82575
2,9999,9999,2025,1,1,1,4,2,55143
2,3,180,2025,1,1,1,4,2,35456
2,10,179,2025,1,1,1,4,2,57752
2,9999,9999,2025,1,1,2,4,2,25062
2,3,180,2025,1,1,2,4,2,14381
2,10,179,2025,1,1,2,4,2,13328
2,9999,9999,2025,1,1,3,4,2,12895
2,3,180,2025,1,1,3,4,2,1001
2,9999,9999,2025,1,1,4,4,2,39198
2,3,180,2025,1,1,4,4,2,4900
2,10,179,2025,1,1,4,4,2,28200
2,9999,9999,2025,1,1,1,4,3,29709
2,3,180,2025,1,1,1,4,3,2982
2,10,179,2025,1,1,1,4,3,4104
2,9999,9999,2025,1,1,2,4,3,10042
2,3,180,2025,1,1,2,4,3,500
2,10,179,2025,1,1,2,4,3,2206
2,9999,9999,2025,1,1,3,4,3,6033
2,9999,9999,2025,1,1,4,4,3,77554
2,3,180,2025,1,1,4,4,3,6360
2,10,179,2025,1,1,4,4,3,9387
2,9999,9999,2025,1,1,1,4,4,18980
2,3,180,2025,1,1,1,4,4,5870
2,10,179,2025,1,1,1,4,4,16065
2,9999,9999,2025,1,1,2,4,4,11543
2,3,180,2025,1,1,2,4,4,3943
2,10,179,2025,1,1,2,4,4,809
2,9999,9999,2025,1,1,3,4,4,4648
2,9999,9999,2025,1,1,4,4,4,27479
2,3,180,2025,1,1,4,4,4,2443
2,10,179,2025,1,1,4,4,4,13408
2,9999,9999,2025,1,1,1,4,5,425741
2,3,180,2025,1,1,1,4,5,118350
2,10,179,2025,1,1,1,4,5,128357
2,9999,9999,2025,1,1,2,4,5,508126
2,3,180,2025,1,1,2,4,5,115536
2,10,179,2025,1,1,2,4,5,80972
2,9999,9999,2025,1,1,3,4,5,219683
2,3,180,2025,1,1,3,4,5,3190
2,10,179,2025,1,1,3,4,5,14616
2,9999,9999,2025,1,1,4,4,5,1140382
2,3,180,2025,1,1,4,4,5,123258
2,10,179,2025,1,1,4,4,5,266313
3,9999,9999,2025,1,1,1,4,1,160216
3,15,202,2025,1,1,1,4,1,101359
3,9999,9999,2025,1,1,2,4,1,36516
3,15,202,2025,1,1,2,4,1,17063
3,9999,9999,2025,1,1,3,4,1,16378
3,15,202,2025,1,1,3,4,1,4419
3,9999,9999,2025,1,1,4,4,1,70643
3,15,202,2025,1,1,4,4,1,28832
3,9999,9999,2025,1,1,1,4,2,79486
3,15,202,2025,1,1,1,4,2,29119
3,9999,9999,2025,1,1,2,4,2,42511
3,15,202,2025,1,1,2,4,2,8628
3,9999,9999,2025,1,1,3,4,2,14084
3,15,202,2025,1,1,3,4,2,3786
3,9999,9999,2025,1,1,4,4,2,21717
3,15,202,2025,1,1,4,4,2,5538
3,9999,9999,2025,1,1,1,4,3,21639
3,15,202,2025,1,1,1,4,3,10509
3,9999,9999,2025,1,1,2,4,3,6921
3,15,202,2025,1,1,2,4,3,464
3,9999,9999,2025,1,1,3,4,3,3088
3,15,202,2025,1,1,3,4,3,2819
3,9999,9999,2025,1,1,4,4,3,25953
3,15,202,2025,1,1,4,4,3,10443
3,9999,9999,2025,1,1,1,4,4,25761
3,15,202,2025,1,1,1,4,4,12454
3,9999,9999,2025,1,1,2,4,4,7042
3,15,202,2025,1,1,2,4,4,4082
3,9999,9999,2025,1,1,3,4,4,1130
3,15,202,2025,1,1,3,4,4,1472
3,9999,9999,2025,1,1,4,4,4,6476
3,15,202,2025,1,1,4,4,4,4326
3,9999,9999,2025,1,1,1,4,5,219334
3,15,202,2025,1,1,1,4,5,93870
3,9999,9999,2025,1,1,2,4,5,259665
3,15,202,2025,1,1,2,4,5,76988
3,9999,9999,2025,1,1,3,4,5,59981
3,15,202,2025,1,1,3,4,5,19395
3,9999,9999,2025,1,1,4,4,5,305357
3,15,202,2025,1,1,4,4,5,122663
4,9999,9999,2025,1,1,1,4,1,289347
4,29,168,2025,1,1,1,4,1,395264
4,9999,9999,2025,1,1,2,4,1,49839
4,29,168,2025,1,1,2,4,1,24847
4,9999,9999,2025,1,1,3,4,1,30092
4,29,168,2025,1,1,3,4,1,26557
4,9999,9999,2025,1,1,4,4,1,170627
4,29,168,2025,1,1,4,4,1,140532
4,9999,9999,2025,1,1,1,4,2,155877
4,29,168,2025,1,1,1,4,2,102861
4,9999,9999,2025,1,1,2,4,2,51680
4,29,168,2025,1,1,2,4,2,15670
4,9999,9999,2025,1,1,3,4,2,29384
4,29,168,2025,1,1,3,4,2,19898
4,9999,9999,2025,1,1,4,4,2,106510
4,29,168,2025,1,1,4,4,2,32276
4,9999,9999,2025,1,1,1,4,3,46979
4,29,168,2025,1,1,1,4,3,22360
4,9999,9999,2025,1,1,2,4,3,5179
4,29,168,2025,1,1,2,4,3,2514
4,9999,9999,2025,1,1,3,4,3,2026
4,29,168,2025,1,1,3,4,3,4205
4,9999,9999,2025,1,1,4,4,3,71017
4,29,168,2025,1,1,4,4,3,32384
4,9999,9999,2025,1,1,1,4,4,13217
4,29,168,2025,1,1,1,4,4,21711
4,9999,9999,2025,1,1,2,4,4,8627
4,29,168,2025,1,1,2,4,4,3422
4,29,168,2025,1,1,3,4,4,2552
4,9999,9999,2025,1,1,3,4,4,2235
4,9999,9999,2025,1,1,4,4,4,7593
4,29,168,2025,1,1,4,4,4,6138
4,9999,9999,2025,1,1,1,4,5,981803
4,29,168,2025,1,1,1,4,5,758747
4,9999,9999,2025,1,1,2,4,5,859285
4,29,168,2025,1,1,2,4,5,306905
4,9999,9999,2025,1,1,3,4,5,512584
4,29,168,2025,1,1,3,4,5,281793
4,9999,9999,2025,1,1,4,4,5,1609431
4,29,168,2025,1,1,4,4,5,503349
5,9999,9999,2025,1,1,1,4,1,321404
5,9999,9999,2025,1,1,2,4,1,64183
5,9999,9999,2025,1,1,3,4,1,32022
5,9999,9999,2025,1,1,4,4,1,137782
5,9999,9999,2025,1,1,1,4,2,142284
5,9999,9999,2025,1,1,2,4,2,68925
5,9999,9999,2025,1,1,3,4,2,51347
5,9999,9999,2025,1,1,4,4,2,83517
5,9999,9999,2025,1,1,1,4,3,11903
5,9999,9999,2025,1,1,2,4,3,8104
5,9999,9999,2025,1,1,3,4,3,3836
5,9999,9999,2025,1,1,4,4,3,32599
5,9999,9999,2025,1,1,1,4,4,18941
5,9999,9999,2025,1,1,2,4,4,7816
5,9999,9999,2025,1,1,3,4,4,4309
5,9999,9999,2025,1,1,4,4,4,12940
5,9999,9999,2025,1,1,1,4,5,384237
5,9999,9999,2025,1,1,2,4,5,447043
5,9999,9999,2025,1,1,3,4,5,279053
5,9999,9999,2025,1,1,4,4,5,713307
6,1,213,2025,1,1,1,4,1,404532
6,9999,9999,2025,1,1,1,4,1,224008
6,18,37,2025,1,1,1,4,1,558634
6,2,212,2025,1,1,1,4,1,702689
6,1,213,2025,1,1,2,4,1,68156
6,9999,9999,2025,1,1,2,4,1,49905
6,18,37,2025,1,1,2,4,1,98380
6,2,212,2025,1,1,2,4,1,127666
6,18,37,2025,1,1,3,4,1,11967
6,9999,9999,2025,1,1,3,4,1,9413
6,1,213,2025,1,1,3,4,1,19975
6,2,212,2025,1,1,3,4,1,24553
6,1,213,2025,1,1,4,4,1,137833
6,9999,9999,2025,1,1,4,4,1,48772
6,18,37,2025,1,1,4,4,1,147827
6,2,212,2025,1,1,4,4,1,205906
6,1,213,2025,1,1,1,4,2,218433
6,9999,9999,2025,1,1,1,4,2,88978
6,18,37,2025,1,1,1,4,2,166354
6,2,212,2025,1,1,1,4,2,316660
6,1,213,2025,1,1,2,4,2,77149
6,9999,9999,2025,1,1,2,4,2,79060
6,18,37,2025,1,1,2,4,2,79806
6,2,212,2025,1,1,2,4,2,152042
6,2,212,2025,1,1,3,4,2,13919
6,9999,9999,2025,1,1,3,4,2,11094
6,1,213,2025,1,1,3,4,2,35978
6,18,37,2025,1,1,3,4,2,5116
6,1,213,2025,1,1,4,4,2,54599
6,9999,9999,2025,1,1,4,4,2,24723
6,18,37,2025,1,1,4,4,2,30417
6,2,212,2025,1,1,4,4,2,59404
6,1,213,2025,1,1,1,4,3,12392
6,9999,9999,2025,1,1,1,4,3,10302
6,18,37,2025,1,1,1,4,3,23930
6,2,212,2025,1,1,1,4,3,23936
6,1,213,2025,1,1,2,4,3,3515
6,9999,9999,2025,1,1,2,4,3,4944
6,18,37,2025,1,1,2,4,3,4908
6,2,212,2025,1,1,2,4,3,1792
6,9999,9999,2025,1,1,3,4,3,745
6,1,213,2025,1,1,3,4,3,3887
6,2,212,2025,1,1,3,4,3,1853
6,1,213,2025,1,1,4,4,3,24933
6,9999,9999,2025,1,1,4,4,3,14914
6,18,37,2025,1,1,4,4,3,14716
6,2,212,2025,1,1,4,4,3,39415
6,1,213,2025,1,1,1,4,4,27443
6,9999,9999,2025,1,1,1,4,4,18214
6,18,37,2025,1,1,1,4,4,43439
6,2,212,2025,1,1,1,4,4,49818
6,1,213,2025,1,1,2,4,4,8741
6,9999,9999,2025,1,1,2,4,4,9321
6,18,37,2025,1,1,2,4,4,9917
6,2,212,2025,1,1,2,4,4,19184
6,9999,9999,2025,1,1,3,4,4,2522
6,2,212,2025,1,1,3,4,4,1385
6,1,213,2025,1,1,3,4,4,1544
6,18,37,2025,1,1,3,4,4,2526
6,1,213,2025,1,1,4,4,4,11188
6,9999,9999,2025,1,1,4,4,4,4749
6,18,37,2025,1,1,4,4,4,16853
6,2,212,2025,1,1,4,4,4,28450
6,1,213,2025,1,1,1,4,5,538761
6,9999,9999,2025,1,1,1,4,5,291028
6,18,37,2025,1,1,1,4,5,486906
6,2,212,2025,1,1,1,4,5,884267
6,1,213,2025,1,1,2,4,5,420022
6,9999,9999,2025,1,1,2,4,5,311320
6,18,37,2025,1,1,2,4,5,450672
6,2,212,2025,1,1,2,4,5,731795
6,1,213,2025,1,1,3,4,5,160370
6,9999,9999,2025,1,1,3,4,5,64167
6,18,37,2025,1,1,3,4,5,85921
6,2,212,2025,1,1,3,4,5,122449
6,1,213,2025,1,1,4,4,5,633850
6,9999,9999,2025,1,1,4,4,5,241211
6,18,37,2025,1,1,4,4,5,560931
6,2,212,2025,1,1,4,4,5,719551
7,9999,9999,2025,1,1,1,4,1,392162
7,9999,9999,2025,1,1,2,4,1,56993
7,9999,9999,2025,1,1,3,4,1,59218
7,9999,9999,2025,1,1,4,4,1,125659
7,9999,9999,2025,1,1,1,4,2,166789
7,9999,9999,2025,1,1,2,4,2,76096
7,9999,9999,2025,1,1,3,4,2,46492
7,9999,9999,2025,1,1,4,4,2,41550
7,9999,9999,2025,1,1,1,4,3,30664
7,9999,9999,2025,1,1,2,4,3,8302
7,9999,9999,2025,1,1,3,4,3,6935
7,9999,9999,2025,1,1,4,4,3,45168
7,9999,9999,2025,1,1,1,4,4,34434
7,9999,9999,2025,1,1,2,4,4,19714
7,9999,9999,2025,1,1,3,4,4,5323
7,9999,9999,2025,1,1,4,4,4,15665
7,9999,9999,2025,1,1,1,4,5,587498
7,9999,9999,2025,1,1,2,4,5,503169
7,9999,9999,2025,1,1,3,4,5,301182
7,9999,9999,2025,1,1,4,4,5,675828
8,9999,9999,2025,1,1,1,4,1,565114
8,9999,9999,2025,1,1,2,4,1,130660
8,9999,9999,2025,1,1,3,4,1,70766
8,9999,9999,2025,1,1,4,4,1,205387
8,9999,9999,2025,1,1,1,4,2,120670
8,9999,9999,2025,1,1,2,4,2,49229
8,9999,9999,2025,1,1,3,4,2,34417
8,9999,9999,2025,1,1,4,4,2,37812
8,9999,9999,2025,1,1,1,4,3,53347
8,9999,9999,2025,1,1,2,4,3,14580
8,9999,9999,2025,1,1,3,4,3,8466
8,9999,9999,2025,1,1,4,4,3,61424
8,9999,9999,2025,1,1,1,4,4,45078
8,9999,9999,2025,1,1,2,4,4,13968
8,9999,9999,2025,1,1,3,4,4,10753
8,9999,9999,2025,1,1,4,4,4,25487
8,9999,9999,2025,1,1,1,4,5,703770
8,9999,9999,2025,1,1,2,4,5,534094
8,9999,9999,2025,1,1,3,4,5,434378
8,9999,9999,2025,1,1,4,4,5,954327
9,9999,9999,2025,1,1,1,4,1,98881
9,9999,9999,2025,1,1,2,4,1,14968
9,9999,9999,2025,1,1,3,4,1,7609
9,9999,9999,2025,1,1,4,4,1,39317
9,9999,9999,2025,1,1,1,4,2,73607
9,9999,9999,2025,1,1,2,4,2,16014
9,9999,9999,2025,1,1,3,4,2,12353
9,9999,9999,2025,1,1,4,4,2,24755
9,9999,9999,2025,1,1,1,4,3,5927
9,9999,9999,2025,1,1,2,4,3,2517
9,9999,9999,2025,1,1,3,4,3,572
9,9999,9999,2025,1,1,4,4,3,8824
9,9999,9999,2025,1,1,1,4,4,10322
9,9999,9999,2025,1,1,2,4,4,1247
9,9999,9999,2025,1,1,3,4,4,1669
9,9999,9999,2025,1,1,4,4,4,5211
9,9999,9999,2025,1,1,1,4,5,153859
9,9999,9999,2025,1,1,2,4,5,108501
9,9999,9999,2025,1,1,3,4,5,63708
9,9999,9999,2025,1,1,4,4,5,194550
1,9999,9999,2025,1,1,1,5,1,4309
1,47,189,2025,1,1,1,5,1,3371
1,47,189,2025,1,1,2,5,1,1504
1,9999,9999,2025,1,1,3,5,1,2155
1,9999,9999,2025,1,1,4,5,1,10640
1,47,189,2025,1,1,4,5,1,12611
1,9999,9999,2025,1,1,1,5,2,62312
1,47,189,2025,1,1,1,5,2,23380
1,9999,9999,2025,1,1,2,5,2,8563
1,47,189,2025,1,1,2,5,2,16829
1,9999,9999,2025,1,1,3,5,2,4992
1,47,189,2025,1,1,3,5,2,1975
1,9999,9999,2025,1,1,4,5,2,39924
1,47,189,2025,1,1,4,5,2,32171
1,9999,9999,2025,1,1,1,5,3,44048
1,47,189,2025,1,1,1,5,3,21990
1,9999,9999,2025,1,1,2,5,3,3302
1,47,189,2025,1,1,2,5,3,14149
1,9999,9999,2025,1,1,3,5,3,3562
1,9999,9999,2025,1,1,4,5,3,53552
1,47,189,2025,1,1,4,5,3,37836
1,9999,9999,2025,1,1,1,5,4,384139
1,47,189,2025,1,1,1,5,4,467948
1,9999,9999,2025,1,1,2,5,4,93801
1,47,189,2025,1,1,2,5,4,246443
1,9999,9999,2025,1,1,3,5,4,48943
1,47,189,2025,1,1,3,5,4,21010
1,9999,9999,2025,1,1,4,5,4,271442
1,47,189,2025,1,1,4,5,4,429513
1,9999,9999,2025,1,1,1,5,5,331674
1,47,189,2025,1,1,1,5,5,709404
1,9999,9999,2025,1,1,2,5,5,62294
1,47,189,2025,1,1,2,5,5,180057
1,9999,9999,2025,1,1,3,5,5,24026
1,47,189,2025,1,1,3,5,5,10876
1,9999,9999,2025,1,1,4,5,5,125599
1,47,189,2025,1,1,4,5,5,252741
1,9999,9999,2025,1,1,1,5,6,163159
1,47,189,2025,1,1,1,5,6,525539
1,9999,9999,2025,1,1,2,5,6,13596
1,47,189,2025,1,1,2,5,6,47047
1,9999,9999,2025,1,1,3,5,6,2663
1,9999,9999,2025,1,1,4,5,6,32861
1,47,189,2025,1,1,4,5,6,76278
1,9999,9999,2025,1,1,1,5,7,44213
1,47,189,2025,1,1,1,5,7,75551
1,9999,9999,2025,1,1,2,5,7,4067
1,47,189,2025,1,1,2,5,7,5157
1,9999,9999,2025,1,1,3,5,7,5742
1,47,189,2025,1,1,3,5,7,1789
1,9999,9999,2025,1,1,4,5,7,8057
1,47,189,2025,1,1,4,5,7,39407
2,9999,9999,2025,1,1,1,5,1,2915
2,3,180,2025,1,1,1,5,1,2274
2,9999,9999,2025,1,1,2,5,1,3211
2,10,179,2025,1,1,2,5,1,441
2,9999,9999,2025,1,1,4,5,1,39089
2,3,180,2025,1,1,4,5,1,4950
2,10,179,2025,1,1,4,5,1,5616
2,9999,9999,2025,1,1,1,5,2,71331
2,3,180,2025,1,1,1,5,2,3713
2,10,179,2025,1,1,1,5,2,3813
2,9999,9999,2025,1,1,2,5,2,71868
2,3,180,2025,1,1,2,5,2,1708
2,10,179,2025,1,1,2,5,2,4309
2,9999,9999,2025,1,1,3,5,2,27988
2,10,179,2025,1,1,3,5,2,3075
2,9999,9999,2025,1,1,4,5,2,164597
2,3,180,2025,1,1,4,5,2,7463
2,10,179,2025,1,1,4,5,2,15102
2,9999,9999,2025,1,1,1,5,3,43370
2,3,180,2025,1,1,1,5,3,7370
2,10,179,2025,1,1,1,5,3,3728
2,9999,9999,2025,1,1,2,5,3,34796
2,3,180,2025,1,1,2,5,3,6195
2,10,179,2025,1,1,2,5,3,7538
2,9999,9999,2025,1,1,3,5,3,17806
2,9999,9999,2025,1,1,4,5,3,107177
2,3,180,2025,1,1,4,5,3,13035
2,10,179,2025,1,1,4,5,3,19164
2,9999,9999,2025,1,1,1,5,4,299181
2,3,180,2025,1,1,1,5,4,64990
2,10,179,2025,1,1,1,5,4,98706
2,9999,9999,2025,1,1,2,5,4,306494
2,3,180,2025,1,1,2,5,4,64304
2,10,179,2025,1,1,2,5,4,57293
2,9999,9999,2025,1,1,3,5,4,164577
2,3,180,2025,1,1,3,5,4,2929
2,10,179,2025,1,1,3,5,4,9752
2,9999,9999,2025,1,1,4,5,4,870345
2,3,180,2025,1,1,4,5,4,91090
2,10,179,2025,1,1,4,5,4,197267
2,9999,9999,2025,1,1,1,5,5,203189
2,3,180,2025,1,1,1,5,5,90563
2,10,179,2025,1,1,1,5,5,176759
2,9999,9999,2025,1,1,2,5,5,170909
2,3,180,2025,1,1,2,5,5,57537
2,10,179,2025,1,1,2,5,5,31633
2,9999,9999,2025,1,1,3,5,5,54526
2,10,179,2025,1,1,3,5,5,1789
2,9999,9999,2025,1,1,4,5,5,260885
2,3,180,2025,1,1,4,5,5,31420
2,10,179,2025,1,1,4,5,5,138932
2,9999,9999,2025,1,1,1,5,6,111980
2,3,180,2025,1,1,1,5,6,80819
2,10,179,2025,1,1,1,5,6,94620
2,9999,9999,2025,1,1,2,5,6,38921
2,3,180,2025,1,1,2,5,6,20330
2,10,179,2025,1,1,2,5,6,7063
2,9999,9999,2025,1,1,3,5,6,8039
2,9999,9999,2025,1,1,4,5,6,32674
2,3,180,2025,1,1,4,5,6,9068
2,10,179,2025,1,1,4,5,6,19819
2,9999,9999,2025,1,1,1,5,7,11255
2,3,180,2025,1,1,1,5,7,2127
2,9999,9999,2025,1,1,2,5,7,4050
2,9999,9999,2025,1,1,3,5,7,1673
2,3,180,2025,1,1,3,5,7,1262
2,9999,9999,2025,1,1,4,5,7,3418
2,3,180,2025,1,1,4,5,7,2226
2,10,179,2025,1,1,4,5,7,3982
3,9999,9999,2025,1,1,1,5,1,1695
3,15,202,2025,1,1,1,5,1,395
3,9999,9999,2025,1,1,2,5,1,2541
3,9999,9999,2025,1,1,3,5,1,431
3,9999,9999,2025,1,1,4,5,1,10128
3,15,202,2025,1,1,4,5,1,1278
3,9999,9999,2025,1,1,1,5,2,26710
3,15,202,2025,1,1,1,5,2,9479
3,9999,9999,2025,1,1,2,5,2,15890
3,15,202,2025,1,1,2,5,2,3010
3,9999,9999,2025,1,1,3,5,2,5073
3,15,202,2025,1,1,3,5,2,3682
3,9999,9999,2025,1,1,4,5,2,37151
3,15,202,2025,1,1,4,5,2,10151
3,9999,9999,2025,1,1,1,5,3,18134
3,15,202,2025,1,1,1,5,3,5188
3,9999,9999,2025,1,1,2,5,3,14824
3,15,202,2025,1,1,2,5,3,2170
3,9999,9999,2025,1,1,3,5,3,7170
3,15,202,2025,1,1,3,5,3,570
3,9999,9999,2025,1,1,4,5,3,29762
3,15,202,2025,1,1,4,5,3,5102
3,9999,9999,2025,1,1,1,5,4,219623
3,15,202,2025,1,1,1,5,4,68106
3,9999,9999,2025,1,1,2,5,4,140054
3,15,202,2025,1,1,2,5,4,36402
3,9999,9999,2025,1,1,3,5,4,48629
3,15,202,2025,1,1,3,5,4,14624
3,9999,9999,2025,1,1,4,5,4,222960
3,15,202,2025,1,1,4,5,4,86878
3,9999,9999,2025,1,1,1,5,5,151430
3,15,202,2025,1,1,1,5,5,98157
3,9999,9999,2025,1,1,2,5,5,140790
3,15,202,2025,1,1,2,5,5,56543
3,9999,9999,2025,1,1,3,5,5,28781
3,15,202,2025,1,1,3,5,5,11595
3,9999,9999,2025,1,1,4,5,5,97108
3,15,202,2025,1,1,4,5,5,57304
3,9999,9999,2025,1,1,1,5,6,85804
3,15,202,2025,1,1,1,5,6,63756
3,9999,9999,2025,1,1,2,5,6,38557
3,15,202,2025,1,1,2,5,6,9100
3,9999,9999,2025,1,1,3,5,6,3733
3,15,202,2025,1,1,3,5,6,1419
3,9999,9999,2025,1,1,4,5,6,27855
3,15,202,2025,1,1,4,5,6,10232
3,9999,9999,2025,1,1,1,5,7,3040
3,15,202,2025,1,1,1,5,7,2229
3,9999,9999,2025,1,1,3,5,7,845
3,9999,9999,2025,1,1,4,5,7,5182
3,15,202,2025,1,1,4,5,7,856
4,9999,9999,2025,1,1,1,5,1,30962
4,29,168,2025,1,1,1,5,1,14378
4,9999,9999,2025,1,1,2,5,1,7086
4,9999,9999,2025,1,1,3,5,1,11358
4,29,168,2025,1,1,3,5,1,1225
4,9999,9999,2025,1,1,4,5,1,104350
4,29,168,2025,1,1,4,5,1,16359
4,9999,9999,2025,1,1,1,5,2,100829
4,29,168,2025,1,1,1,5,2,42768
4,9999,9999,2025,1,1,2,5,2,47632
4,29,168,2025,1,1,2,5,2,9245
4,9999,9999,2025,1,1,3,5,2,28297
4,29,168,2025,1,1,3,5,2,10065
4,9999,9999,2025,1,1,4,5,2,145739
4,29,168,2025,1,1,4,5,2,36406
4,9999,9999,2025,1,1,1,5,3,59098
4,29,168,2025,1,1,1,5,3,15294
4,9999,9999,2025,1,1,2,5,3,34365
4,29,168,2025,1,1,2,5,3,2139
4,29,168,2025,1,1,3,5,3,9054
4,9999,9999,2025,1,1,3,5,3,25395
4,9999,9999,2025,1,1,4,5,3,96871
4,29,168,2025,1,1,4,5,3,18111
4,9999,9999,2025,1,1,1,5,4,501749
4,29,168,2025,1,1,1,5,4,314511
4,9999,9999,2025,1,1,2,5,4,373587
4,29,168,2025,1,1,2,5,4,118824
4,9999,9999,2025,1,1,3,5,4,286362
4,29,168,2025,1,1,3,5,4,161898
4,9999,9999,2025,1,1,4,5,4,1071943
4,29,168,2025,1,1,4,5,4,306153
4,9999,9999,2025,1,1,1,5,5,523430
4,29,168,2025,1,1,1,5,5,590185
4,9999,9999,2025,1,1,2,5,5,390870
4,29,168,2025,1,1,2,5,5,170137
4,9999,9999,2025,1,1,3,5,5,185438
4,29,168,2025,1,1,3,5,5,133912
4,9999,9999,2025,1,1,4,5,5,474292
4,29,168,2025,1,1,4,5,5,290163
4,9999,9999,2025,1,1,1,5,6,266119
4,29,168,2025,1,1,1,5,6,316421
4,9999,9999,2025,1,1,2,5,6,114527
4,29,168,2025,1,1,2,5,6,49925
4,29,168,2025,1,1,3,5,6,18850
4,9999,9999,2025,1,1,3,5,6,38076
4,9999,9999,2025,1,1,4,5,6,58083
4,29,168,2025,1,1,4,5,6,38866
4,9999,9999,2025,1,1,1,5,7,5037
4,29,168,2025,1,1,1,5,7,7388
4,9999,9999,2025,1,1,2,5,7,6541
4,29,168,2025,1,1,2,5,7,3088
4,9999,9999,2025,1,1,3,5,7,1395
4,9999,9999,2025,1,1,4,5,7,13898
4,29,168,2025,1,1,4,5,7,8622
5,9999,9999,2025,1,1,1,5,1,19578
5,9999,9999,2025,1,1,2,5,1,6952
5,9999,9999,2025,1,1,3,5,1,11319
5,9999,9999,2025,1,1,4,5,1,40889
5,9999,9999,2025,1,1,1,5,2,53099
5,9999,9999,2025,1,1,2,5,2,30819
5,9999,9999,2025,1,1,3,5,2,33482
5,9999,9999,2025,1,1,4,5,2,84389
5,9999,9999,2025,1,1,1,5,3,48453
5,9999,9999,2025,1,1,2,5,3,22132
5,9999,9999,2025,1,1,3,5,3,19902
5,9999,9999,2025,1,1,4,5,3,70306
5,9999,9999,2025,1,1,1,5,4,284372
5,9999,9999,2025,1,1,2,5,4,265859
5,9999,9999,2025,1,1,3,5,4,194465
5,9999,9999,2025,1,1,4,5,4,516060
5,9999,9999,2025,1,1,1,5,5,299832
5,9999,9999,2025,1,1,2,5,5,214648
5,9999,9999,2025,1,1,3,5,5,97013
5,9999,9999,2025,1,1,4,5,5,232414
5,9999,9999,2025,1,1,1,5,6,159993
5,9999,9999,2025,1,1,2,5,6,54917
5,9999,9999,2025,1,1,3,5,6,10050
5,9999,9999,2025,1,1,4,5,6,25036
5,9999,9999,2025,1,1,1,5,7,13443
5,9999,9999,2025,1,1,2,5,7,745
5,9999,9999,2025,1,1,3,5,7,4335
5,9999,9999,2025,1,1,4,5,7,11051
6,2,212,2025,1,1,1,5,1,9630
6,9999,9999,2025,1,1,1,5,1,8645
6,1,213,2025,1,1,1,5,1,7317
6,18,37,2025,1,1,1,5,1,7551
6,9999,9999,2025,1,1,2,5,1,1875
6,1,213,2025,1,1,2,5,1,1225
6,18,37,2025,1,1,2,5,1,7000
6,2,212,2025,1,1,2,5,1,9138
6,1,213,2025,1,1,3,5,1,944
6,18,37,2025,1,1,3,5,1,701
6,1,213,2025,1,1,4,5,1,21583
6,9999,9999,2025,1,1,4,5,1,3607
6,18,37,2025,1,1,4,5,1,18986
6,2,212,2025,1,1,4,5,1,12269
6,1,213,2025,1,1,1,5,2,35421
6,9999,9999,2025,1,1,1,5,2,24990
6,18,37,2025,1,1,1,5,2,24603
6,2,212,2025,1,1,1,5,2,23646
6,1,213,2025,1,1,2,5,2,10301
6,9999,9999,2025,1,1,2,5,2,14513
6,18,37,2025,1,1,2,5,2,14910
6,2,212,2025,1,1,2,5,2,11022
6,2,212,2025,1,1,3,5,2,3480
6,9999,9999,2025,1,1,3,5,2,2478
6,1,213,2025,1,1,3,5,2,6067
6,18,37,2025,1,1,3,5,2,3424
6,1,213,2025,1,1,4,5,2,36959
6,9999,9999,2025,1,1,4,5,2,19038
6,18,37,2025,1,1,4,5,2,30946
6,2,212,2025,1,1,4,5,2,23545
6,1,213,2025,1,1,1,5,3,21749
6,9999,9999,2025,1,1,1,5,3,19096
6,18,37,2025,1,1,1,5,3,17650
6,2,212,2025,1,1,1,5,3,33516
6,1,213,2025,1,1,2,5,3,17901
6,9999,9999,2025,1,1,2,5,3,5183
6,18,37,2025,1,1,2,5,3,12732
6,2,212,2025,1,1,2,5,3,16183
6,9999,9999,2025,1,1,3,5,3,2487
6,2,212,2025,1,1,3,5,3,2667
6,1,213,2025,1,1,3,5,3,3513
6,18,37,2025,1,1,3,5,3,2830
6,1,213,2025,1,1,4,5,3,20951
6,9999,9999,2025,1,1,4,5,3,9877
6,18,37,2025,1,1,4,5,3,25555
6,2,212,2025,1,1,4,5,3,27902
6,1,213,2025,1,1,1,5,4,283524
6,9999,9999,2025,1,1,1,5,4,191637
6,18,37,2025,1,1,1,5,4,229833
6,2,212,2025,1,1,1,5,4,502416
6,1,213,2025,1,1,2,5,4,216401
6,9999,9999,2025,1,1,2,5,4,194116
6,18,37,2025,1,1,2,5,4,215611
6,2,212,2025,1,1,2,5,4,416778
6,1,213,2025,1,1,3,5,4,97914
6,9999,9999,2025,1,1,3,5,4,29710
6,18,37,2025,1,1,3,5,4,44745
6,2,212,2025,1,1,3,5,4,65179
6,1,213,2025,1,1,4,5,4,391942
6,9999,9999,2025,1,1,4,5,4,159173
6,18,37,2025,1,1,4,5,4,315759
6,2,212,2025,1,1,4,5,4,525696
6,1,213,2025,1,1,1,5,5,499423
6,9999,9999,2025,1,1,1,5,5,246412
6,18,37,2025,1,1,1,5,5,473096
6,2,212,2025,1,1,1,5,5,786955
6,1,213,2025,1,1,2,5,5,271550
6,9999,9999,2025,1,1,2,5,5,187653
6,18,37,2025,1,1,2,5,5,310639
6,2,212,2025,1,1,2,5,5,479895
6,2,212,2025,1,1,3,5,5,86187
6,9999,9999,2025,1,1,3,5,5,44515
6,1,213,2025,1,1,3,5,5,80001
6,18,37,2025,1,1,3,5,5,45234
6,1,213,2025,1,1,4,5,5,324983
6,9999,9999,2025,1,1,4,5,5,120047
6,18,37,2025,1,1,4,5,5,289037
6,2,212,2025,1,1,4,5,5,387603
6,1,213,2025,1,1,1,5,6,332448
6,9999,9999,2025,1,1,1,5,6,131063
6,18,37,2025,1,1,1,5,6,520391
6,2,212,2025,1,1,1,5,6,569707
6,1,213,2025,1,1,2,5,6,57551
6,9999,9999,2025,1,1,2,5,6,42862
6,18,37,2025,1,1,2,5,6,82270
6,2,212,2025,1,1,2,5,6,82690
6,9999,9999,2025,1,1,3,5,6,7677
6,2,212,2025,1,1,3,5,6,5658
6,1,213,2025,1,1,3,5,6,27563
6,18,37,2025,1,1,3,5,6,8597
6,1,213,2025,1,1,4,5,6,44974
6,9999,9999,2025,1,1,4,5,6,14943
6,18,37,2025,1,1,4,5,6,68760
6,2,212,2025,1,1,4,5,6,53280
6,2,212,2025,1,1,1,5,7,51500
6,9999,9999,2025,1,1,1,5,7,10687
6,1,213,2025,1,1,1,5,7,21679
6,18,37,2025,1,1,1,5,7,6140
6,9999,9999,2025,1,1,2,5,7,8349
6,1,213,2025,1,1,2,5,7,2655
6,18,37,2025,1,1,2,5,7,521
6,2,212,2025,1,1,2,5,7,16775
6,9999,9999,2025,1,1,3,5,7,1074
6,1,213,2025,1,1,3,5,7,5752
6,2,212,2025,1,1,3,5,7,988
6,1,213,2025,1,1,4,5,7,21011
6,9999,9999,2025,1,1,4,5,7,7685
6,18,37,2025,1,1,4,5,7,21699
6,2,212,2025,1,1,4,5,7,22431
7,9999,9999,2025,1,1,1,5,1,21444
7,9999,9999,2025,1,1,2,5,1,7085
7,9999,9999,2025,1,1,3,5,1,10160
7,9999,9999,2025,1,1,4,5,1,55446
7,9999,9999,2025,1,1,1,5,2,64758
7,9999,9999,2025,1,1,2,5,2,24585
7,9999,9999,2025,1,1,3,5,2,25926
7,9999,9999,2025,1,1,4,5,2,74296
7,9999,9999,2025,1,1,1,5,3,40500
7,9999,9999,2025,1,1,2,5,3,17348
7,9999,9999,2025,1,1,3,5,3,15239
7,9999,9999,2025,1,1,4,5,3,34315
7,9999,9999,2025,1,1,1,5,4,413423
7,9999,9999,2025,1,1,2,5,4,256252
7,9999,9999,2025,1,1,3,5,4,217350
7,9999,9999,2025,1,1,4,5,4,515389
7,9999,9999,2025,1,1,1,5,5,412167
7,9999,9999,2025,1,1,2,5,5,280204
7,9999,9999,2025,1,1,3,5,5,121118
7,9999,9999,2025,1,1,4,5,5,178466
7,9999,9999,2025,1,1,1,5,6,233891
7,9999,9999,2025,1,1,2,5,6,73187
7,9999,9999,2025,1,1,3,5,6,21564
7,9999,9999,2025,1,1,4,5,6,34375
7,9999,9999,2025,1,1,1,5,7,25363
7,9999,9999,2025,1,1,2,5,7,5613
7,9999,9999,2025,1,1,3,5,7,7795
7,9999,9999,2025,1,1,4,5,7,11582
8,9999,9999,2025,1,1,1,5,1,22477
8,9999,9999,2025,1,1,2,5,1,4107
8,9999,9999,2025,1,1,3,5,1,8572
8,9999,9999,2025,1,1,4,5,1,59045
8,9999,9999,2025,1,1,1,5,2,61439
8,9999,9999,2025,1,1,2,5,2,26644
8,9999,9999,2025,1,1,3,5,2,24381
8,9999,9999,2025,1,1,4,5,2,96235
8,9999,9999,2025,1,1,1,5,3,54548
8,9999,9999,2025,1,1,2,5,3,13678
8,9999,9999,2025,1,1,3,5,3,18079
8,9999,9999,2025,1,1,4,5,3,67299
8,9999,9999,2025,1,1,1,5,4,540255
8,9999,9999,2025,1,1,2,5,4,324826
8,9999,9999,2025,1,1,3,5,4,268992
8,9999,9999,2025,1,1,4,5,4,735997
8,9999,9999,2025,1,1,1,5,5,442908
8,9999,9999,2025,1,1,2,5,5,253649
8,9999,9999,2025,1,1,3,5,5,193214
8,9999,9999,2025,1,1,4,5,5,247365
8,9999,9999,2025,1,1,1,5,6,337178
8,9999,9999,2025,1,1,2,5,6,109997
8,9999,9999,2025,1,1,3,5,6,39689
8,9999,9999,2025,1,1,4,5,6,59984
8,9999,9999,2025,1,1,1,5,7,29174
8,9999,9999,2025,1,1,2,5,7,9631
8,9999,9999,2025,1,1,3,5,7,5855
8,9999,9999,2025,1,1,4,5,7,18511
9,9999,9999,2025,1,1,1,5,1,11683
9,9999,9999,2025,1,1,2,5,1,3526
9,9999,9999,2025,1,1,3,5,1,925
9,9999,9999,2025,1,1,4,5,1,13271
9,9999,9999,2025,1,1,1,5,2,18838
9,9999,9999,2025,1,1,2,5,2,8818
9,9999,9999,2025,1,1,3,5,2,8010
9,9999,9999,2025,1,1,4,5,2,27777
9,9999,9999,2025,1,1,1,5,3,12031
9,9999,9999,2025,1,1,2,5,3,9441
9,9999,9999,2025,1,1,3,5,3,7510
9,9999,9999,2025,1,1,4,5,3,18133
9,9999,9999,2025,1,1,1,5,4,114746
9,9999,9999,2025,1,1,2,5,4,54020
9,9999,9999,2025,1,1,3,5,4,42362
9,9999,9999,2025,1,1,4,5,4,151879
9,9999,9999,2025,1,1,1,5,5,131430
9,9999,9999,2025,1,1,2,5,5,53864
9,9999,9999,2025,1,1,3,5,5,25179
9,9999,9999,2025,1,1,4,5,5,53169
9,9999,9999,2025,1,1,1,5,6,52839
9,9999,9999,2025,1,1,2,5,6,13008
9,9999,9999,2025,1,1,3,5,6,1926
9,9999,9999,2025,1,1,4,5,6,7871
9,9999,9999,2025,1,1,1,5,7,1028
9,9999,9999,2025,1,1,2,5,7,569
9,9999,9999,2025,1,1,4,5,7,558
1,9999,9999,2025,1,2,1,1,1,152956
1,47,189,2025,1,2,1,1,1,6423
1,9999,9999,2025,1,2,2,1,1,877
1,47,189,2025,1,2,2,1,1,1271
1,9999,9999,2025,1,2,3,1,1,67655
1,47,189,2025,1,2,3,1,1,123370
1,9999,9999,2025,1,2,4,1,1,3154
1,47,189,2025,1,2,4,1,1,6095
1,9999,9999,2025,1,2,5,1,1,95658
1,47,189,2025,1,2,5,1,1,126943
1,9999,9999,2025,1,2,6,1,1,68589
1,47,189,2025,1,2,6,1,1,169803
1,9999,9999,2025,1,2,7,1,1,34749
1,47,189,2025,1,2,7,1,1,115472
1,9999,9999,2025,1,2,8,1,1,57739
1,47,189,2025,1,2,8,1,1,250532
1,9999,9999,2025,1,2,9,1,1,71164
1,47,189,2025,1,2,9,1,1,148419
1,9999,9999,2025,1,2,10,1,1,13254
1,47,189,2025,1,2,10,1,1,15607
1,9999,9999,2025,1,2,1,1,2,79521
1,47,189,2025,1,2,1,1,2,5201
1,9999,9999,2025,1,2,2,1,2,3969
1,9999,9999,2025,1,2,3,1,2,46240
1,47,189,2025,1,2,3,1,2,99715
1,9999,9999,2025,1,2,4,1,2,600
1,47,189,2025,1,2,4,1,2,1398
1,9999,9999,2025,1,2,5,1,2,12317
1,47,189,2025,1,2,5,1,2,9927
1,9999,9999,2025,1,2,6,1,2,78477
1,47,189,2025,1,2,6,1,2,175053
1,9999,9999,2025,1,2,7,1,2,9429
1,47,189,2025,1,2,7,1,2,35325
1,9999,9999,2025,1,2,8,1,2,73627
1,47,189,2025,1,2,8,1,2,212899
1,9999,9999,2025,1,2,9,1,2,119329
1,47,189,2025,1,2,9,1,2,236951
1,9999,9999,2025,1,2,10,1,2,44551
1,47,189,2025,1,2,10,1,2,84962
1,47,189,2025,1,2,11,1,2,1814
2,9999,9999,2025,1,2,1,1,1,50094
2,3,180,2025,1,2,1,1,1,5874
2,10,179,2025,1,2,1,1,1,5649
2,9999,9999,2025,1,2,3,1,1,29690
2,3,180,2025,1,2,3,1,1,15047
2,10,179,2025,1,2,3,1,1,44250
2,9999,9999,2025,1,2,4,1,1,7567
2,3,180,2025,1,2,4,1,1,4064
2,10,179,2025,1,2,4,1,1,993
2,9999,9999,2025,1,2,5,1,1,58353
2,3,180,2025,1,2,5,1,1,12629
2,10,179,2025,1,2,5,1,1,12686
2,9999,9999,2025,1,2,6,1,1,68453
2,3,180,2025,1,2,6,1,1,25585
2,10,179,2025,1,2,6,1,1,29331
2,9999,9999,2025,1,2,7,1,1,38463
2,3,180,2025,1,2,7,1,1,13544
2,10,179,2025,1,2,7,1,1,42999
2,9999,9999,2025,1,2,8,1,1,46703
2,3,180,2025,1,2,8,1,1,19799
2,10,179,2025,1,2,8,1,1,36203
2,9999,9999,2025,1,2,9,1,1,76732
2,3,180,2025,1,2,9,1,1,34534
2,10,179,2025,1,2,9,1,1,27482
2,9999,9999,2025,1,2,10,1,1,11020
2,3,180,2025,1,2,10,1,1,2421
2,10,179,2025,1,2,10,1,1,9677
2,9999,9999,2025,1,2,1,1,2,13105
2,3,180,2025,1,2,1,1,2,2234
2,10,179,2025,1,2,1,1,2,842
2,9999,9999,2025,1,2,3,1,2,12317
2,3,180,2025,1,2,3,1,2,11677
2,10,179,2025,1,2,3,1,2,22316
2,9999,9999,2025,1,2,5,1,2,23812
2,3,180,2025,1,2,5,1,2,3417
2,9999,9999,2025,1,2,6,1,2,58383
2,3,180,2025,1,2,6,1,2,19998
2,10,179,2025,1,2,6,1,2,30477
2,9999,9999,2025,1,2,7,1,2,10691
2,3,180,2025,1,2,7,1,2,4350
2,10,179,2025,1,2,7,1,2,6975
2,9999,9999,2025,1,2,8,1,2,35554
2,3,180,2025,1,2,8,1,2,18712
2,10,179,2025,1,2,8,1,2,36019
2,9999,9999,2025,1,2,9,1,2,156321
2,3,180,2025,1,2,9,1,2,51373
2,10,179,2025,1,2,9,1,2,61838
2,9999,9999,2025,1,2,10,1,2,45963
2,3,180,2025,1,2,10,1,2,6599
2,10,179,2025,1,2,10,1,2,9889
3,9999,9999,2025,1,2,1,1,1,46358
3,15,202,2025,1,2,1,1,1,5649
3,9999,9999,2025,1,2,2,1,1,18404
3,9999,9999,2025,1,2,3,1,1,26171
3,15,202,2025,1,2,3,1,1,14038
3,9999,9999,2025,1,2,4,1,1,1469
3,15,202,2025,1,2,4,1,1,710
3,9999,9999,2025,1,2,5,1,1,32911
3,15,202,2025,1,2,5,1,1,16719
3,9999,9999,2025,1,2,6,1,1,56362
3,15,202,2025,1,2,6,1,1,23053
3,9999,9999,2025,1,2,7,1,1,13424
3,15,202,2025,1,2,7,1,1,10880
3,9999,9999,2025,1,2,8,1,1,40210
3,15,202,2025,1,2,8,1,1,20589
3,9999,9999,2025,1,2,9,1,1,47005
3,15,202,2025,1,2,9,1,1,34084
3,9999,9999,2025,1,2,10,1,1,19359
3,15,202,2025,1,2,10,1,1,9445
3,9999,9999,2025,1,2,1,1,2,12089
3,9999,9999,2025,1,2,2,1,2,2497
3,9999,9999,2025,1,2,3,1,2,14227
3,15,202,2025,1,2,3,1,2,7759
3,15,202,2025,1,2,4,1,2,1347
3,9999,9999,2025,1,2,5,1,2,3539
3,9999,9999,2025,1,2,6,1,2,36275
3,15,202,2025,1,2,6,1,2,32546
3,15,202,2025,1,2,7,1,2,3271
3,9999,9999,2025,1,2,8,1,2,24901
3,15,202,2025,1,2,8,1,2,14974
3,9999,9999,2025,1,2,9,1,2,79621
3,15,202,2025,1,2,9,1,2,40760
3,9999,9999,2025,1,2,10,1,2,31615
3,15,202,2025,1,2,10,1,2,11487
4,9999,9999,2025,1,2,1,1,1,79174
4,29,168,2025,1,2,1,1,1,6087
4,9999,9999,2025,1,2,2,1,1,7631
4,29,168,2025,1,2,2,1,1,1041
4,9999,9999,2025,1,2,3,1,1,72696
4,29,168,2025,1,2,3,1,1,117476
4,9999,9999,2025,1,2,4,1,1,7866
4,29,168,2025,1,2,4,1,1,3099
4,9999,9999,2025,1,2,5,1,1,94319
4,29,168,2025,1,2,5,1,1,77444
4,9999,9999,2025,1,2,6,1,1,139043
4,29,168,2025,1,2,6,1,1,152362
4,9999,9999,2025,1,2,7,1,1,58326
4,29,168,2025,1,2,7,1,1,82291
4,9999,9999,2025,1,2,8,1,1,109778
4,29,168,2025,1,2,8,1,1,153139
4,9999,9999,2025,1,2,9,1,1,158565
4,29,168,2025,1,2,9,1,1,86840
4,9999,9999,2025,1,2,10,1,1,17809
4,29,168,2025,1,2,10,1,1,25630
4,9999,9999,2025,1,2,1,1,2,42155
4,29,168,2025,1,2,1,1,2,4099
4,9999,9999,2025,1,2,3,1,2,74625
4,29,168,2025,1,2,3,1,2,66537
4,9999,9999,2025,1,2,4,1,2,1795
4,29,168,2025,1,2,4,1,2,4038
4,9999,9999,2025,1,2,5,1,2,23553
4,29,168,2025,1,2,5,1,2,5120
4,9999,9999,2025,1,2,6,1,2,161799
4,29,168,2025,1,2,6,1,2,126040
4,9999,9999,2025,1,2,7,1,2,11755
4,29,168,2025,1,2,7,1,2,23784
4,9999,9999,2025,1,2,8,1,2,74592
4,29,168,2025,1,2,8,1,2,123041
4,9999,9999,2025,1,2,9,1,2,264939
4,29,168,2025,1,2,9,1,2,175758
4,9999,9999,2025,1,2,10,1,2,86802
4,29,168,2025,1,2,10,1,2,67118
5,9999,9999,2025,1,2,1,1,1,46210
5,9999,9999,2025,1,2,2,1,1,91819
5,9999,9999,2025,1,2,3,1,1,40820
5,9999,9999,2025,1,2,5,1,1,58583
5,9999,9999,2025,1,2,6,1,1,97005
5,9999,9999,2025,1,2,7,1,1,43107
5,9999,9999,2025,1,2,8,1,1,66858
5,9999,9999,2025,1,2,9,1,1,82591
5,9999,9999,2025,1,2,10,1,1,15249
5,9999,9999,2025,1,2,1,1,2,12171
5,9999,9999,2025,1,2,2,1,2,18135
5,9999,9999,2025,1,2,3,1,2,7003
5,9999,9999,2025,1,2,4,1,2,1007
5,9999,9999,2025,1,2,5,1,2,6022
5,9999,9999,2025,1,2,6,1,2,55722
5,9999,9999,2025,1,2,7,1,2,4550
5,9999,9999,2025,1,2,8,1,2,54720
5,9999,9999,2025,1,2,9,1,2,137945
5,9999,9999,2025,1,2,10,1,2,39253
6,1,213,2025,1,2,1,1,1,3998
6,9999,9999,2025,1,2,1,1,1,12407
6,18,37,2025,1,2,1,1,1,5481
6,2,212,2025,1,2,1,1,1,4919
6,9999,9999,2025,1,2,2,1,1,51044
6,1,213,2025,1,2,2,1,1,5854
6,18,37,2025,1,2,2,1,1,2760
6,2,212,2025,1,2,2,1,1,6880
6,1,213,2025,1,2,3,1,1,136611
6,9999,9999,2025,1,2,3,1,1,60198
6,18,37,2025,1,2,3,1,1,78049
6,2,212,2025,1,2,3,1,1,111192
6,2,212,2025,1,2,4,1,1,6259
6,9999,9999,2025,1,2,4,1,1,8547
6,1,213,2025,1,2,4,1,1,5914
6,18,37,2025,1,2,4,1,1,4738
6,1,213,2025,1,2,5,1,1,55842
6,9999,9999,2025,1,2,5,1,1,48137
6,18,37,2025,1,2,5,1,1,70154
6,2,212,2025,1,2,5,1,1,128568
6,1,213,2025,1,2,6,1,1,156099
6,9999,9999,2025,1,2,6,1,1,71899
6,18,37,2025,1,2,6,1,1,128019
6,2,212,2025,1,2,6,1,1,233779
6,1,213,2025,1,2,7,1,1,95921
6,9999,9999,2025,1,2,7,1,1,14645
6,18,37,2025,1,2,7,1,1,75132
6,2,212,2025,1,2,7,1,1,147074
6,1,213,2025,1,2,8,1,1,140452
6,9999,9999,2025,1,2,8,1,1,64241
6,18,37,2025,1,2,8,1,1,189542
6,2,212,2025,1,2,8,1,1,336164
6,1,213,2025,1,2,9,1,1,94062
6,9999,9999,2025,1,2,9,1,1,47160
6,18,37,2025,1,2,9,1,1,128863
6,2,212,2025,1,2,9,1,1,154757
6,1,213,2025,1,2,10,1,1,13277
6,9999,9999,2025,1,2,10,1,1,7009
6,18,37,2025,1,2,10,1,1,23147
6,2,212,2025,1,2,10,1,1,18141
6,2,212,2025,1,2,11,1,1,1649
6,18,37,2025,1,2,11,1,1,2851
6,2,212,2025,1,2,1,1,2,585
6,9999,9999,2025,1,2,1,1,2,7193
6,1,213,2025,1,2,1,1,2,3683
6,9999,9999,2025,1,2,2,1,2,9748
6,18,37,2025,1,2,2,1,2,649
6,2,212,2025,1,2,2,1,2,3943
6,1,213,2025,1,2,3,1,2,61987
6,9999,9999,2025,1,2,3,1,2,16660
6,18,37,2025,1,2,3,1,2,40013
6,2,212,2025,1,2,3,1,2,43092
6,9999,9999,2025,1,2,4,1,2,8367
6,1,213,2025,1,2,4,1,2,3470
6,18,37,2025,1,2,4,1,2,1056
6,2,212,2025,1,2,4,1,2,4708
6,18,37,2025,1,2,5,1,2,11875
6,9999,9999,2025,1,2,5,1,2,9109
6,1,213,2025,1,2,5,1,2,2420
6,2,212,2025,1,2,5,1,2,7628
6,1,213,2025,1,2,6,1,2,95125
6,9999,9999,2025,1,2,6,1,2,48462
6,18,37,2025,1,2,6,1,2,104415
6,2,212,2025,1,2,6,1,2,189461
6,2,212,2025,1,2,7,1,2,31700
6,9999,9999,2025,1,2,7,1,2,4123
6,1,213,2025,1,2,7,1,2,35379
6,18,37,2025,1,2,7,1,2,20940
6,1,213,2025,1,2,8,1,2,113352
6,9999,9999,2025,1,2,8,1,2,26182
6,18,37,2025,1,2,8,1,2,129128
6,2,212,2025,1,2,8,1,2,194297
6,1,213,2025,1,2,9,1,2,129748
6,9999,9999,2025,1,2,9,1,2,86668
6,18,37,2025,1,2,9,1,2,203920
6,2,212,2025,1,2,9,1,2,242372
6,1,213,2025,1,2,10,1,2,48365
6,9999,9999,2025,1,2,10,1,2,30733
6,18,37,2025,1,2,10,1,2,58530
6,2,212,2025,1,2,10,1,2,110201
7,9999,9999,2025,1,2,1,1,1,80890
7,9999,9999,2025,1,2,2,1,1,43671
7,9999,9999,2025,1,2,3,1,1,81172
7,9999,9999,2025,1,2,4,1,1,18775
7,9999,9999,2025,1,2,5,1,1,79549
7,9999,9999,2025,1,2,6,1,1,113842
7,9999,9999,2025,1,2,7,1,1,59344
7,9999,9999,2025,1,2,8,1,1,98115
7,9999,9999,2025,1,2,9,1,1,107314
7,9999,9999,2025,1,2,10,1,1,22271
7,9999,9999,2025,1,2,1,1,2,34873
7,9999,9999,2025,1,2,2,1,2,10847
7,9999,9999,2025,1,2,3,1,2,27984
7,9999,9999,2025,1,2,4,1,2,12512
7,9999,9999,2025,1,2,5,1,2,10530
7,9999,9999,2025,1,2,6,1,2,111765
7,9999,9999,2025,1,2,7,1,2,8969
7,9999,9999,2025,1,2,8,1,2,58470
7,9999,9999,2025,1,2,9,1,2,170563
7,9999,9999,2025,1,2,10,1,2,60089
8,9999,9999,2025,1,2,1,1,1,90220
8,9999,9999,2025,1,2,2,1,1,87953
8,9999,9999,2025,1,2,3,1,1,62587
8,9999,9999,2025,1,2,4,1,1,14558
8,9999,9999,2025,1,2,5,1,1,113967
8,9999,9999,2025,1,2,6,1,1,161162
8,9999,9999,2025,1,2,7,1,1,58943
8,9999,9999,2025,1,2,8,1,1,77998
8,9999,9999,2025,1,2,9,1,1,149117
8,9999,9999,2025,1,2,10,1,1,17706
8,9999,9999,2025,1,2,1,1,2,47903
8,9999,9999,2025,1,2,2,1,2,24479
8,9999,9999,2025,1,2,3,1,2,33320
8,9999,9999,2025,1,2,4,1,2,7894
8,9999,9999,2025,1,2,5,1,2,9936
8,9999,9999,2025,1,2,6,1,2,154254
8,9999,9999,2025,1,2,7,1,2,10233
8,9999,9999,2025,1,2,8,1,2,66733
8,9999,9999,2025,1,2,9,1,2,220697
8,9999,9999,2025,1,2,10,1,2,78319
9,9999,9999,2025,1,2,1,1,1,48537
9,9999,9999,2025,1,2,2,1,1,25491
9,9999,9999,2025,1,2,3,1,1,7053
9,9999,9999,2025,1,2,4,1,1,1848
9,9999,9999,2025,1,2,5,1,1,16914
9,9999,9999,2025,1,2,6,1,1,27812
9,9999,9999,2025,1,2,7,1,1,3697
9,9999,9999,2025,1,2,8,1,1,20854
9,9999,9999,2025,1,2,9,1,1,35664
9,9999,9999,2025,1,2,10,1,1,7113
9,9999,9999,2025,1,2,1,1,2,13611
9,9999,9999,2025,1,2,2,1,2,11635
9,9999,9999,2025,1,2,3,1,2,3480
9,9999,9999,2025,1,2,4,1,2,1588
9,9999,9999,2025,1,2,5,1,2,1292
9,9999,9999,2025,1,2,6,1,2,27075
9,9999,9999,2025,1,2,7,1,2,1066
9,9999,9999,2025,1,2,8,1,2,21442
9,9999,9999,2025,1,2,9,1,2,51092
9,9999,9999,2025,1,2,10,1,2,15333
1,9999,9999,2025,1,2,1,2,4,4115
1,9999,9999,2025,1,2,3,2,4,2379
1,47,189,2025,1,2,3,2,4,988
1,9999,9999,2025,1,2,5,2,4,1411
1,47,189,2025,1,2,5,2,4,878
1,9999,9999,2025,1,2,6,2,4,3509
1,47,189,2025,1,2,6,2,4,4382
1,9999,9999,2025,1,2,7,2,4,1728
1,47,189,2025,1,2,7,2,4,2521
1,47,189,2025,1,2,8,2,4,2736
1,9999,9999,2025,1,2,9,2,4,5899
1,47,189,2025,1,2,9,2,4,658
1,9999,9999,2025,1,2,10,2,4,762
1,47,189,2025,1,2,10,2,4,830
1,9999,9999,2025,1,2,1,2,5,20830
1,47,189,2025,1,2,1,2,5,1327
1,9999,9999,2025,1,2,3,2,5,10676
1,47,189,2025,1,2,3,2,5,15798
1,9999,9999,2025,1,2,5,2,5,15824
1,47,189,2025,1,2,5,2,5,3795
1,9999,9999,2025,1,2,6,2,5,15036
1,47,189,2025,1,2,6,2,5,45495
1,9999,9999,2025,1,2,7,2,5,5917
1,47,189,2025,1,2,7,2,5,3155
1,9999,9999,2025,1,2,8,2,5,14420
1,47,189,2025,1,2,8,2,5,28958
1,9999,9999,2025,1,2,9,2,5,14101
1,47,189,2025,1,2,9,2,5,27450
1,47,189,2025,1,2,10,2,5,1582
1,9999,9999,2025,1,2,1,2,6,25260
1,47,189,2025,1,2,1,2,6,1424
1,9999,9999,2025,1,2,2,2,6,877
1,9999,9999,2025,1,2,3,2,6,13337
1,47,189,2025,1,2,3,2,6,22517
1,47,189,2025,1,2,4,2,6,1127
1,9999,9999,2025,1,2,5,2,6,13289
1,47,189,2025,1,2,5,2,6,13104
1,9999,9999,2025,1,2,6,2,6,31022
1,47,189,2025,1,2,6,2,6,40468
1,9999,9999,2025,1,2,7,2,6,9816
1,47,189,2025,1,2,7,2,6,20458
1,9999,9999,2025,1,2,8,2,6,21402
1,47,189,2025,1,2,8,2,6,92774
1,9999,9999,2025,1,2,9,2,6,40535
1,47,189,2025,1,2,9,2,6,42115
1,47,189,2025,1,2,10,2,6,5484
1,9999,9999,2025,1,2,1,2,7,48701
1,9999,9999,2025,1,2,2,2,7,3239
1,9999,9999,2025,1,2,3,2,7,17447
1,47,189,2025,1,2,3,2,7,36864
1,9999,9999,2025,1,2,4,2,7,1665
1,9999,9999,2025,1,2,5,2,7,9941
1,47,189,2025,1,2,5,2,7,22709
1,9999,9999,2025,1,2,6,2,7,24679
1,47,189,2025,1,2,6,2,7,53059
1,9999,9999,2025,1,2,7,2,7,1789
1,47,189,2025,1,2,7,2,7,21490
1,9999,9999,2025,1,2,8,2,7,23798
1,47,189,2025,1,2,8,2,7,61080
1,9999,9999,2025,1,2,9,2,7,23433
1,47,189,2025,1,2,9,2,7,52955
1,9999,9999,2025,1,2,10,2,7,5931
1,47,189,2025,1,2,10,2,7,12203
1,9999,9999,2025,1,2,1,2,8,36544
1,47,189,2025,1,2,1,2,8,1601
1,9999,9999,2025,1,2,2,2,8,730
1,9999,9999,2025,1,2,3,2,8,11126
1,47,189,2025,1,2,3,2,8,45717
1,47,189,2025,1,2,4,2,8,1560
1,9999,9999,2025,1,2,5,2,8,10820
1,47,189,2025,1,2,5,2,8,27520
1,9999,9999,2025,1,2,6,2,8,24995
1,47,189,2025,1,2,6,2,8,51694
1,9999,9999,2025,1,2,7,2,8,6050
1,47,189,2025,1,2,7,2,8,39792
1,9999,9999,2025,1,2,8,2,8,7920
1,47,189,2025,1,2,8,2,8,64824
1,9999,9999,2025,1,2,9,2,8,32344
1,47,189,2025,1,2,9,2,8,65508
1,9999,9999,2025,1,2,10,2,8,7125
1,47,189,2025,1,2,10,2,8,13813
1,9999,9999,2025,1,2,1,2,9,23214
1,47,189,2025,1,2,1,2,9,1107
1,9999,9999,2025,1,2,3,2,9,13715
1,47,189,2025,1,2,3,2,9,35530
1,9999,9999,2025,1,2,4,2,9,2089
1,47,189,2025,1,2,4,2,9,1393
1,9999,9999,2025,1,2,5,2,9,12050
1,47,189,2025,1,2,5,2,9,23066
1,9999,9999,2025,1,2,6,2,9,14541
1,47,189,2025,1,2,6,2,9,59295
1,9999,9999,2025,1,2,7,2,9,6311
1,47,189,2025,1,2,7,2,9,16623
1,9999,9999,2025,1,2,8,2,9,24716
1,47,189,2025,1,2,8,2,9,69203
1,9999,9999,2025,1,2,9,2,9,14150
1,47,189,2025,1,2,9,2,9,49182
1,9999,9999,2025,1,2,10,2,9,8855
1,47,189,2025,1,2,10,2,9,23367
1,9999,9999,2025,1,2,1,2,10,20913
1,9999,9999,2025,1,2,3,2,10,16286
1,47,189,2025,1,2,3,2,10,26748
1,47,189,2025,1,2,4,2,10,2734
1,9999,9999,2025,1,2,5,2,10,16817
1,47,189,2025,1,2,5,2,10,21067
1,9999,9999,2025,1,2,6,2,10,8136
1,47,189,2025,1,2,6,2,10,37541
1,9999,9999,2025,1,2,7,2,10,4873
1,47,189,2025,1,2,7,2,10,19023
1,9999,9999,2025,1,2,8,2,10,15955
1,47,189,2025,1,2,8,2,10,53324
1,9999,9999,2025,1,2,9,2,10,28047
1,47,189,2025,1,2,9,2,10,58652
1,9999,9999,2025,1,2,10,2,10,11548
1,47,189,2025,1,2,10,2,10,12058
1,9999,9999,2025,1,2,1,2,11,31597
1,47,189,2025,1,2,1,2,11,3334
1,47,189,2025,1,2,2,2,11,164
1,9999,9999,2025,1,2,3,2,11,14139
1,47,189,2025,1,2,3,2,11,15248
1,9999,9999,2025,1,2,5,2,11,13247
1,47,189,2025,1,2,5,2,11,12328
1,9999,9999,2025,1,2,6,2,11,4384
1,47,189,2025,1,2,6,2,11,31921
1,9999,9999,2025,1,2,7,2,11,1533
1,47,189,2025,1,2,7,2,11,13408
1,9999,9999,2025,1,2,8,2,11,10594
1,47,189,2025,1,2,8,2,11,42488
1,9999,9999,2025,1,2,9,2,11,12462
1,47,189,2025,1,2,9,2,11,44640
1,9999,9999,2025,1,2,10,2,11,7151
1,47,189,2025,1,2,10,2,11,16626
1,9999,9999,2025,1,2,1,2,12,16714
1,47,189,2025,1,2,1,2,12,1617
1,47,189,2025,1,2,2,2,12,1107
1,9999,9999,2025,1,2,3,2,12,9642
1,47,189,2025,1,2,3,2,12,11520
1,47,189,2025,1,2,4,2,12,679
1,9999,9999,2025,1,2,5,2,12,11091
1,47,189,2025,1,2,5,2,12,8341
1,9999,9999,2025,1,2,6,2,12,10534
1,47,189,2025,1,2,6,2,12,18392
1,9999,9999,2025,1,2,7,2,12,1419
1,47,189,2025,1,2,7,2,12,10330
1,9999,9999,2025,1,2,8,2,12,10131
1,47,189,2025,1,2,8,2,12,36750
1,9999,9999,2025,1,2,9,2,12,13248
1,47,189,2025,1,2,9,2,12,29486
1,9999,9999,2025,1,2,10,2,12,10787
1,47,189,2025,1,2,10,2,12,10773
1,47,189,2025,1,2,11,2,12,1814
1,9999,9999,2025,1,2,1,2,13,4589
1,47,189,2025,1,2,1,2,13,1213
1,9999,9999,2025,1,2,3,2,13,5147
1,47,189,2025,1,2,3,2,13,12155
1,9999,9999,2025,1,2,5,2,13,3483
1,47,189,2025,1,2,5,2,13,4061
1,9999,9999,2025,1,2,6,2,13,10231
1,47,189,2025,1,2,6,2,13,2608
1,9999,9999,2025,1,2,7,2,13,4743
1,47,189,2025,1,2,7,2,13,3996
1,9999,9999,2025,1,2,8,2,13,2429
1,47,189,2025,1,2,8,2,13,11295
1,9999,9999,2025,1,2,9,2,13,6274
1,47,189,2025,1,2,9,2,13,14723
1,9999,9999,2025,1,2,10,2,13,5647
1,47,189,2025,1,2,10,2,13,3833
2,9999,9999,2025,1,2,1,2,4,576
2,10,179,2025,1,2,1,2,4,350
2,9999,9999,2025,1,2,5,2,4,1136
2,9999,9999,2025,1,2,6,2,4,598
2,3,180,2025,1,2,6,2,4,488
2,9999,9999,2025,1,2,10,2,4,730
2,9999,9999,2025,1,2,1,2,5,5827
2,9999,9999,2025,1,2,3,2,5,1175
2,3,180,2025,1,2,3,2,5,1207
2,10,179,2025,1,2,3,2,5,5853
2,9999,9999,2025,1,2,5,2,5,7377
2,3,180,2025,1,2,5,2,5,562
2,9999,9999,2025,1,2,6,2,5,13486
2,3,180,2025,1,2,6,2,5,4509
2,10,179,2025,1,2,6,2,5,6513
2,9999,9999,2025,1,2,7,2,5,1225
2,3,180,2025,1,2,7,2,5,1248
2,10,179,2025,1,2,7,2,5,2112
2,9999,9999,2025,1,2,8,2,5,1469
2,3,180,2025,1,2,8,2,5,1279
2,10,179,2025,1,2,8,2,5,4611
2,9999,9999,2025,1,2,9,2,5,12632
2,3,180,2025,1,2,9,2,5,939
2,10,179,2025,1,2,9,2,5,6204
2,9999,9999,2025,1,2,10,2,5,819
2,9999,9999,2025,1,2,1,2,6,5867
2,10,179,2025,1,2,1,2,6,842
2,9999,9999,2025,1,2,3,2,6,7294
2,3,180,2025,1,2,3,2,6,1420
2,10,179,2025,1,2,3,2,6,5498
2,9999,9999,2025,1,2,5,2,6,10241
2,3,180,2025,1,2,5,2,6,721
2,10,179,2025,1,2,5,2,6,1688
2,9999,9999,2025,1,2,6,2,6,16007
2,3,180,2025,1,2,6,2,6,3244
2,10,179,2025,1,2,6,2,6,7918
2,9999,9999,2025,1,2,7,2,6,5806
2,3,180,2025,1,2,7,2,6,6982
2,10,179,2025,1,2,7,2,6,9431
2,9999,9999,2025,1,2,8,2,6,14878
2,3,180,2025,1,2,8,2,6,5485
2,10,179,2025,1,2,8,2,6,3882
2,9999,9999,2025,1,2,9,2,6,18681
2,3,180,2025,1,2,9,2,6,8930
2,10,179,2025,1,2,9,2,6,11863
2,9999,9999,2025,1,2,10,2,6,4700
2,10,179,2025,1,2,10,2,6,603
2,9999,9999,2025,1,2,1,2,7,8522
2,9999,9999,2025,1,2,3,2,7,9760
2,3,180,2025,1,2,3,2,7,6539
2,10,179,2025,1,2,3,2,7,10044
2,9999,9999,2025,1,2,4,2,7,1259
2,3,180,2025,1,2,4,2,7,903
2,9999,9999,2025,1,2,5,2,7,13429
2,3,180,2025,1,2,5,2,7,3199
2,10,179,2025,1,2,5,2,7,701
2,9999,9999,2025,1,2,6,2,7,36094
2,3,180,2025,1,2,6,2,7,9152
2,10,179,2025,1,2,6,2,7,11365
2,9999,9999,2025,1,2,7,2,7,16965
2,3,180,2025,1,2,7,2,7,3404
2,10,179,2025,1,2,7,2,7,2374
2,9999,9999,2025,1,2,8,2,7,14330
2,3,180,2025,1,2,8,2,7,2783
2,10,179,2025,1,2,8,2,7,10032
2,9999,9999,2025,1,2,9,2,7,39424
2,3,180,2025,1,2,9,2,7,6942
2,10,179,2025,1,2,9,2,7,10261
2,9999,9999,2025,1,2,10,2,7,5328
2,10,179,2025,1,2,10,2,7,963
2,9999,9999,2025,1,2,1,2,8,8427
2,3,180,2025,1,2,1,2,8,3277
2,10,179,2025,1,2,1,2,8,894
2,9999,9999,2025,1,2,3,2,8,4566
2,3,180,2025,1,2,3,2,8,2945
2,10,179,2025,1,2,3,2,8,10469
2,9999,9999,2025,1,2,4,2,8,2054
2,3,180,2025,1,2,4,2,8,987
2,9999,9999,2025,1,2,5,2,8,15146
2,3,180,2025,1,2,5,2,8,3772
2,10,179,2025,1,2,5,2,8,2987
2,9999,9999,2025,1,2,6,2,8,17109
2,3,180,2025,1,2,6,2,8,5694
2,10,179,2025,1,2,6,2,8,4749
2,9999,9999,2025,1,2,7,2,8,7267
2,3,180,2025,1,2,7,2,8,2505
2,10,179,2025,1,2,7,2,8,7314
2,9999,9999,2025,1,2,8,2,8,11720
2,3,180,2025,1,2,8,2,8,8923
2,10,179,2025,1,2,8,2,8,10074
2,9999,9999,2025,1,2,9,2,8,22720
2,3,180,2025,1,2,9,2,8,10035
2,10,179,2025,1,2,9,2,8,7004
2,9999,9999,2025,1,2,10,2,8,9009
2,3,180,2025,1,2,10,2,8,1206
2,10,179,2025,1,2,10,2,8,1620
2,9999,9999,2025,1,2,1,2,9,6325
2,3,180,2025,1,2,1,2,9,1117
2,10,179,2025,1,2,1,2,9,1341
2,9999,9999,2025,1,2,3,2,9,5435
2,3,180,2025,1,2,3,2,9,3668
2,10,179,2025,1,2,3,2,9,11070
2,9999,9999,2025,1,2,4,2,9,700
2,9999,9999,2025,1,2,5,2,9,11003
2,3,180,2025,1,2,5,2,9,5046
2,10,179,2025,1,2,5,2,9,2686
2,9999,9999,2025,1,2,6,2,9,14103
2,3,180,2025,1,2,6,2,9,9838
2,10,179,2025,1,2,6,2,9,9535
2,9999,9999,2025,1,2,7,2,9,5182
2,3,180,2025,1,2,7,2,9,1913
2,10,179,2025,1,2,7,2,9,8671
2,9999,9999,2025,1,2,8,2,9,14141
2,3,180,2025,1,2,8,2,9,8450
2,10,179,2025,1,2,8,2,9,14397
2,9999,9999,2025,1,2,9,2,9,33568
2,3,180,2025,1,2,9,2,9,14015
2,10,179,2025,1,2,9,2,9,17160
2,9999,9999,2025,1,2,10,2,9,11346
2,10,179,2025,1,2,10,2,9,7403
2,9999,9999,2025,1,2,1,2,10,13570
2,3,180,2025,1,2,1,2,10,2977
2,10,179,2025,1,2,1,2,10,1425
2,9999,9999,2025,1,2,3,2,10,4316
2,3,180,2025,1,2,3,2,10,5231
2,10,179,2025,1,2,3,2,10,12532
2,3,180,2025,1,2,4,2,10,2173
2,10,179,2025,1,2,4,2,10,993
2,9999,9999,2025,1,2,5,2,10,5508
2,3,180,2025,1,2,5,2,10,1683
2,10,179,2025,1,2,5,2,10,1130
2,9999,9999,2025,1,2,6,2,10,12877
2,3,180,2025,1,2,6,2,10,4818
2,10,179,2025,1,2,6,2,10,9663
2,9999,9999,2025,1,2,7,2,10,7289
2,10,179,2025,1,2,7,2,10,6635
2,9999,9999,2025,1,2,8,2,10,12135
2,3,180,2025,1,2,8,2,10,6330
2,10,179,2025,1,2,8,2,10,9013
2,9999,9999,2025,1,2,9,2,10,31929
2,3,180,2025,1,2,9,2,10,17969
2,10,179,2025,1,2,9,2,10,11209
2,9999,9999,2025,1,2,10,2,10,10222
2,3,180,2025,1,2,10,2,10,3258
2,10,179,2025,1,2,10,2,10,4923
2,9999,9999,2025,1,2,1,2,11,7759
2,3,180,2025,1,2,1,2,11,738
2,10,179,2025,1,2,1,2,11,1639
2,9999,9999,2025,1,2,3,2,11,5480
2,3,180,2025,1,2,3,2,11,4071
2,10,179,2025,1,2,3,2,11,6092
2,9999,9999,2025,1,2,4,2,11,1465
2,9999,9999,2025,1,2,5,2,11,11465
2,3,180,2025,1,2,5,2,11,1064
2,10,179,2025,1,2,5,2,11,1847
2,9999,9999,2025,1,2,6,2,11,8607
2,3,180,2025,1,2,6,2,11,3760
2,10,179,2025,1,2,6,2,11,6558
2,9999,9999,2025,1,2,7,2,11,2644
2,10,179,2025,1,2,7,2,11,11867
2,9999,9999,2025,1,2,8,2,11,6396
2,3,180,2025,1,2,8,2,11,1996
2,10,179,2025,1,2,8,2,11,7128
2,9999,9999,2025,1,2,9,2,11,38396
2,3,180,2025,1,2,9,2,11,16014
2,10,179,2025,1,2,9,2,11,14492
2,9999,9999,2025,1,2,10,2,11,8830
2,3,180,2025,1,2,10,2,11,3425
2,10,179,2025,1,2,10,2,11,955
2,9999,9999,2025,1,2,1,2,12,4703
2,9999,9999,2025,1,2,3,2,12,2892
2,3,180,2025,1,2,3,2,12,509
2,10,179,2025,1,2,3,2,12,2173
2,9999,9999,2025,1,2,5,2,12,5720
2,10,179,2025,1,2,5,2,12,682
2,9999,9999,2025,1,2,6,2,12,4904
2,3,180,2025,1,2,6,2,12,3322
2,10,179,2025,1,2,6,2,12,1331
2,9999,9999,2025,1,2,7,2,12,1404
2,10,179,2025,1,2,7,2,12,1008
2,9999,9999,2025,1,2,8,2,12,6426
2,3,180,2025,1,2,8,2,12,3264
2,10,179,2025,1,2,8,2,12,9413
2,9999,9999,2025,1,2,9,2,12,22463
2,3,180,2025,1,2,9,2,12,8830
2,10,179,2025,1,2,9,2,12,9120
2,9999,9999,2025,1,2,10,2,12,4701
2,3,180,2025,1,2,10,2,12,1131
2,10,179,2025,1,2,10,2,12,3101
2,9999,9999,2025,1,2,1,2,13,1624
2,9999,9999,2025,1,2,3,2,13,1088
2,3,180,2025,1,2,3,2,13,1133
2,10,179,2025,1,2,3,2,13,2836
2,9999,9999,2025,1,2,4,2,13,2090
2,9999,9999,2025,1,2,5,2,13,1141
2,10,179,2025,1,2,5,2,13,964
2,9999,9999,2025,1,2,6,2,13,3051
2,3,180,2025,1,2,6,2,13,757
2,10,179,2025,1,2,6,2,13,2176
2,9999,9999,2025,1,2,7,2,13,1371
2,3,180,2025,1,2,7,2,13,1843
2,10,179,2025,1,2,7,2,13,561
2,9999,9999,2025,1,2,8,2,13,763
2,10,179,2025,1,2,8,2,13,3673
2,9999,9999,2025,1,2,9,2,13,13241
2,3,180,2025,1,2,9,2,13,2232
2,10,179,2025,1,2,9,2,13,2009
2,9999,9999,2025,1,2,10,2,13,1298
3,9999,9999,2025,1,2,1,2,4,1836
3,9999,9999,2025,1,2,5,2,4,265
3,15,202,2025,1,2,6,2,4,631
3,9999,9999,2025,1,2,9,2,4,1848
3,9999,9999,2025,1,2,1,2,5,3160
3,15,202,2025,1,2,1,2,5,1677
3,9999,9999,2025,1,2,3,2,5,3406
3,15,202,2025,1,2,3,2,5,1358
3,9999,9999,2025,1,2,5,2,5,4106
3,15,202,2025,1,2,5,2,5,682
3,9999,9999,2025,1,2,6,2,5,8365
3,15,202,2025,1,2,6,2,5,5909
3,9999,9999,2025,1,2,7,2,5,653
3,9999,9999,2025,1,2,8,2,5,398
3,15,202,2025,1,2,8,2,5,492
3,9999,9999,2025,1,2,9,2,5,4997
3,15,202,2025,1,2,9,2,5,2293
3,9999,9999,2025,1,2,10,2,5,1103
3,9999,9999,2025,1,2,1,2,6,6546
3,15,202,2025,1,2,1,2,6,940
3,9999,9999,2025,1,2,2,2,6,925
3,9999,9999,2025,1,2,3,2,6,4510
3,15,202,2025,1,2,3,2,6,5480
3,9999,9999,2025,1,2,5,2,6,4894
3,15,202,2025,1,2,5,2,6,3461
3,9999,9999,2025,1,2,6,2,6,14979
3,15,202,2025,1,2,6,2,6,5512
3,9999,9999,2025,1,2,7,2,6,921
3,15,202,2025,1,2,7,2,6,1495
3,9999,9999,2025,1,2,8,2,6,6795
3,15,202,2025,1,2,8,2,6,3273
3,9999,9999,2025,1,2,9,2,6,11082
3,15,202,2025,1,2,9,2,6,5427
3,9999,9999,2025,1,2,10,2,6,1463
3,15,202,2025,1,2,10,2,6,640
3,9999,9999,2025,1,2,1,2,7,8714
3,9999,9999,2025,1,2,2,2,7,3613
3,9999,9999,2025,1,2,3,2,7,6871
3,15,202,2025,1,2,3,2,7,4998
3,9999,9999,2025,1,2,5,2,7,10446
3,15,202,2025,1,2,5,2,7,1886
3,9999,9999,2025,1,2,6,2,7,16554
3,15,202,2025,1,2,6,2,7,13661
3,9999,9999,2025,1,2,7,2,7,2532
3,15,202,2025,1,2,7,2,7,3310
3,9999,9999,2025,1,2,8,2,7,9062
3,15,202,2025,1,2,8,2,7,9953
3,9999,9999,2025,1,2,9,2,7,12450
3,15,202,2025,1,2,9,2,7,7758
3,9999,9999,2025,1,2,10,2,7,3336
3,15,202,2025,1,2,10,2,7,2622
3,9999,9999,2025,1,2,1,2,8,8562
3,15,202,2025,1,2,1,2,8,655
3,9999,9999,2025,1,2,2,2,8,5412
3,9999,9999,2025,1,2,3,2,8,8701
3,15,202,2025,1,2,3,2,8,5071
3,9999,9999,2025,1,2,5,2,8,2550
3,15,202,2025,1,2,5,2,8,1663
3,9999,9999,2025,1,2,6,2,8,14752
3,15,202,2025,1,2,6,2,8,5684
3,9999,9999,2025,1,2,7,2,8,2736
3,15,202,2025,1,2,7,2,8,3289
3,9999,9999,2025,1,2,8,2,8,14587
3,15,202,2025,1,2,8,2,8,6325
3,9999,9999,2025,1,2,9,2,8,24879
3,15,202,2025,1,2,9,2,8,12932
3,9999,9999,2025,1,2,10,2,8,8521
3,15,202,2025,1,2,10,2,8,2739
3,9999,9999,2025,1,2,1,2,9,8507
3,9999,9999,2025,1,2,2,2,9,2469
3,9999,9999,2025,1,2,3,2,9,5406
3,15,202,2025,1,2,3,2,9,1345
3,9999,9999,2025,1,2,4,2,9,1469
3,15,202,2025,1,2,4,2,9,1347
3,9999,9999,2025,1,2,5,2,9,5633
3,15,202,2025,1,2,5,2,9,2513
3,9999,9999,2025,1,2,6,2,9,13052
3,15,202,2025,1,2,6,2,9,8748
3,9999,9999,2025,1,2,7,2,9,669
3,15,202,2025,1,2,7,2,9,3473
3,9999,9999,2025,1,2,8,2,9,9040
3,15,202,2025,1,2,8,2,9,5742
3,9999,9999,2025,1,2,9,2,9,19033
3,15,202,2025,1,2,9,2,9,11800
3,9999,9999,2025,1,2,10,2,9,7656
3,15,202,2025,1,2,10,2,9,1556
3,9999,9999,2025,1,2,1,2,10,8756
3,9999,9999,2025,1,2,2,2,10,1994
3,9999,9999,2025,1,2,3,2,10,4246
3,15,202,2025,1,2,3,2,10,1256
3,15,202,2025,1,2,4,2,10,710
3,9999,9999,2025,1,2,5,2,10,4363
3,15,202,2025,1,2,5,2,10,2773
3,9999,9999,2025,1,2,6,2,10,11588
3,15,202,2025,1,2,6,2,10,6394
3,9999,9999,2025,1,2,7,2,10,760
3,15,202,2025,1,2,7,2,10,757
3,9999,9999,2025,1,2,8,2,10,12266
3,15,202,2025,1,2,8,2,10,3825
3,9999,9999,2025,1,2,9,2,10,20203
3,15,202,2025,1,2,9,2,10,9625
3,9999,9999,2025,1,2,10,2,10,7385
3,15,202,2025,1,2,10,2,10,4356
3,9999,9999,2025,1,2,1,2,11,6698
3,15,202,2025,1,2,1,2,11,1105
3,9999,9999,2025,1,2,2,2,11,3838
3,9999,9999,2025,1,2,3,2,11,3261
3,15,202,2025,1,2,3,2,11,1607
3,9999,9999,2025,1,2,5,2,11,1646
3,15,202,2025,1,2,5,2,11,3741
3,9999,9999,2025,1,2,6,2,11,7268
3,15,202,2025,1,2,6,2,11,5570
3,9999,9999,2025,1,2,7,2,11,4361
3,15,202,2025,1,2,7,2,11,1826
3,9999,9999,2025,1,2,8,2,11,5713
3,15,202,2025,1,2,8,2,11,2600
3,9999,9999,2025,1,2,9,2,11,18407
3,15,202,2025,1,2,9,2,11,14603
3,9999,9999,2025,1,2,10,2,11,7791
3,15,202,2025,1,2,10,2,11,3113
3,9999,9999,2025,1,2,1,2,12,4053
3,15,202,2025,1,2,1,2,12,1272
3,9999,9999,2025,1,2,2,2,12,2650
3,9999,9999,2025,1,2,3,2,12,3996
3,9999,9999,2025,1,2,5,2,12,1547
3,9999,9999,2025,1,2,6,2,12,4935
3,15,202,2025,1,2,6,2,12,2232
3,9999,9999,2025,1,2,8,2,12,4229
3,15,202,2025,1,2,8,2,12,2413
3,9999,9999,2025,1,2,9,2,12,8014
3,15,202,2025,1,2,9,2,12,9988
3,9999,9999,2025,1,2,10,2,12,11093
3,15,202,2025,1,2,10,2,12,4810
3,9999,9999,2025,1,2,1,2,13,1614
3,15,202,2025,1,2,3,2,13,681
3,9999,9999,2025,1,2,5,2,13,999
3,9999,9999,2025,1,2,6,2,13,1145
3,15,202,2025,1,2,6,2,13,1258
3,9999,9999,2025,1,2,7,2,13,791
3,9999,9999,2025,1,2,8,2,13,3020
3,15,202,2025,1,2,8,2,13,941
3,9999,9999,2025,1,2,9,2,13,5711
3,15,202,2025,1,2,9,2,13,418
3,9999,9999,2025,1,2,10,2,13,2627
3,15,202,2025,1,2,10,2,13,1097
4,9999,9999,2025,1,2,3,2,4,1180
4,29,168,2025,1,2,3,2,4,843
4,9999,9999,2025,1,2,5,2,4,1270
4,29,168,2025,1,2,5,2,4,1761
4,29,168,2025,1,2,6,2,4,2017
4,9999,9999,2025,1,2,8,2,4,3405
4,29,168,2025,1,2,8,2,4,408
4,29,168,2025,1,2,9,2,4,1364
4,29,168,2025,1,2,10,2,4,460
4,9999,9999,2025,1,2,1,2,5,9684
4,9999,9999,2025,1,2,3,2,5,10532
4,29,168,2025,1,2,3,2,5,6973
4,29,168,2025,1,2,4,2,5,1390
4,9999,9999,2025,1,2,5,2,5,2766
4,29,168,2025,1,2,5,2,5,2829
4,9999,9999,2025,1,2,6,2,5,28498
4,29,168,2025,1,2,6,2,5,22898
4,9999,9999,2025,1,2,7,2,5,3276
4,29,168,2025,1,2,7,2,5,4261
4,9999,9999,2025,1,2,8,2,5,2304
4,29,168,2025,1,2,8,2,5,15703
4,9999,9999,2025,1,2,9,2,5,8812
4,29,168,2025,1,2,9,2,5,18854
4,9999,9999,2025,1,2,10,2,5,2082
4,9999,9999,2025,1,2,1,2,6,17900
4,9999,9999,2025,1,2,3,2,6,26144
4,29,168,2025,1,2,3,2,6,14602
4,9999,9999,2025,1,2,4,2,6,967
4,29,168,2025,1,2,4,2,6,654
4,9999,9999,2025,1,2,5,2,6,15241
4,29,168,2025,1,2,5,2,6,12630
4,9999,9999,2025,1,2,6,2,6,58251
4,29,168,2025,1,2,6,2,6,40276
4,9999,9999,2025,1,2,7,2,6,13459
4,29,168,2025,1,2,7,2,6,10521
4,9999,9999,2025,1,2,8,2,6,27247
4,29,168,2025,1,2,8,2,6,33882
4,9999,9999,2025,1,2,9,2,6,40507
4,29,168,2025,1,2,9,2,6,23802
4,9999,9999,2025,1,2,10,2,6,10129
4,29,168,2025,1,2,10,2,6,4259
4,9999,9999,2025,1,2,1,2,7,21555
4,29,168,2025,1,2,1,2,7,761
4,9999,9999,2025,1,2,2,2,7,1898
4,9999,9999,2025,1,2,3,2,7,30995
4,29,168,2025,1,2,3,2,7,32035
4,9999,9999,2025,1,2,4,2,7,3157
4,9999,9999,2025,1,2,5,2,7,16471
4,29,168,2025,1,2,5,2,7,9747
4,9999,9999,2025,1,2,6,2,7,62388
4,29,168,2025,1,2,6,2,7,46535
4,9999,9999,2025,1,2,7,2,7,10430
4,29,168,2025,1,2,7,2,7,20071
4,9999,9999,2025,1,2,8,2,7,42058
4,29,168,2025,1,2,8,2,7,43427
4,9999,9999,2025,1,2,9,2,7,79940
4,29,168,2025,1,2,9,2,7,31093
4,9999,9999,2025,1,2,10,2,7,23965
4,29,168,2025,1,2,10,2,7,12292
4,9999,9999,2025,1,2,1,2,8,18090
4,29,168,2025,1,2,1,2,8,398
4,9999,9999,2025,1,2,2,2,8,1963
4,9999,9999,2025,1,2,3,2,8,26651
4,29,168,2025,1,2,3,2,8,36795
4,9999,9999,2025,1,2,4,2,8,2505
4,29,168,2025,1,2,4,2,8,1080
4,9999,9999,2025,1,2,5,2,8,15635
4,29,168,2025,1,2,5,2,8,9874
4,9999,9999,2025,1,2,6,2,8,43151
4,29,168,2025,1,2,6,2,8,45919
4,9999,9999,2025,1,2,7,2,8,14489
4,29,168,2025,1,2,7,2,8,9560
4,9999,9999,2025,1,2,8,2,8,26277
4,29,168,2025,1,2,8,2,8,57321
4,9999,9999,2025,1,2,9,2,8,51428
4,29,168,2025,1,2,9,2,8,52811
4,9999,9999,2025,1,2,10,2,8,6381
4,29,168,2025,1,2,10,2,8,18831
4,9999,9999,2025,1,2,1,2,9,17404
4,9999,9999,2025,1,2,2,2,9,1453
4,9999,9999,2025,1,2,3,2,9,18250
4,29,168,2025,1,2,3,2,9,32716
4,9999,9999,2025,1,2,4,2,9,1042
4,9999,9999,2025,1,2,5,2,9,20159
4,29,168,2025,1,2,5,2,9,16240
4,9999,9999,2025,1,2,6,2,9,45501
4,29,168,2025,1,2,6,2,9,48772
4,9999,9999,2025,1,2,7,2,9,11685
4,29,168,2025,1,2,7,2,9,24246
4,9999,9999,2025,1,2,8,2,9,28764
4,29,168,2025,1,2,8,2,9,39371
4,9999,9999,2025,1,2,9,2,9,80044
4,29,168,2025,1,2,9,2,9,42737
4,9999,9999,2025,1,2,10,2,9,19024
4,29,168,2025,1,2,10,2,9,19710
4,9999,9999,2025,1,2,1,2,10,19754
4,29,168,2025,1,2,1,2,10,1078
4,9999,9999,2025,1,2,2,2,10,2317
4,29,168,2025,1,2,2,2,10,1041
4,9999,9999,2025,1,2,3,2,10,11369
4,29,168,2025,1,2,3,2,10,25144
4,9999,9999,2025,1,2,4,2,10,1022
4,9999,9999,2025,1,2,5,2,10,20230
4,29,168,2025,1,2,5,2,10,10421
4,9999,9999,2025,1,2,6,2,10,21683
4,29,168,2025,1,2,6,2,10,29850
4,9999,9999,2025,1,2,7,2,10,7316
4,29,168,2025,1,2,7,2,10,16648
4,9999,9999,2025,1,2,8,2,10,24294
4,29,168,2025,1,2,8,2,10,34159
4,9999,9999,2025,1,2,9,2,10,56756
4,29,168,2025,1,2,9,2,10,43352
4,9999,9999,2025,1,2,10,2,10,13717
4,29,168,2025,1,2,10,2,10,13628
4,9999,9999,2025,1,2,1,2,11,8000
4,29,168,2025,1,2,1,2,11,7224
4,9999,9999,2025,1,2,3,2,11,13164
4,29,168,2025,1,2,3,2,11,22472
4,29,168,2025,1,2,4,2,11,1365
4,9999,9999,2025,1,2,5,2,11,10950
4,29,168,2025,1,2,5,2,11,8256
4,9999,9999,2025,1,2,6,2,11,29220
4,29,168,2025,1,2,6,2,11,19609
4,9999,9999,2025,1,2,7,2,11,2968
4,29,168,2025,1,2,7,2,11,8972
4,9999,9999,2025,1,2,8,2,11,15011
4,29,168,2025,1,2,8,2,11,29447
4,9999,9999,2025,1,2,9,2,11,57559
4,29,168,2025,1,2,9,2,11,15082
4,9999,9999,2025,1,2,10,2,11,16529
4,29,168,2025,1,2,10,2,11,11259
4,9999,9999,2025,1,2,1,2,12,5190
4,29,168,2025,1,2,1,2,12,724
4,9999,9999,2025,1,2,3,2,12,7527
4,29,168,2025,1,2,3,2,12,6476
4,9999,9999,2025,1,2,4,2,12,967
4,29,168,2025,1,2,4,2,12,924
4,9999,9999,2025,1,2,5,2,12,10978
4,29,168,2025,1,2,5,2,12,9752
4,9999,9999,2025,1,2,6,2,12,6561
4,29,168,2025,1,2,6,2,12,17754
4,9999,9999,2025,1,2,7,2,12,3462
4,29,168,2025,1,2,7,2,12,10073
4,9999,9999,2025,1,2,8,2,12,10642
4,29,168,2025,1,2,8,2,12,16410
4,9999,9999,2025,1,2,9,2,12,34537
4,29,168,2025,1,2,9,2,12,22230
4,9999,9999,2025,1,2,10,2,12,9589
4,29,168,2025,1,2,10,2,12,8573
4,9999,9999,2025,1,2,1,2,13,3752
4,9999,9999,2025,1,2,3,2,13,1509
4,29,168,2025,1,2,3,2,13,5958
4,29,168,2025,1,2,4,2,13,1724
4,9999,9999,2025,1,2,5,2,13,4171
4,29,168,2025,1,2,5,2,13,1055
4,9999,9999,2025,1,2,6,2,13,5589
4,29,168,2025,1,2,6,2,13,4773
4,9999,9999,2025,1,2,7,2,13,2997
4,29,168,2025,1,2,7,2,13,1722
4,9999,9999,2025,1,2,8,2,13,4368
4,29,168,2025,1,2,8,2,13,6051
4,9999,9999,2025,1,2,9,2,13,13919
4,29,168,2025,1,2,9,2,13,11272
4,9999,9999,2025,1,2,10,2,13,3196
4,29,168,2025,1,2,10,2,13,3736
5,9999,9999,2025,1,2,3,2,4,778
5,9999,9999,2025,1,2,6,2,4,2791
5,9999,9999,2025,1,2,9,2,4,921
5,9999,9999,2025,1,2,1,2,5,7946
5,9999,9999,2025,1,2,3,2,5,2370
5,9999,9999,2025,1,2,5,2,5,3023
5,9999,9999,2025,1,2,6,2,5,15618
5,9999,9999,2025,1,2,7,2,5,2070
5,9999,9999,2025,1,2,8,2,5,3707
5,9999,9999,2025,1,2,9,2,5,8111
5,9999,9999,2025,1,2,1,2,6,5137
5,9999,9999,2025,1,2,2,2,6,6278
5,9999,9999,2025,1,2,3,2,6,7363
5,9999,9999,2025,1,2,4,2,6,1007
5,9999,9999,2025,1,2,5,2,6,14412
5,9999,9999,2025,1,2,6,2,6,31002
5,9999,9999,2025,1,2,7,2,6,5822
5,9999,9999,2025,1,2,8,2,6,15102
5,9999,9999,2025,1,2,9,2,6,15910
5,9999,9999,2025,1,2,10,2,6,1810
5,9999,9999,2025,1,2,1,2,7,8226
5,9999,9999,2025,1,2,2,2,7,9435
5,9999,9999,2025,1,2,3,2,7,5908
5,9999,9999,2025,1,2,5,2,7,8455
5,9999,9999,2025,1,2,6,2,7,18140
5,9999,9999,2025,1,2,7,2,7,7978
5,9999,9999,2025,1,2,8,2,7,19654
5,9999,9999,2025,1,2,9,2,7,17713
5,9999,9999,2025,1,2,10,2,7,3934
5,9999,9999,2025,1,2,1,2,8,10967
5,9999,9999,2025,1,2,2,2,8,14312
5,9999,9999,2025,1,2,3,2,8,7042
5,9999,9999,2025,1,2,5,2,8,5180
5,9999,9999,2025,1,2,6,2,8,23572
5,9999,9999,2025,1,2,7,2,8,4957
5,9999,9999,2025,1,2,8,2,8,19646
5,9999,9999,2025,1,2,9,2,8,26991
5,9999,9999,2025,1,2,10,2,8,3611
5,9999,9999,2025,1,2,1,2,9,6297
5,9999,9999,2025,1,2,2,2,9,25908
5,9999,9999,2025,1,2,3,2,9,8433
5,9999,9999,2025,1,2,5,2,9,13013
5,9999,9999,2025,1,2,6,2,9,16859
5,9999,9999,2025,1,2,7,2,9,4985
5,9999,9999,2025,1,2,8,2,9,14931
5,9999,9999,2025,1,2,9,2,9,33284
5,9999,9999,2025,1,2,10,2,9,8353
5,9999,9999,2025,1,2,1,2,10,6718
5,9999,9999,2025,1,2,2,2,10,30471
5,9999,9999,2025,1,2,3,2,10,4838
5,9999,9999,2025,1,2,5,2,10,7721
5,9999,9999,2025,1,2,6,2,10,18592
5,9999,9999,2025,1,2,7,2,10,5400
5,9999,9999,2025,1,2,8,2,10,17953
5,9999,9999,2025,1,2,9,2,10,32859
5,9999,9999,2025,1,2,10,2,10,5065
5,9999,9999,2025,1,2,1,2,11,4695
5,9999,9999,2025,1,2,2,2,11,16050
5,9999,9999,2025,1,2,3,2,11,6947
5,9999,9999,2025,1,2,5,2,11,8749
5,9999,9999,2025,1,2,6,2,11,13905
5,9999,9999,2025,1,2,7,2,11,12557
5,9999,9999,2025,1,2,8,2,11,21631
5,9999,9999,2025,1,2,9,2,11,45807
5,9999,9999,2025,1,2,10,2,11,13376
5,9999,9999,2025,1,2,1,2,12,5506
5,9999,9999,2025,1,2,2,2,12,4503
5,9999,9999,2025,1,2,3,2,12,1762
5,9999,9999,2025,1,2,5,2,12,4053
5,9999,9999,2025,1,2,6,2,12,9876
5,9999,9999,2025,1,2,7,2,12,3890
5,9999,9999,2025,1,2,8,2,12,5825
5,9999,9999,2025,1,2,9,2,12,35062
5,9999,9999,2025,1,2,10,2,12,15406
5,9999,9999,2025,1,2,1,2,13,2889
5,9999,9999,2025,1,2,2,2,13,2996
5,9999,9999,2025,1,2,3,2,13,2383
5,9999,9999,2025,1,2,6,2,13,2373
5,9999,9999,2025,1,2,8,2,13,3130
5,9999,9999,2025,1,2,9,2,13,3876
5,9999,9999,2025,1,2,10,2,13,2948
6,18,37,2025,1,2,3,2,4,1433
6,1,213,2025,1,2,6,2,4,2539
6,2,212,2025,1,2,6,2,4,4200
6,2,212,2025,1,2,8,2,4,483
6,18,37,2025,1,2,8,2,4,1844
6,2,212,2025,1,2,9,2,4,672
6,2,212,2025,1,2,1,2,5,1079
6,9999,9999,2025,1,2,2,2,5,1148
6,1,213,2025,1,2,3,2,5,5581
6,9999,9999,2025,1,2,3,2,5,7342
6,18,37,2025,1,2,3,2,5,5434
6,2,212,2025,1,2,3,2,5,8152
6,18,37,2025,1,2,4,2,5,2230
6,18,37,2025,1,2,5,2,5,2534
6,1,213,2025,1,2,5,2,5,2497
6,2,212,2025,1,2,5,2,5,5832
6,1,213,2025,1,2,6,2,5,18789
6,9999,9999,2025,1,2,6,2,5,7307
6,18,37,2025,1,2,6,2,5,13931
6,2,212,2025,1,2,6,2,5,39847
6,18,37,2025,1,2,7,2,5,1568
6,1,213,2025,1,2,7,2,5,4176
6,2,212,2025,1,2,7,2,5,7064
6,1,213,2025,1,2,8,2,5,15167
6,9999,9999,2025,1,2,8,2,5,6836
6,18,37,2025,1,2,8,2,5,11633
6,2,212,2025,1,2,8,2,5,24469
6,1,213,2025,1,2,9,2,5,7577
6,9999,9999,2025,1,2,9,2,5,4316
6,18,37,2025,1,2,9,2,5,3435
6,2,212,2025,1,2,9,2,5,11871
6,18,37,2025,1,2,10,2,5,2492
6,2,212,2025,1,2,10,2,5,6003
6,18,37,2025,1,2,1,2,6,792
6,9999,9999,2025,1,2,1,2,6,2672
6,1,213,2025,1,2,1,2,6,785
6,2,212,2025,1,2,1,2,6,1055
6,9999,9999,2025,1,2,2,2,6,2628
6,2,212,2025,1,2,2,2,6,2534
6,1,213,2025,1,2,2,2,6,1109
6,18,37,2025,1,2,2,2,6,1056
6,9999,9999,2025,1,2,3,2,6,12099
6,1,213,2025,1,2,3,2,6,27615
6,2,212,2025,1,2,3,2,6,18429
6,18,37,2025,1,2,3,2,6,21254
6,1,213,2025,1,2,4,2,6,2543
6,2,212,2025,1,2,4,2,6,986
6,18,37,2025,1,2,4,2,6,1291
6,1,213,2025,1,2,5,2,6,6740
6,9999,9999,2025,1,2,5,2,6,6665
6,18,37,2025,1,2,5,2,6,5802
6,2,212,2025,1,2,5,2,6,10510
6,1,213,2025,1,2,6,2,6,44579
6,9999,9999,2025,1,2,6,2,6,21126
6,18,37,2025,1,2,6,2,6,37062
6,2,212,2025,1,2,6,2,6,50207
6,9999,9999,2025,1,2,7,2,6,1462
6,1,213,2025,1,2,7,2,6,16474
6,2,212,2025,1,2,7,2,6,16713
6,18,37,2025,1,2,7,2,6,12482
6,1,213,2025,1,2,8,2,6,28160
6,9999,9999,2025,1,2,8,2,6,12217
6,18,37,2025,1,2,8,2,6,31637
6,2,212,2025,1,2,8,2,6,62606
6,1,213,2025,1,2,9,2,6,20865
6,9999,9999,2025,1,2,9,2,6,14338
6,18,37,2025,1,2,9,2,6,21137
6,2,212,2025,1,2,9,2,6,57090
6,18,37,2025,1,2,10,2,6,5066
6,9999,9999,2025,1,2,10,2,6,1149
6,1,213,2025,1,2,10,2,6,5044
6,2,212,2025,1,2,10,2,6,15302
6,9999,9999,2025,1,2,1,2,7,2568
6,1,213,2025,1,2,1,2,7,881
6,2,212,2025,1,2,1,2,7,585
6,2,212,2025,1,2,2,2,7,1439
6,9999,9999,2025,1,2,2,2,7,8690
6,1,213,2025,1,2,3,2,7,36302
6,9999,9999,2025,1,2,3,2,7,10845
6,18,37,2025,1,2,3,2,7,13506
6,2,212,2025,1,2,3,2,7,20182
6,9999,9999,2025,1,2,4,2,7,2589
6,1,213,2025,1,2,4,2,7,2004
6,1,213,2025,1,2,5,2,7,7639
6,9999,9999,2025,1,2,5,2,7,8274
6,18,37,2025,1,2,5,2,7,7808
6,2,212,2025,1,2,5,2,7,14302
6,1,213,2025,1,2,6,2,7,32355
6,9999,9999,2025,1,2,6,2,7,13643
6,18,37,2025,1,2,6,2,7,44205
6,2,212,2025,1,2,6,2,7,75191
6,1,213,2025,1,2,7,2,7,28992
6,9999,9999,2025,1,2,7,2,7,3915
6,18,37,2025,1,2,7,2,7,11846
6,2,212,2025,1,2,7,2,7,26473
6,1,213,2025,1,2,8,2,7,34710
6,9999,9999,2025,1,2,8,2,7,14185
6,18,37,2025,1,2,8,2,7,45289
6,2,212,2025,1,2,8,2,7,77759
6,1,213,2025,1,2,9,2,7,33038
6,9999,9999,2025,1,2,9,2,7,19326
6,18,37,2025,1,2,9,2,7,40028
6,2,212,2025,1,2,9,2,7,55453
6,2,212,2025,1,2,10,2,7,12134
6,9999,9999,2025,1,2,10,2,7,4792
6,1,213,2025,1,2,10,2,7,3694
6,18,37,2025,1,2,10,2,7,5959
6,1,213,2025,1,2,1,2,8,529
6,9999,9999,2025,1,2,1,2,8,2064
6,1,213,2025,1,2,2,2,8,509
6,9999,9999,2025,1,2,2,2,8,8423
6,2,212,2025,1,2,2,2,8,1254
6,1,213,2025,1,2,3,2,8,34136
6,9999,9999,2025,1,2,3,2,8,7052
6,18,37,2025,1,2,3,2,8,18620
6,2,212,2025,1,2,3,2,8,27572
6,9999,9999,2025,1,2,4,2,8,3324
6,1,213,2025,1,2,4,2,8,912
6,2,212,2025,1,2,4,2,8,1663
6,1,213,2025,1,2,5,2,8,10467
6,9999,9999,2025,1,2,5,2,8,9795
6,18,37,2025,1,2,5,2,8,20892
6,2,212,2025,1,2,5,2,8,12535
6,1,213,2025,1,2,6,2,8,42810
6,9999,9999,2025,1,2,6,2,8,18586
6,18,37,2025,1,2,6,2,8,40696
6,2,212,2025,1,2,6,2,8,60373
6,1,213,2025,1,2,7,2,8,22225
6,9999,9999,2025,1,2,7,2,8,3118
6,18,37,2025,1,2,7,2,8,10105
6,2,212,2025,1,2,7,2,8,47860
6,1,213,2025,1,2,8,2,8,44454
6,9999,9999,2025,1,2,8,2,8,15365
6,18,37,2025,1,2,8,2,8,62676
6,2,212,2025,1,2,8,2,8,97453
6,1,213,2025,1,2,9,2,8,30199
6,9999,9999,2025,1,2,9,2,8,17079
6,18,37,2025,1,2,9,2,8,47734
6,2,212,2025,1,2,9,2,8,81783
6,1,213,2025,1,2,10,2,8,6658
6,9999,9999,2025,1,2,10,2,8,5998
6,18,37,2025,1,2,10,2,8,13212
6,2,212,2025,1,2,10,2,8,27048
6,18,37,2025,1,2,1,2,9,3102
6,9999,9999,2025,1,2,1,2,9,7028
6,1,213,2025,1,2,1,2,9,2995
6,2,212,2025,1,2,1,2,9,1309
6,9999,9999,2025,1,2,2,2,9,5560
6,2,212,2025,1,2,2,2,9,2469
6,1,213,2025,1,2,2,2,9,1268
6,18,37,2025,1,2,2,2,9,649
6,1,213,2025,1,2,3,2,9,40521
6,9999,9999,2025,1,2,3,2,9,9805
6,18,37,2025,1,2,3,2,9,17092
6,2,212,2025,1,2,3,2,9,29783
6,9999,9999,2025,1,2,4,2,9,944
6,2,212,2025,1,2,4,2,9,6061
6,1,213,2025,1,2,5,2,9,11393
6,9999,9999,2025,1,2,5,2,9,11292
6,18,37,2025,1,2,5,2,9,20499
6,2,212,2025,1,2,5,2,9,27340
6,1,213,2025,1,2,6,2,9,38467
6,9999,9999,2025,1,2,6,2,9,15558
6,18,37,2025,1,2,6,2,9,35506
6,2,212,2025,1,2,6,2,9,58174
6,9999,9999,2025,1,2,7,2,9,1208
6,1,213,2025,1,2,7,2,9,22826
6,2,212,2025,1,2,7,2,9,25446
6,18,37,2025,1,2,7,2,9,22123
6,1,213,2025,1,2,8,2,9,47206
6,9999,9999,2025,1,2,8,2,9,13973
6,18,37,2025,1,2,8,2,9,38848
6,2,212,2025,1,2,8,2,9,94965
6,1,213,2025,1,2,9,2,9,31758
6,9999,9999,2025,1,2,9,2,9,21517
6,18,37,2025,1,2,9,2,9,55220
6,2,212,2025,1,2,9,2,9,63855
6,2,212,2025,1,2,10,2,9,22356
6,9999,9999,2025,1,2,10,2,9,4913
6,1,213,2025,1,2,10,2,9,10249
6,18,37,2025,1,2,10,2,9,16784
6,1,213,2025,1,2,1,2,10,2491
6,9999,9999,2025,1,2,1,2,10,1689
6,18,37,2025,1,2,1,2,10,895
6,1,213,2025,1,2,2,2,10,750
6,9999,9999,2025,1,2,2,2,10,15010
6,2,212,2025,1,2,2,2,10,1718
6,9999,9999,2025,1,2,3,2,10,8103
6,1,213,2025,1,2,3,2,10,20498
6,2,212,2025,1,2,3,2,10,21729
6,18,37,2025,1,2,3,2,10,12075
6,9999,9999,2025,1,2,4,2,10,3160
6,1,213,2025,1,2,4,2,10,2388
6,2,212,2025,1,2,4,2,10,2257
6,18,37,2025,1,2,4,2,10,1056
6,1,213,2025,1,2,5,2,10,6558
6,9999,9999,2025,1,2,5,2,10,7411
6,18,37,2025,1,2,5,2,10,5312
6,2,212,2025,1,2,5,2,10,19381
6,1,213,2025,1,2,6,2,10,29425
6,9999,9999,2025,1,2,6,2,10,14098
6,18,37,2025,1,2,6,2,10,36879
6,2,212,2025,1,2,6,2,10,65759
6,2,212,2025,1,2,7,2,10,23342
6,9999,9999,2025,1,2,7,2,10,2283
6,1,213,2025,1,2,7,2,10,16120
6,18,37,2025,1,2,7,2,10,14924
6,1,213,2025,1,2,8,2,10,26112
6,9999,9999,2025,1,2,8,2,10,8820
6,18,37,2025,1,2,8,2,10,45127
6,2,212,2025,1,2,8,2,10,84063
6,1,213,2025,1,2,9,2,10,30247
6,9999,9999,2025,1,2,9,2,10,15688
6,18,37,2025,1,2,9,2,10,57566
6,2,212,2025,1,2,9,2,10,61199
6,1,213,2025,1,2,10,2,10,15037
6,9999,9999,2025,1,2,10,2,10,4081
6,18,37,2025,1,2,10,2,10,21177
6,2,212,2025,1,2,10,2,10,17062
6,9999,9999,2025,1,2,1,2,11,3579
6,9999,9999,2025,1,2,2,2,11,14197
6,2,212,2025,1,2,2,2,11,1409
6,1,213,2025,1,2,3,2,11,13907
6,9999,9999,2025,1,2,3,2,11,8480
6,18,37,2025,1,2,3,2,11,16776
6,2,212,2025,1,2,3,2,11,11587
6,1,213,2025,1,2,4,2,11,1537
6,1,213,2025,1,2,5,2,11,6104
6,9999,9999,2025,1,2,5,2,11,9574
6,18,37,2025,1,2,5,2,11,6598
6,2,212,2025,1,2,5,2,11,26849
6,1,213,2025,1,2,6,2,11,20540
6,9999,9999,2025,1,2,6,2,11,18337
6,18,37,2025,1,2,6,2,11,17273
6,2,212,2025,1,2,6,2,11,40181
6,2,212,2025,1,2,7,2,11,14450
6,9999,9999,2025,1,2,7,2,11,4239
6,1,213,2025,1,2,7,2,11,11796
6,18,37,2025,1,2,7,2,11,13568
6,1,213,2025,1,2,8,2,11,19401
6,9999,9999,2025,1,2,8,2,11,7956
6,18,37,2025,1,2,8,2,11,43978
6,2,212,2025,1,2,8,2,11,42259
6,1,213,2025,1,2,9,2,11,36150
6,9999,9999,2025,1,2,9,2,11,24683
6,18,37,2025,1,2,9,2,11,56382
6,2,212,2025,1,2,9,2,11,35927
6,1,213,2025,1,2,10,2,11,7559
6,9999,9999,2025,1,2,10,2,11,5746
6,18,37,2025,1,2,10,2,11,8956
6,2,212,2025,1,2,10,2,11,13780
6,2,212,2025,1,2,11,2,11,1649
6,2,212,2025,1,2,1,2,12,1476
6,9999,9999,2025,1,2,2,2,12,4142
6,18,37,2025,1,2,2,2,12,1704
6,1,213,2025,1,2,2,2,12,2218
6,2,212,2025,1,2,3,2,12,10136
6,9999,9999,2025,1,2,3,2,12,10274
6,1,213,2025,1,2,3,2,12,12608
6,18,37,2025,1,2,3,2,12,6889
6,9999,9999,2025,1,2,4,2,12,3631
6,18,37,2025,1,2,5,2,12,8655
6,9999,9999,2025,1,2,5,2,12,4234
6,1,213,2025,1,2,5,2,12,6219
6,2,212,2025,1,2,5,2,12,13918
6,1,213,2025,1,2,6,2,12,15899
6,9999,9999,2025,1,2,6,2,12,6847
6,18,37,2025,1,2,6,2,12,4554
6,2,212,2025,1,2,6,2,12,20807
6,9999,9999,2025,1,2,7,2,12,1783
6,1,213,2025,1,2,7,2,12,4670
6,2,212,2025,1,2,7,2,12,15388
6,18,37,2025,1,2,7,2,12,4382
6,1,213,2025,1,2,8,2,12,27542
6,9999,9999,2025,1,2,8,2,12,5831
6,18,37,2025,1,2,8,2,12,28027
6,2,212,2025,1,2,8,2,12,35950
6,1,213,2025,1,2,9,2,12,21020
6,9999,9999,2025,1,2,9,2,12,13470
6,18,37,2025,1,2,9,2,12,32285
6,2,212,2025,1,2,9,2,12,18080
6,1,213,2025,1,2,10,2,12,8570
6,9999,9999,2025,1,2,10,2,12,10287
6,18,37,2025,1,2,10,2,12,3756
6,2,212,2025,1,2,10,2,12,12629
6,18,37,2025,1,2,11,2,12,1768
6,18,37,2025,1,2,1,2,13,692
6,9999,9999,2025,1,2,2,2,13,992
6,9999,9999,2025,1,2,3,2,13,2857
6,1,213,2025,1,2,3,2,13,7432
6,2,212,2025,1,2,3,2,13,6715
6,18,37,2025,1,2,3,2,13,4982
6,9999,9999,2025,1,2,4,2,13,3267
6,18,37,2025,1,2,4,2,13,1216
6,1,213,2025,1,2,5,2,13,645
6,2,212,2025,1,2,5,2,13,5528
6,18,37,2025,1,2,5,2,13,3929
6,1,213,2025,1,2,6,2,13,5821
6,9999,9999,2025,1,2,6,2,13,4859
6,18,37,2025,1,2,6,2,13,2329
6,2,212,2025,1,2,6,2,13,8500
6,9999,9999,2025,1,2,7,2,13,761
6,1,213,2025,1,2,7,2,13,4021
6,2,212,2025,1,2,7,2,13,2039
6,18,37,2025,1,2,7,2,13,5072
6,2,212,2025,1,2,8,2,13,10455
6,9999,9999,2025,1,2,8,2,13,5240
6,1,213,2025,1,2,8,2,13,11051
6,18,37,2025,1,2,8,2,13,9611
6,1,213,2025,1,2,9,2,13,12955
6,9999,9999,2025,1,2,9,2,13,3411
6,18,37,2025,1,2,9,2,13,18996
6,2,212,2025,1,2,9,2,13,11199
6,18,37,2025,1,2,10,2,13,4275
6,9999,9999,2025,1,2,10,2,13,776
6,1,213,2025,1,2,10,2,13,4831
6,2,212,2025,1,2,10,2,13,2027
6,18,37,2025,1,2,11,2,13,1082
7,9999,9999,2025,1,2,1,2,4,2930
7,9999,9999,2025,1,2,4,2,4,525
7,9999,9999,2025,1,2,5,2,4,618
7,9999,9999,2025,1,2,6,2,4,3998
7,9999,9999,2025,1,2,8,2,4,1188
7,9999,9999,2025,1,2,9,2,4,2702
7,9999,9999,2025,1,2,10,2,4,410
7,9999,9999,2025,1,2,1,2,5,6759
7,9999,9999,2025,1,2,2,2,5,1434
7,9999,9999,2025,1,2,3,2,5,4976
7,9999,9999,2025,1,2,4,2,5,1018
7,9999,9999,2025,1,2,5,2,5,4182
7,9999,9999,2025,1,2,6,2,5,23462
7,9999,9999,2025,1,2,7,2,5,1793
7,9999,9999,2025,1,2,8,2,5,12761
7,9999,9999,2025,1,2,9,2,5,17538
7,9999,9999,2025,1,2,10,2,5,4507
7,9999,9999,2025,1,2,1,2,6,20350
7,9999,9999,2025,1,2,2,2,6,4753
7,9999,9999,2025,1,2,3,2,6,11797
7,9999,9999,2025,1,2,4,2,6,766
7,9999,9999,2025,1,2,5,2,6,12685
7,9999,9999,2025,1,2,6,2,6,39951
7,9999,9999,2025,1,2,7,2,6,14952
7,9999,9999,2025,1,2,8,2,6,17469
7,9999,9999,2025,1,2,9,2,6,25261
7,9999,9999,2025,1,2,10,2,6,5154
7,9999,9999,2025,1,2,1,2,7,13896
7,9999,9999,2025,1,2,2,2,7,12624
7,9999,9999,2025,1,2,3,2,7,17671
7,9999,9999,2025,1,2,4,2,7,4252
7,9999,9999,2025,1,2,5,2,7,12675
7,9999,9999,2025,1,2,6,2,7,37875
7,9999,9999,2025,1,2,7,2,7,12235
7,9999,9999,2025,1,2,8,2,7,27798
7,9999,9999,2025,1,2,9,2,7,40920
7,9999,9999,2025,1,2,10,2,7,4983
7,9999,9999,2025,1,2,1,2,8,10223
7,9999,9999,2025,1,2,2,2,8,7771
7,9999,9999,2025,1,2,3,2,8,19851
7,9999,9999,2025,1,2,4,2,8,4938
7,9999,9999,2025,1,2,5,2,8,22540
7,9999,9999,2025,1,2,6,2,8,31607
7,9999,9999,2025,1,2,7,2,8,11586
7,9999,9999,2025,1,2,8,2,8,35699
7,9999,9999,2025,1,2,9,2,8,38420
7,9999,9999,2025,1,2,10,2,8,9418
7,9999,9999,2025,1,2,1,2,9,22890
7,9999,9999,2025,1,2,2,2,9,13369
7,9999,9999,2025,1,2,3,2,9,17346
7,9999,9999,2025,1,2,4,2,9,7735
7,9999,9999,2025,1,2,5,2,9,17376
7,9999,9999,2025,1,2,6,2,9,35551
7,9999,9999,2025,1,2,7,2,9,12263
7,9999,9999,2025,1,2,8,2,9,19310
7,9999,9999,2025,1,2,9,2,9,45606
7,9999,9999,2025,1,2,10,2,9,16720
7,9999,9999,2025,1,2,1,2,10,10731
7,9999,9999,2025,1,2,2,2,10,6601
7,9999,9999,2025,1,2,3,2,10,15592
7,9999,9999,2025,1,2,4,2,10,8438
7,9999,9999,2025,1,2,5,2,10,11940
7,9999,9999,2025,1,2,6,2,10,20490
7,9999,9999,2025,1,2,7,2,10,8615
7,9999,9999,2025,1,2,8,2,10,13106
7,9999,9999,2025,1,2,9,2,10,42650
7,9999,9999,2025,1,2,10,2,10,13909
7,9999,9999,2025,1,2,1,2,11,20697
7,9999,9999,2025,1,2,2,2,11,1284
7,9999,9999,2025,1,2,3,2,11,12286
7,9999,9999,2025,1,2,4,2,11,3616
7,9999,9999,2025,1,2,5,2,11,4584
7,9999,9999,2025,1,2,6,2,11,15937
7,9999,9999,2025,1,2,7,2,11,3275
7,9999,9999,2025,1,2,8,2,11,18332
7,9999,9999,2025,1,2,9,2,11,23128
7,9999,9999,2025,1,2,10,2,11,11616
7,9999,9999,2025,1,2,1,2,12,4535
7,9999,9999,2025,1,2,2,2,12,6683
7,9999,9999,2025,1,2,3,2,12,6943
7,9999,9999,2025,1,2,5,2,12,1988
7,9999,9999,2025,1,2,6,2,12,12327
7,9999,9999,2025,1,2,7,2,12,2304
7,9999,9999,2025,1,2,8,2,12,9990
7,9999,9999,2025,1,2,9,2,12,30866
7,9999,9999,2025,1,2,10,2,12,9155
7,9999,9999,2025,1,2,1,2,13,2753
7,9999,9999,2025,1,2,3,2,13,2695
7,9999,9999,2025,1,2,5,2,13,1491
7,9999,9999,2025,1,2,6,2,13,4411
7,9999,9999,2025,1,2,7,2,13,1290
7,9999,9999,2025,1,2,8,2,13,932
7,9999,9999,2025,1,2,9,2,13,10785
7,9999,9999,2025,1,2,10,2,13,6487
8,9999,9999,2025,1,2,2,2,4,425
8,9999,9999,2025,1,2,3,2,4,477
8,9999,9999,2025,1,2,6,2,4,2167
8,9999,9999,2025,1,2,7,2,4,1059
8,9999,9999,2025,1,2,9,2,4,1330
8,9999,9999,2025,1,2,1,2,5,9577
8,9999,9999,2025,1,2,2,2,5,2384
8,9999,9999,2025,1,2,3,2,5,3769
8,9999,9999,2025,1,2,4,2,5,1311
8,9999,9999,2025,1,2,5,2,5,9540
8,9999,9999,2025,1,2,6,2,5,19397
8,9999,9999,2025,1,2,7,2,5,1181
8,9999,9999,2025,1,2,8,2,5,3921
8,9999,9999,2025,1,2,9,2,5,14503
8,9999,9999,2025,1,2,10,2,5,2429
8,9999,9999,2025,1,2,1,2,6,16774
8,9999,9999,2025,1,2,2,2,6,8270
8,9999,9999,2025,1,2,3,2,6,12466
8,9999,9999,2025,1,2,4,2,6,1016
8,9999,9999,2025,1,2,5,2,6,24148
8,9999,9999,2025,1,2,6,2,6,37717
8,9999,9999,2025,1,2,7,2,6,11238
8,9999,9999,2025,1,2,8,2,6,20559
8,9999,9999,2025,1,2,9,2,6,40058
8,9999,9999,2025,1,2,10,2,6,12741
8,9999,9999,2025,1,2,1,2,7,27593
8,9999,9999,2025,1,2,2,2,7,26654
8,9999,9999,2025,1,2,3,2,7,16036
8,9999,9999,2025,1,2,4,2,7,6111
8,9999,9999,2025,1,2,5,2,7,21180
8,9999,9999,2025,1,2,6,2,7,65335
8,9999,9999,2025,1,2,7,2,7,12644
8,9999,9999,2025,1,2,8,2,7,32770
8,9999,9999,2025,1,2,9,2,7,48230
8,9999,9999,2025,1,2,10,2,7,11623
8,9999,9999,2025,1,2,1,2,8,19365
8,9999,9999,2025,1,2,2,2,8,20020
8,9999,9999,2025,1,2,3,2,8,12623
8,9999,9999,2025,1,2,4,2,8,3470
8,9999,9999,2025,1,2,5,2,8,21376
8,9999,9999,2025,1,2,6,2,8,46795
8,9999,9999,2025,1,2,7,2,8,13568
8,9999,9999,2025,1,2,8,2,8,15693
8,9999,9999,2025,1,2,9,2,8,47675
8,9999,9999,2025,1,2,10,2,8,9063
8,9999,9999,2025,1,2,1,2,9,18678
8,9999,9999,2025,1,2,2,2,9,26487
8,9999,9999,2025,1,2,3,2,9,14584
8,9999,9999,2025,1,2,4,2,9,4193
8,9999,9999,2025,1,2,5,2,9,20977
8,9999,9999,2025,1,2,6,2,9,42506
8,9999,9999,2025,1,2,7,2,9,13249
8,9999,9999,2025,1,2,8,2,9,19772
8,9999,9999,2025,1,2,9,2,9,53979
8,9999,9999,2025,1,2,10,2,9,12477
8,9999,9999,2025,1,2,1,2,10,20893
8,9999,9999,2025,1,2,2,2,10,18169
8,9999,9999,2025,1,2,3,2,10,14443
8,9999,9999,2025,1,2,4,2,10,3316
8,9999,9999,2025,1,2,5,2,10,16428
8,9999,9999,2025,1,2,6,2,10,38067
8,9999,9999,2025,1,2,7,2,10,8064
8,9999,9999,2025,1,2,8,2,10,20558
8,9999,9999,2025,1,2,9,2,10,41531
8,9999,9999,2025,1,2,10,2,10,12964
8,9999,9999,2025,1,2,1,2,11,12538
8,9999,9999,2025,1,2,2,2,11,2859
8,9999,9999,2025,1,2,3,2,11,12606
8,9999,9999,2025,1,2,4,2,11,1317
8,9999,9999,2025,1,2,5,2,11,8007
8,9999,9999,2025,1,2,6,2,11,27825
8,9999,9999,2025,1,2,7,2,11,4990
8,9999,9999,2025,1,2,8,2,11,13486
8,9999,9999,2025,1,2,9,2,11,57405
8,9999,9999,2025,1,2,10,2,11,19158
8,9999,9999,2025,1,2,1,2,12,9247
8,9999,9999,2025,1,2,2,2,12,7163
8,9999,9999,2025,1,2,3,2,12,5252
8,9999,9999,2025,1,2,4,2,12,1079
8,9999,9999,2025,1,2,5,2,12,1202
8,9999,9999,2025,1,2,6,2,12,26015
8,9999,9999,2025,1,2,7,2,12,1953
8,9999,9999,2025,1,2,8,2,12,10467
8,9999,9999,2025,1,2,9,2,12,51414
8,9999,9999,2025,1,2,10,2,12,10509
8,9999,9999,2025,1,2,1,2,13,3461
8,9999,9999,2025,1,2,3,2,13,3652
8,9999,9999,2025,1,2,4,2,13,638
8,9999,9999,2025,1,2,5,2,13,1047
8,9999,9999,2025,1,2,6,2,13,9593
8,9999,9999,2025,1,2,7,2,13,1231
8,9999,9999,2025,1,2,8,2,13,7504
8,9999,9999,2025,1,2,9,2,13,13689
8,9999,9999,2025,1,2,10,2,13,5061
9,9999,9999,2025,1,2,6,2,4,214
9,9999,9999,2025,1,2,9,2,4,202
9,9999,9999,2025,1,2,10,2,4,221
9,9999,9999,2025,1,2,1,2,5,7449
9,9999,9999,2025,1,2,2,2,5,218
9,9999,9999,2025,1,2,3,2,5,734
9,9999,9999,2025,1,2,5,2,5,1078
9,9999,9999,2025,1,2,6,2,5,10778
9,9999,9999,2025,1,2,7,2,5,403
9,9999,9999,2025,1,2,8,2,5,2366
9,9999,9999,2025,1,2,9,2,5,5602
9,9999,9999,2025,1,2,10,2,5,565
9,9999,9999,2025,1,2,1,2,6,16715
9,9999,9999,2025,1,2,2,2,6,5157
9,9999,9999,2025,1,2,5,2,6,6017
9,9999,9999,2025,1,2,6,2,6,8002
9,9999,9999,2025,1,2,8,2,6,4683
9,9999,9999,2025,1,2,9,2,6,7949
9,9999,9999,2025,1,2,10,2,6,1734
9,9999,9999,2025,1,2,1,2,7,6231
9,9999,9999,2025,1,2,2,2,7,8389
9,9999,9999,2025,1,2,3,2,7,3819
9,9999,9999,2025,1,2,5,2,7,1752
9,9999,9999,2025,1,2,6,2,7,11511
9,9999,9999,2025,1,2,7,2,7,1536
9,9999,9999,2025,1,2,8,2,7,11786
9,9999,9999,2025,1,2,9,2,7,10159
9,9999,9999,2025,1,2,10,2,7,1573
9,9999,9999,2025,1,2,1,2,8,7801
9,9999,9999,2025,1,2,2,2,8,1770
9,9999,9999,2025,1,2,3,2,8,2226
9,9999,9999,2025,1,2,5,2,8,1804
9,9999,9999,2025,1,2,6,2,8,6625
9,9999,9999,2025,1,2,7,2,8,426
9,9999,9999,2025,1,2,8,2,8,4243
9,9999,9999,2025,1,2,9,2,8,8976
9,9999,9999,2025,1,2,10,2,8,872
9,9999,9999,2025,1,2,1,2,9,5956
9,9999,9999,2025,1,2,2,2,9,2817
9,9999,9999,2025,1,2,3,2,9,1593
9,9999,9999,2025,1,2,4,2,9,2155
9,9999,9999,2025,1,2,5,2,9,2546
9,9999,9999,2025,1,2,6,2,9,8741
9,9999,9999,2025,1,2,8,2,9,5250
9,9999,9999,2025,1,2,9,2,9,7273
9,9999,9999,2025,1,2,10,2,9,2557
9,9999,9999,2025,1,2,1,2,10,6798
9,9999,9999,2025,1,2,2,2,10,7861
9,9999,9999,2025,1,2,4,2,10,801
9,9999,9999,2025,1,2,5,2,10,2344
9,9999,9999,2025,1,2,6,2,10,3415
9,9999,9999,2025,1,2,7,2,10,1782
9,9999,9999,2025,1,2,8,2,10,6105
9,9999,9999,2025,1,2,9,2,10,18941
9,9999,9999,2025,1,2,10,2,10,5481
9,9999,9999,2025,1,2,1,2,11,5208
9,9999,9999,2025,1,2,2,2,11,3464
9,9999,9999,2025,1,2,3,2,11,1884
9,9999,9999,2025,1,2,5,2,11,1240
9,9999,9999,2025,1,2,6,2,11,2176
9,9999,9999,2025,1,2,7,2,11,615
9,9999,9999,2025,1,2,8,2,11,4161
9,9999,9999,2025,1,2,9,2,11,13769
9,9999,9999,2025,1,2,10,2,11,4989
9,9999,9999,2025,1,2,1,2,12,3553
9,9999,9999,2025,1,2,2,2,12,7450
9,9999,9999,2025,1,2,3,2,12,278
9,9999,9999,2025,1,2,4,2,12,479
9,9999,9999,2025,1,2,5,2,12,1426
9,9999,9999,2025,1,2,6,2,12,2577
9,9999,9999,2025,1,2,8,2,12,2637
9,9999,9999,2025,1,2,9,2,12,10896
9,9999,9999,2025,1,2,10,2,12,3900
9,9999,9999,2025,1,2,1,2,13,2436
9,9999,9999,2025,1,2,6,2,13,846
9,9999,9999,2025,1,2,8,2,13,1064
9,9999,9999,2025,1,2,9,2,13,2990
9,9999,9999,2025,1,2,10,2,13,555
1,9999,9999,2025,1,2,1,3,1,61873
1,47,189,2025,1,2,1,3,1,7890
1,9999,9999,2025,1,2,3,3,1,22062
1,47,189,2025,1,2,3,3,1,78286
1,9999,9999,2025,1,2,4,3,1,1039
1,47,189,2025,1,2,4,3,1,1478
1,9999,9999,2025,1,2,5,3,1,37088
1,47,189,2025,1,2,5,3,1,70467
1,9999,9999,2025,1,2,6,3,1,50882
1,47,189,2025,1,2,6,3,1,169215
1,9999,9999,2025,1,2,7,3,1,17384
1,47,189,2025,1,2,7,3,1,73470
1,9999,9999,2025,1,2,8,3,1,34301
1,47,189,2025,1,2,8,3,1,174989
1,9999,9999,2025,1,2,9,3,1,42105
1,47,189,2025,1,2,9,3,1,115551
1,9999,9999,2025,1,2,10,3,1,18723
1,47,189,2025,1,2,10,3,1,80972
1,9999,9999,2025,1,2,1,3,2,154376
1,47,189,2025,1,2,1,3,2,1308
1,9999,9999,2025,1,2,2,3,2,877
1,47,189,2025,1,2,2,3,2,1271
1,9999,9999,2025,1,2,3,3,2,73813
1,47,189,2025,1,2,3,3,2,120034
1,9999,9999,2025,1,2,4,3,2,2115
1,47,189,2025,1,2,4,3,2,6015
1,9999,9999,2025,1,2,5,3,2,43785
1,47,189,2025,1,2,5,3,2,37081
1,9999,9999,2025,1,2,6,3,2,75827
1,47,189,2025,1,2,6,3,2,127030
1,9999,9999,2025,1,2,7,3,2,20973
1,47,189,2025,1,2,7,3,2,45433
1,9999,9999,2025,1,2,8,3,2,68131
1,47,189,2025,1,2,8,3,2,144614
1,9999,9999,2025,1,2,9,3,2,107975
1,47,189,2025,1,2,9,3,2,161219
1,9999,9999,2025,1,2,10,3,2,38027
1,47,189,2025,1,2,10,3,2,19596
1,47,189,2025,1,2,3,3,3,1538
1,47,189,2025,1,2,6,3,3,8213
1,47,189,2025,1,2,7,3,3,8670
1,47,189,2025,1,2,8,3,3,10408
1,47,189,2025,1,2,9,3,3,11056
1,9999,9999,2025,1,2,1,3,4,16228
1,47,189,2025,1,2,1,3,4,2425
1,9999,9999,2025,1,2,2,3,4,3969
1,9999,9999,2025,1,2,3,3,4,18020
1,47,189,2025,1,2,3,3,4,23227
1,9999,9999,2025,1,2,4,3,4,600
1,9999,9999,2025,1,2,5,3,4,27102
1,47,189,2025,1,2,5,3,4,29323
1,9999,9999,2025,1,2,6,3,4,20357
1,47,189,2025,1,2,6,3,4,40397
1,9999,9999,2025,1,2,7,3,4,5820
1,47,189,2025,1,2,7,3,4,23224
1,9999,9999,2025,1,2,8,3,4,28934
1,47,189,2025,1,2,8,3,4,133421
1,9999,9999,2025,1,2,9,3,4,40413
1,47,189,2025,1,2,9,3,4,97545
1,9999,9999,2025,1,2,10,3,4,1056
1,47,189,2025,1,2,11,3,4,1814
2,9999,9999,2025,1,2,1,3,1,54107
2,3,180,2025,1,2,1,3,1,8109
2,10,179,2025,1,2,1,3,1,3077
2,9999,9999,2025,1,2,3,3,1,28232
2,3,180,2025,1,2,3,3,1,25403
2,10,179,2025,1,2,3,3,1,31468
2,9999,9999,2025,1,2,4,3,1,7567
2,3,180,2025,1,2,4,3,1,4064
2,9999,9999,2025,1,2,5,3,1,78307
2,3,180,2025,1,2,5,3,1,14385
2,10,179,2025,1,2,5,3,1,7375
2,9999,9999,2025,1,2,6,3,1,111043
2,3,180,2025,1,2,6,3,1,40381
2,10,179,2025,1,2,6,3,1,22784
2,9999,9999,2025,1,2,7,3,1,42399
2,3,180,2025,1,2,7,3,1,14636
2,10,179,2025,1,2,7,3,1,20837
2,9999,9999,2025,1,2,8,3,1,77149
2,3,180,2025,1,2,8,3,1,36804
2,10,179,2025,1,2,8,3,1,27703
2,9999,9999,2025,1,2,9,3,1,211003
2,3,180,2025,1,2,9,3,1,78961
2,10,179,2025,1,2,9,3,1,41533
2,9999,9999,2025,1,2,10,3,1,52488
2,3,180,2025,1,2,10,3,1,9020
2,10,179,2025,1,2,10,3,1,14579
2,9999,9999,2025,1,2,1,3,2,5783
2,10,179,2025,1,2,1,3,2,2125
2,9999,9999,2025,1,2,3,3,2,12385
2,10,179,2025,1,2,3,3,2,22981
2,9999,9999,2025,1,2,5,3,2,3858
2,10,179,2025,1,2,5,3,2,945
2,9999,9999,2025,1,2,6,3,2,8842
2,3,180,2025,1,2,6,3,2,1307
2,10,179,2025,1,2,6,3,2,20163
2,9999,9999,2025,1,2,7,3,2,1409
2,10,179,2025,1,2,7,3,2,15998
2,9999,9999,2025,1,2,8,3,2,1159
2,10,179,2025,1,2,8,3,2,13337
2,9999,9999,2025,1,2,9,3,2,18486
2,3,180,2025,1,2,9,3,2,1205
2,10,179,2025,1,2,9,3,2,30325
2,9999,9999,2025,1,2,10,3,2,2487
2,10,179,2025,1,2,10,3,2,4987
2,10,179,2025,1,2,3,3,3,3440
2,3,180,2025,1,2,5,3,3,1368
2,9999,9999,2025,1,2,6,3,3,4271
2,3,180,2025,1,2,6,3,3,3180
2,10,179,2025,1,2,6,3,3,4749
2,10,179,2025,1,2,8,3,3,2685
2,10,179,2025,1,2,9,3,3,1503
2,9999,9999,2025,1,2,1,3,4,3309
2,10,179,2025,1,2,1,3,4,1289
2,9999,9999,2025,1,2,3,3,4,1390
2,3,180,2025,1,2,3,3,4,1320
2,10,179,2025,1,2,3,3,4,8678
2,10,179,2025,1,2,4,3,4,993
2,3,180,2025,1,2,5,3,4,293
2,10,179,2025,1,2,5,3,4,4365
2,9999,9999,2025,1,2,6,3,4,2680
2,3,180,2025,1,2,6,3,4,715
2,10,179,2025,1,2,6,3,4,12111
2,9999,9999,2025,1,2,7,3,4,5346
2,3,180,2025,1,2,7,3,4,3258
2,10,179,2025,1,2,7,3,4,13139
2,9999,9999,2025,1,2,8,3,4,3950
2,3,180,2025,1,2,8,3,4,1707
2,10,179,2025,1,2,8,3,4,28496
2,9999,9999,2025,1,2,9,3,4,3565
2,3,180,2025,1,2,9,3,4,5740
2,10,179,2025,1,2,9,3,4,15960
2,9999,9999,2025,1,2,10,3,4,2008
3,9999,9999,2025,1,2,1,3,1,48820
3,15,202,2025,1,2,1,3,1,5649
3,9999,9999,2025,1,2,2,3,1,19426
3,9999,9999,2025,1,2,3,3,1,36040
3,15,202,2025,1,2,3,3,1,18684
3,9999,9999,2025,1,2,4,3,1,1469
3,15,202,2025,1,2,4,3,1,2057
3,9999,9999,2025,1,2,5,3,1,28803
3,15,202,2025,1,2,5,3,1,14610
3,9999,9999,2025,1,2,6,3,1,83946
3,15,202,2025,1,2,6,3,1,47949
3,9999,9999,2025,1,2,7,3,1,12609
3,15,202,2025,1,2,7,3,1,12207
3,9999,9999,2025,1,2,8,3,1,54137
3,15,202,2025,1,2,8,3,1,29870
3,9999,9999,2025,1,2,9,3,1,117253
3,15,202,2025,1,2,9,3,1,65726
3,9999,9999,2025,1,2,10,3,1,49635
3,15,202,2025,1,2,10,3,1,20557
3,9999,9999,2025,1,2,2,3,2,1475
3,9999,9999,2025,1,2,3,3,2,660
3,9999,9999,2025,1,2,6,3,2,166
3,15,202,2025,1,2,6,3,2,1808
3,9999,9999,2025,1,2,8,3,2,1983
3,15,202,2025,1,2,8,3,2,762
3,9999,9999,2025,1,2,9,3,2,917
3,15,202,2025,1,2,9,3,2,1300
3,9999,9999,2025,1,2,10,3,2,1339
3,15,202,2025,1,2,10,3,2,375
3,9999,9999,2025,1,2,6,3,3,2604
3,9999,9999,2025,1,2,8,3,3,949
3,9999,9999,2025,1,2,9,3,3,850
3,9999,9999,2025,1,2,1,3,4,9627
3,9999,9999,2025,1,2,3,3,4,3697
3,15,202,2025,1,2,3,3,4,3113
3,9999,9999,2025,1,2,5,3,4,7647
3,15,202,2025,1,2,5,3,4,2108
3,9999,9999,2025,1,2,6,3,4,5922
3,15,202,2025,1,2,6,3,4,5842
3,9999,9999,2025,1,2,7,3,4,814
3,15,202,2025,1,2,7,3,4,1943
3,9999,9999,2025,1,2,8,3,4,8043
3,15,202,2025,1,2,8,3,4,4931
3,9999,9999,2025,1,2,9,3,4,7605
3,15,202,2025,1,2,9,3,4,7818
4,9999,9999,2025,1,2,1,3,1,118058
4,29,168,2025,1,2,1,3,1,10186
4,9999,9999,2025,1,2,2,3,1,7631
4,9999,9999,2025,1,2,3,3,1,135668
4,29,168,2025,1,2,3,3,1,131885
4,9999,9999,2025,1,2,4,3,1,7726
4,29,168,2025,1,2,4,3,1,7137
4,9999,9999,2025,1,2,5,3,1,110973
4,29,168,2025,1,2,5,3,1,64901
4,9999,9999,2025,1,2,6,3,1,282746
4,29,168,2025,1,2,6,3,1,220727
4,9999,9999,2025,1,2,7,3,1,67995
4,29,168,2025,1,2,7,3,1,77976
4,9999,9999,2025,1,2,8,3,1,161934
4,29,168,2025,1,2,8,3,1,198197
4,9999,9999,2025,1,2,9,3,1,406703
4,29,168,2025,1,2,9,3,1,187840
4,9999,9999,2025,1,2,10,3,1,100743
4,29,168,2025,1,2,10,3,1,90066
4,9999,9999,2025,1,2,3,3,2,662
4,29,168,2025,1,2,3,3,2,2010
4,9999,9999,2025,1,2,4,3,2,1935
4,9999,9999,2025,1,2,5,3,2,634
4,29,168,2025,1,2,5,3,2,688
4,29,168,2025,1,2,6,3,2,1731
4,29,168,2025,1,2,7,3,2,2401
4,29,168,2025,1,2,8,3,2,4196
4,9999,9999,2025,1,2,9,3,2,2345
4,29,168,2025,1,2,9,3,2,7012
4,29,168,2025,1,2,10,3,2,1110
4,9999,9999,2025,1,2,1,3,3,183
4,9999,9999,2025,1,2,3,3,3,6960
4,29,168,2025,1,2,3,3,3,41380
4,9999,9999,2025,1,2,5,3,3,3422
4,29,168,2025,1,2,5,3,3,8465
4,9999,9999,2025,1,2,6,3,3,11524
4,29,168,2025,1,2,6,3,3,49668
4,9999,9999,2025,1,2,7,3,3,984
4,29,168,2025,1,2,7,3,3,23347
4,9999,9999,2025,1,2,8,3,3,10271
4,29,168,2025,1,2,8,3,3,49990
4,9999,9999,2025,1,2,9,3,3,3911
4,29,168,2025,1,2,9,3,3,49824
4,9999,9999,2025,1,2,10,3,3,463
4,29,168,2025,1,2,10,3,3,1573
4,9999,9999,2025,1,2,1,3,4,3088
4,29,168,2025,1,2,2,3,4,1041
4,9999,9999,2025,1,2,3,3,4,4032
4,29,168,2025,1,2,3,3,4,8740
4,9999,9999,2025,1,2,5,3,4,2844
4,29,168,2025,1,2,5,3,4,8511
4,9999,9999,2025,1,2,6,3,4,6572
4,29,168,2025,1,2,6,3,4,6278
4,9999,9999,2025,1,2,7,3,4,1103
4,29,168,2025,1,2,7,3,4,2350
4,9999,9999,2025,1,2,8,3,4,12165
4,29,168,2025,1,2,8,3,4,23796
4,9999,9999,2025,1,2,9,3,4,10545
4,29,168,2025,1,2,9,3,4,17922
4,9999,9999,2025,1,2,10,3,4,3405
5,9999,9999,2025,1,2,1,3,1,55176
5,9999,9999,2025,1,2,2,3,1,104482
5,9999,9999,2025,1,2,3,3,1,46689
5,9999,9999,2025,1,2,4,3,1,1007
5,9999,9999,2025,1,2,5,3,1,58893
5,9999,9999,2025,1,2,6,3,1,116824
5,9999,9999,2025,1,2,7,3,1,44006
5,9999,9999,2025,1,2,8,3,1,114710
5,9999,9999,2025,1,2,9,3,1,192998
5,9999,9999,2025,1,2,10,3,1,54502
5,9999,9999,2025,1,2,3,3,2,1134
5,9999,9999,2025,1,2,6,3,2,7356
5,9999,9999,2025,1,2,7,3,2,482
5,9999,9999,2025,1,2,8,3,2,3374
5,9999,9999,2025,1,2,9,3,2,11270
5,9999,9999,2025,1,2,6,3,3,19059
5,9999,9999,2025,1,2,7,3,3,3170
5,9999,9999,2025,1,2,1,3,4,3205
5,9999,9999,2025,1,2,2,3,4,5472
5,9999,9999,2025,1,2,5,3,4,5713
5,9999,9999,2025,1,2,6,3,4,9489
5,9999,9999,2025,1,2,8,3,4,3493
5,9999,9999,2025,1,2,9,3,4,16268
6,1,213,2025,1,2,1,3,1,5342
6,9999,9999,2025,1,2,1,3,1,17937
6,18,37,2025,1,2,1,3,1,5481
6,2,212,2025,1,2,1,3,1,4028
6,9999,9999,2025,1,2,2,3,1,56251
6,2,212,2025,1,2,2,3,1,7696
6,1,213,2025,1,2,2,3,1,4132
6,18,37,2025,1,2,2,3,1,3409
6,1,213,2025,1,2,3,3,1,147839
6,9999,9999,2025,1,2,3,3,1,56589
6,18,37,2025,1,2,3,3,1,78236
6,2,212,2025,1,2,3,3,1,122950
6,2,212,2025,1,2,4,3,1,10967
6,9999,9999,2025,1,2,4,3,1,11355
6,1,213,2025,1,2,4,3,1,6538
6,18,37,2025,1,2,4,3,1,2348
6,1,213,2025,1,2,5,3,1,53316
6,9999,9999,2025,1,2,5,3,1,45841
6,18,37,2025,1,2,5,3,1,58242
6,2,212,2025,1,2,5,3,1,124167
6,1,213,2025,1,2,6,3,1,204644
6,9999,9999,2025,1,2,6,3,1,105741
6,18,37,2025,1,2,6,3,1,179931
6,2,212,2025,1,2,6,3,1,374527
6,1,213,2025,1,2,7,3,1,104878
6,9999,9999,2025,1,2,7,3,1,15623
6,18,37,2025,1,2,7,3,1,76493
6,2,212,2025,1,2,7,3,1,156278
6,1,213,2025,1,2,8,3,1,176761
6,9999,9999,2025,1,2,8,3,1,67674
6,18,37,2025,1,2,8,3,1,219731
6,2,212,2025,1,2,8,3,1,358413
6,1,213,2025,1,2,9,3,1,184346
6,9999,9999,2025,1,2,9,3,1,105795
6,18,37,2025,1,2,9,3,1,257212
6,2,212,2025,1,2,9,3,1,325537
6,1,213,2025,1,2,10,3,1,57960
6,9999,9999,2025,1,2,10,3,1,37742
6,18,37,2025,1,2,10,3,1,80649
6,2,212,2025,1,2,10,3,1,128342
6,2,212,2025,1,2,11,3,1,1649
6,18,37,2025,1,2,11,3,1,2851
6,1,213,2025,1,2,1,3,2,826
6,2,212,2025,1,2,3,3,2,7987
6,1,213,2025,1,2,3,3,2,6638
6,9999,9999,2025,1,2,4,3,2,4585
6,1,213,2025,1,2,4,3,2,844
6,9999,9999,2025,1,2,5,3,2,220
6,2,212,2025,1,2,5,3,2,4501
6,18,37,2025,1,2,5,3,2,1103
6,2,212,2025,1,2,6,3,2,10614
6,9999,9999,2025,1,2,6,3,2,1269
6,1,213,2025,1,2,6,3,2,2891
6,18,37,2025,1,2,6,3,2,2781
6,1,213,2025,1,2,7,3,2,314
6,2,212,2025,1,2,7,3,2,5268
6,2,212,2025,1,2,8,3,2,21639
6,1,213,2025,1,2,8,3,2,6309
6,18,37,2025,1,2,8,3,2,12067
6,1,213,2025,1,2,9,3,2,6615
6,9999,9999,2025,1,2,9,3,2,2116
6,18,37,2025,1,2,9,3,2,12362
6,2,212,2025,1,2,9,3,2,16294
6,2,212,2025,1,2,2,3,3,1409
6,9999,9999,2025,1,2,3,3,3,1609
6,1,213,2025,1,2,3,3,3,3329
6,2,212,2025,1,2,3,3,3,7457
6,18,37,2025,1,2,3,3,3,3122
6,2,212,2025,1,2,5,3,3,919
6,18,37,2025,1,2,6,3,3,12311
6,9999,9999,2025,1,2,6,3,3,3218
6,1,213,2025,1,2,6,3,3,12613
6,2,212,2025,1,2,6,3,3,14098
6,1,213,2025,1,2,7,3,3,652
6,2,212,2025,1,2,7,3,3,6986
6,18,37,2025,1,2,7,3,3,1128
6,9999,9999,2025,1,2,8,3,3,4700
6,1,213,2025,1,2,8,3,3,11276
6,2,212,2025,1,2,8,3,3,58958
6,18,37,2025,1,2,8,3,3,16581
6,9999,9999,2025,1,2,9,3,3,2922
6,1,213,2025,1,2,9,3,3,1214
6,2,212,2025,1,2,9,3,3,21168
6,18,37,2025,1,2,9,3,3,3641
6,18,37,2025,1,2,10,3,3,1029
6,9999,9999,2025,1,2,1,3,4,1663
6,2,212,2025,1,2,1,3,4,1476
6,1,213,2025,1,2,1,3,4,1514
6,9999,9999,2025,1,2,2,3,4,4540
6,2,212,2025,1,2,2,3,4,1718
6,1,213,2025,1,2,2,3,4,1723
6,2,212,2025,1,2,3,3,4,15891
6,9999,9999,2025,1,2,3,3,4,18660
6,1,213,2025,1,2,3,3,4,40792
6,18,37,2025,1,2,3,3,4,36703
6,9999,9999,2025,1,2,4,3,4,975
6,1,213,2025,1,2,4,3,4,2002
6,18,37,2025,1,2,4,3,4,3447
6,2,212,2025,1,2,5,3,4,6609
6,9999,9999,2025,1,2,5,3,4,11184
6,1,213,2025,1,2,5,3,4,4946
6,18,37,2025,1,2,5,3,4,22685
6,1,213,2025,1,2,6,3,4,31077
6,9999,9999,2025,1,2,6,3,4,10133
6,18,37,2025,1,2,6,3,4,37410
6,2,212,2025,1,2,6,3,4,24001
6,2,212,2025,1,2,7,3,4,10242
6,9999,9999,2025,1,2,7,3,4,3145
6,1,213,2025,1,2,7,3,4,25456
6,18,37,2025,1,2,7,3,4,18452
6,1,213,2025,1,2,8,3,4,59458
6,9999,9999,2025,1,2,8,3,4,18048
6,18,37,2025,1,2,8,3,4,70292
6,2,212,2025,1,2,8,3,4,91450
6,1,213,2025,1,2,9,3,4,31634
6,9999,9999,2025,1,2,9,3,4,22995
6,18,37,2025,1,2,9,3,4,59568
6,2,212,2025,1,2,9,3,4,34130
6,1,213,2025,1,2,10,3,4,3682
7,9999,9999,2025,1,2,1,3,1,108064
7,9999,9999,2025,1,2,2,3,1,49338
7,9999,9999,2025,1,2,3,3,1,90856
7,9999,9999,2025,1,2,4,3,1,31287
7,9999,9999,2025,1,2,5,3,1,83321
7,9999,9999,2025,1,2,6,3,1,199362
7,9999,9999,2025,1,2,7,3,1,65930
7,9999,9999,2025,1,2,8,3,1,138391
7,9999,9999,2025,1,2,9,3,1,256522
7,9999,9999,2025,1,2,10,3,1,82360
7,9999,9999,2025,1,2,3,3,2,849
7,9999,9999,2025,1,2,6,3,2,1237
7,9999,9999,2025,1,2,8,3,2,522
7,9999,9999,2025,1,2,3,3,3,2908
7,9999,9999,2025,1,2,5,3,3,931
7,9999,9999,2025,1,2,6,3,3,8193
7,9999,9999,2025,1,2,7,3,3,1301
7,9999,9999,2025,1,2,9,3,3,2543
7,9999,9999,2025,1,2,1,3,4,7699
7,9999,9999,2025,1,2,2,3,4,5180
7,9999,9999,2025,1,2,3,3,4,14543
7,9999,9999,2025,1,2,5,3,4,5827
7,9999,9999,2025,1,2,6,3,4,16816
7,9999,9999,2025,1,2,7,3,4,1083
7,9999,9999,2025,1,2,8,3,4,17672
7,9999,9999,2025,1,2,9,3,4,18811
8,9999,9999,2025,1,2,1,3,1,134450
8,9999,9999,2025,1,2,2,3,1,100390
8,9999,9999,2025,1,2,3,3,1,92992
8,9999,9999,2025,1,2,4,3,1,18895
8,9999,9999,2025,1,2,5,3,1,114988
8,9999,9999,2025,1,2,6,3,1,301873
8,9999,9999,2025,1,2,7,3,1,68115
8,9999,9999,2025,1,2,8,3,1,138620
8,9999,9999,2025,1,2,9,3,1,360587
8,9999,9999,2025,1,2,10,3,1,96025
8,9999,9999,2025,1,2,2,3,2,519
8,9999,9999,2025,1,2,3,3,2,519
8,9999,9999,2025,1,2,4,3,2,1079
8,9999,9999,2025,1,2,5,3,2,1284
8,9999,9999,2025,1,2,4,3,3,1317
8,9999,9999,2025,1,2,6,3,3,999
8,9999,9999,2025,1,2,1,3,4,3673
8,9999,9999,2025,1,2,2,3,4,11523
8,9999,9999,2025,1,2,3,3,4,2396
8,9999,9999,2025,1,2,4,3,4,1161
8,9999,9999,2025,1,2,5,3,4,7631
8,9999,9999,2025,1,2,6,3,4,12544
8,9999,9999,2025,1,2,7,3,4,1061
8,9999,9999,2025,1,2,8,3,4,6111
8,9999,9999,2025,1,2,9,3,4,9227
9,9999,9999,2025,1,2,1,3,1,37847
9,9999,9999,2025,1,2,2,3,1,23349
9,9999,9999,2025,1,2,3,3,1,5129
9,9999,9999,2025,1,2,4,3,1,1155
9,9999,9999,2025,1,2,5,3,1,9964
9,9999,9999,2025,1,2,6,3,1,21279
9,9999,9999,2025,1,2,7,3,1,2133
9,9999,9999,2025,1,2,8,3,1,21256
9,9999,9999,2025,1,2,9,3,1,44555
9,9999,9999,2025,1,2,10,3,1,13165
9,9999,9999,2025,1,2,1,3,2,19537
9,9999,9999,2025,1,2,2,3,2,8701
9,9999,9999,2025,1,2,3,3,2,4952
9,9999,9999,2025,1,2,4,3,2,2280
9,9999,9999,2025,1,2,5,3,2,4012
9,9999,9999,2025,1,2,6,3,2,15947
9,9999,9999,2025,1,2,7,3,2,1952
9,9999,9999,2025,1,2,8,3,2,17271
9,9999,9999,2025,1,2,9,3,2,36318
9,9999,9999,2025,1,2,10,3,2,9281
9,9999,9999,2025,1,2,6,3,3,4231
9,9999,9999,2025,1,2,1,3,4,4763
9,9999,9999,2025,1,2,2,3,4,5076
9,9999,9999,2025,1,2,3,3,4,452
9,9999,9999,2025,1,2,5,3,4,4230
9,9999,9999,2025,1,2,6,3,4,13429
9,9999,9999,2025,1,2,7,3,4,677
9,9999,9999,2025,1,2,8,3,4,3769
9,9999,9999,2025,1,2,9,3,4,5883
1,9999,9999,2025,1,2,1,4,1,66818
1,47,189,2025,1,2,1,4,1,5803
1,9999,9999,2025,1,2,2,4,1,3969
1,47,189,2025,1,2,2,4,1,1271
1,9999,9999,2025,1,2,3,4,1,42715
1,47,189,2025,1,2,3,4,1,88127
1,9999,9999,2025,1,2,4,4,1,3754
1,47,189,2025,1,2,4,4,1,4968
1,9999,9999,2025,1,2,5,4,1,45942
1,47,189,2025,1,2,5,4,1,72575
1,9999,9999,2025,1,2,6,4,1,49640
1,47,189,2025,1,2,6,4,1,140731
1,9999,9999,2025,1,2,7,4,1,19188
1,47,189,2025,1,2,7,4,1,73262
1,9999,9999,2025,1,2,8,4,1,47849
1,47,189,2025,1,2,8,4,1,185432
1,9999,9999,2025,1,2,9,4,1,74135
1,47,189,2025,1,2,9,4,1,202958
1,9999,9999,2025,1,2,10,4,1,31333
1,47,189,2025,1,2,10,4,1,45564
1,47,189,2025,1,2,11,4,1,1814
1,9999,9999,2025,1,2,1,4,2,67990
1,47,189,2025,1,2,1,4,2,3008
1,9999,9999,2025,1,2,3,4,2,12341
1,47,189,2025,1,2,3,4,2,21249
1,9999,9999,2025,1,2,5,4,2,13334
1,47,189,2025,1,2,5,4,2,22072
1,9999,9999,2025,1,2,6,4,2,19289
1,47,189,2025,1,2,6,4,2,39554
1,9999,9999,2025,1,2,7,4,2,1014
1,47,189,2025,1,2,7,4,2,15204
1,9999,9999,2025,1,2,8,4,2,19763
1,47,189,2025,1,2,8,4,2,41500
1,9999,9999,2025,1,2,9,4,2,27640
1,47,189,2025,1,2,9,4,2,40988
1,9999,9999,2025,1,2,10,4,2,7524
1,47,189,2025,1,2,10,4,2,6942
1,9999,9999,2025,1,2,1,4,3,3545
1,9999,9999,2025,1,2,3,4,3,2025
1,47,189,2025,1,2,3,4,3,9742
1,9999,9999,2025,1,2,5,4,3,1402
1,47,189,2025,1,2,5,4,3,2330
1,9999,9999,2025,1,2,6,4,3,996
1,47,189,2025,1,2,6,4,3,3545
1,9999,9999,2025,1,2,7,4,3,4109
1,47,189,2025,1,2,7,4,3,1599
1,9999,9999,2025,1,2,8,4,3,1816
1,47,189,2025,1,2,8,4,3,7028
1,9999,9999,2025,1,2,9,4,3,3897
1,47,189,2025,1,2,9,4,3,7098
1,9999,9999,2025,1,2,10,4,3,581
1,47,189,2025,1,2,10,4,3,3905
1,9999,9999,2025,1,2,1,4,4,2113
1,9999,9999,2025,1,2,3,4,4,5035
1,47,189,2025,1,2,3,4,4,10235
1,9999,9999,2025,1,2,5,4,4,994
1,47,189,2025,1,2,5,4,4,2346
1,9999,9999,2025,1,2,6,4,4,10407
1,47,189,2025,1,2,6,4,4,10937
1,47,189,2025,1,2,7,4,4,9754
1,9999,9999,2025,1,2,8,4,4,4295
1,47,189,2025,1,2,8,4,4,20993
1,9999,9999,2025,1,2,9,4,4,10268
1,47,189,2025,1,2,9,4,4,17233
1,47,189,2025,1,2,10,4,4,5503
1,9999,9999,2025,1,2,1,4,5,92010
1,47,189,2025,1,2,1,4,5,2812
1,9999,9999,2025,1,2,2,4,5,877
1,9999,9999,2025,1,2,3,4,5,51779
1,47,189,2025,1,2,3,4,5,93731
1,47,189,2025,1,2,4,4,5,2525
1,9999,9999,2025,1,2,5,4,5,46304
1,47,189,2025,1,2,5,4,5,37547
1,9999,9999,2025,1,2,6,4,5,66735
1,47,189,2025,1,2,6,4,5,150088
1,9999,9999,2025,1,2,7,4,5,19866
1,47,189,2025,1,2,7,4,5,50978
1,9999,9999,2025,1,2,8,4,5,57644
1,47,189,2025,1,2,8,4,5,208478
1,9999,9999,2025,1,2,9,4,5,74554
1,47,189,2025,1,2,9,4,5,117093
1,9999,9999,2025,1,2,10,4,5,18367
1,47,189,2025,1,2,10,4,5,38655
2,9999,9999,2025,1,2,1,4,1,19968
2,3,180,2025,1,2,1,4,1,4027
2,10,179,2025,1,2,1,4,1,2714
2,9999,9999,2025,1,2,3,4,1,20014
2,3,180,2025,1,2,3,4,1,4702
2,10,179,2025,1,2,3,4,1,32353
2,9999,9999,2025,1,2,4,4,1,4904
2,3,180,2025,1,2,4,4,1,1106
2,10,179,2025,1,2,4,4,1,993
2,9999,9999,2025,1,2,5,4,1,16279
2,3,180,2025,1,2,5,4,1,5218
2,10,179,2025,1,2,5,4,1,7152
2,9999,9999,2025,1,2,6,4,1,35090
2,3,180,2025,1,2,6,4,1,13042
2,10,179,2025,1,2,6,4,1,23790
2,9999,9999,2025,1,2,7,4,1,18930
2,3,180,2025,1,2,7,4,1,3788
2,10,179,2025,1,2,7,4,1,23714
2,9999,9999,2025,1,2,8,4,1,21988
2,3,180,2025,1,2,8,4,1,13107
2,10,179,2025,1,2,8,4,1,35968
2,9999,9999,2025,1,2,9,4,1,69222
2,3,180,2025,1,2,9,4,1,42501
2,10,179,2025,1,2,9,4,1,39535
2,9999,9999,2025,1,2,10,4,1,7252
2,3,180,2025,1,2,10,4,1,1708
2,10,179,2025,1,2,10,4,1,5129
2,9999,9999,2025,1,2,1,4,2,7466
2,10,179,2025,1,2,1,4,2,1341
2,9999,9999,2025,1,2,3,4,2,6720
2,3,180,2025,1,2,3,4,2,5536
2,10,179,2025,1,2,3,4,2,8057
2,3,180,2025,1,2,4,4,2,903
2,9999,9999,2025,1,2,5,4,2,6947
2,3,180,2025,1,2,5,4,2,2847
2,10,179,2025,1,2,5,4,2,1130
2,9999,9999,2025,1,2,6,4,2,6958
2,3,180,2025,1,2,6,4,2,9250
2,10,179,2025,1,2,6,4,2,9810
2,9999,9999,2025,1,2,7,4,2,5186
2,3,180,2025,1,2,7,4,2,1567
2,10,179,2025,1,2,7,4,2,13542
2,9999,9999,2025,1,2,8,4,2,6749
2,3,180,2025,1,2,8,4,2,9743
2,10,179,2025,1,2,8,4,2,12043
2,9999,9999,2025,1,2,9,4,2,11138
2,3,180,2025,1,2,9,4,2,4365
2,10,179,2025,1,2,9,4,2,10592
2,9999,9999,2025,1,2,10,4,2,3981
2,3,180,2025,1,2,10,4,2,1245
2,10,179,2025,1,2,10,4,2,1238
2,9999,9999,2025,1,2,1,4,3,2287
2,9999,9999,2025,1,2,3,4,3,726
2,3,180,2025,1,2,3,4,3,678
2,10,179,2025,1,2,3,4,3,861
2,9999,9999,2025,1,2,5,4,3,4858
2,9999,9999,2025,1,2,6,4,3,1398
2,10,179,2025,1,2,6,4,3,547
2,9999,9999,2025,1,2,7,4,3,337
2,9999,9999,2025,1,2,8,4,3,556
2,3,180,2025,1,2,8,4,3,825
2,10,179,2025,1,2,8,4,3,544
2,9999,9999,2025,1,2,9,4,3,18045
2,3,180,2025,1,2,9,4,3,1479
2,10,179,2025,1,2,9,4,3,2153
2,9999,9999,2025,1,2,10,4,3,1502
2,9999,9999,2025,1,2,1,4,4,1761
2,10,179,2025,1,2,1,4,4,350
2,10,179,2025,1,2,3,4,4,2135
2,3,180,2025,1,2,4,4,4,1066
2,9999,9999,2025,1,2,5,4,4,1889
2,9999,9999,2025,1,2,6,4,4,2942
2,10,179,2025,1,2,6,4,4,2090
2,9999,9999,2025,1,2,7,4,4,2063
2,3,180,2025,1,2,7,4,4,1025
2,10,179,2025,1,2,7,4,4,2793
2,9999,9999,2025,1,2,8,4,4,824
2,3,180,2025,1,2,8,4,4,580
2,10,179,2025,1,2,8,4,4,1060
2,9999,9999,2025,1,2,9,4,4,9501
2,3,180,2025,1,2,9,4,4,3199
2,10,179,2025,1,2,9,4,4,5885
2,10,179,2025,1,2,10,4,4,1752
2,9999,9999,2025,1,2,1,4,5,31718
2,3,180,2025,1,2,1,4,5,4082
2,10,179,2025,1,2,1,4,5,2086
2,9999,9999,2025,1,2,3,4,5,14546
2,3,180,2025,1,2,3,4,5,15807
2,10,179,2025,1,2,3,4,5,23161
2,9999,9999,2025,1,2,4,4,5,2662
2,3,180,2025,1,2,4,4,5,987
2,9999,9999,2025,1,2,5,4,5,52192
2,3,180,2025,1,2,5,4,5,7981
2,10,179,2025,1,2,5,4,5,4404
2,9999,9999,2025,1,2,6,4,5,80449
2,3,180,2025,1,2,6,4,5,23292
2,10,179,2025,1,2,6,4,5,23572
2,9999,9999,2025,1,2,7,4,5,22639
2,3,180,2025,1,2,7,4,5,11515
2,10,179,2025,1,2,7,4,5,9924
2,9999,9999,2025,1,2,8,4,5,52141
2,3,180,2025,1,2,8,4,5,14255
2,10,179,2025,1,2,8,4,5,22608
2,9999,9999,2025,1,2,9,4,5,125147
2,3,180,2025,1,2,9,4,5,34363
2,10,179,2025,1,2,9,4,5,31156
2,9999,9999,2025,1,2,10,4,5,44248
2,3,180,2025,1,2,10,4,5,6068
2,10,179,2025,1,2,10,4,5,11447
3,9999,9999,2025,1,2,1,4,1,22583
3,15,202,2025,1,2,1,4,1,2376
3,9999,9999,2025,1,2,2,4,1,13742
3,9999,9999,2025,1,2,3,4,1,9526
3,15,202,2025,1,2,3,4,1,5297
3,15,202,2025,1,2,4,4,1,1347
3,9999,9999,2025,1,2,5,4,1,15759
3,15,202,2025,1,2,5,4,1,7204
3,9999,9999,2025,1,2,6,4,1,26809
3,15,202,2025,1,2,6,4,1,12810
3,9999,9999,2025,1,2,7,4,1,5380
3,15,202,2025,1,2,7,4,1,7460
3,9999,9999,2025,1,2,8,4,1,20187
3,15,202,2025,1,2,8,4,1,18767
3,9999,9999,2025,1,2,9,4,1,34525
3,15,202,2025,1,2,9,4,1,39716
3,9999,9999,2025,1,2,10,4,1,11705
3,15,202,2025,1,2,10,4,1,6381
3,9999,9999,2025,1,2,1,4,2,14434
3,9999,9999,2025,1,2,2,4,2,3041
3,9999,9999,2025,1,2,3,4,2,8357
3,15,202,2025,1,2,3,4,2,2475
3,9999,9999,2025,1,2,4,4,2,1469
3,9999,9999,2025,1,2,5,4,2,6256
3,15,202,2025,1,2,5,4,2,2777
3,9999,9999,2025,1,2,6,4,2,13611
3,15,202,2025,1,2,6,4,2,8640
3,9999,9999,2025,1,2,7,4,2,1428
3,15,202,2025,1,2,7,4,2,551
3,9999,9999,2025,1,2,8,4,2,12321
3,15,202,2025,1,2,8,4,2,7142
3,9999,9999,2025,1,2,9,4,2,12665
3,15,202,2025,1,2,9,4,2,5712
3,9999,9999,2025,1,2,10,4,2,5904
3,15,202,2025,1,2,10,4,2,1822
3,9999,9999,2025,1,2,1,4,3,1942
3,9999,9999,2025,1,2,3,4,3,737
3,15,202,2025,1,2,3,4,3,1316
3,9999,9999,2025,1,2,6,4,3,2355
3,15,202,2025,1,2,6,4,3,2936
3,9999,9999,2025,1,2,7,4,3,1761
3,15,202,2025,1,2,7,4,3,1275
3,9999,9999,2025,1,2,8,4,3,1497
3,15,202,2025,1,2,8,4,3,1133
3,9999,9999,2025,1,2,9,4,3,6571
3,15,202,2025,1,2,9,4,3,2456
3,9999,9999,2025,1,2,10,4,3,6776
3,15,202,2025,1,2,10,4,3,1393
3,9999,9999,2025,1,2,1,4,4,4084
3,9999,9999,2025,1,2,2,4,4,739
3,15,202,2025,1,2,3,4,4,1277
3,15,202,2025,1,2,5,4,4,503
3,9999,9999,2025,1,2,6,4,4,2483
3,15,202,2025,1,2,6,4,4,3681
3,9999,9999,2025,1,2,7,4,4,748
3,15,202,2025,1,2,7,4,4,587
3,9999,9999,2025,1,2,8,4,4,2855
3,15,202,2025,1,2,8,4,4,2211
3,9999,9999,2025,1,2,9,4,4,8097
3,15,202,2025,1,2,9,4,4,4195
3,9999,9999,2025,1,2,10,4,4,6755
3,9999,9999,2025,1,2,1,4,5,15405
3,15,202,2025,1,2,1,4,5,3273
3,9999,9999,2025,1,2,2,4,5,3380
3,9999,9999,2025,1,2,3,4,5,21777
3,15,202,2025,1,2,3,4,5,11432
3,15,202,2025,1,2,4,4,5,710
3,9999,9999,2025,1,2,5,4,5,14435
3,15,202,2025,1,2,5,4,5,6235
3,9999,9999,2025,1,2,6,4,5,47380
3,15,202,2025,1,2,6,4,5,27532
3,9999,9999,2025,1,2,7,4,5,4106
3,15,202,2025,1,2,7,4,5,4278
3,9999,9999,2025,1,2,8,4,5,28251
3,15,202,2025,1,2,8,4,5,6310
3,9999,9999,2025,1,2,9,4,5,64768
3,15,202,2025,1,2,9,4,5,22766
3,9999,9999,2025,1,2,10,4,5,19833
3,15,202,2025,1,2,10,4,5,11336
4,9999,9999,2025,1,2,1,4,1,22348
4,29,168,2025,1,2,1,4,1,4601
4,9999,9999,2025,1,2,2,4,1,3770
4,9999,9999,2025,1,2,3,4,1,16499
4,29,168,2025,1,2,3,4,1,65167
4,9999,9999,2025,1,2,4,4,1,3032
4,29,168,2025,1,2,4,4,1,2289
4,9999,9999,2025,1,2,5,4,1,23125
4,29,168,2025,1,2,5,4,1,21084
4,9999,9999,2025,1,2,6,4,1,38157
4,29,168,2025,1,2,6,4,1,71253
4,9999,9999,2025,1,2,7,4,1,15525
4,29,168,2025,1,2,7,4,1,37689
4,9999,9999,2025,1,2,8,4,1,36693
4,29,168,2025,1,2,8,4,1,79521
4,9999,9999,2025,1,2,9,4,1,117531
4,29,168,2025,1,2,9,4,1,103074
4,9999,9999,2025,1,2,10,4,1,12667
4,29,168,2025,1,2,10,4,1,10585
4,9999,9999,2025,1,2,1,4,2,18656
4,29,168,2025,1,2,2,4,2,1041
4,9999,9999,2025,1,2,3,4,2,20197
4,29,168,2025,1,2,3,4,2,13691
4,9999,9999,2025,1,2,5,4,2,11098
4,29,168,2025,1,2,5,4,2,8898
4,9999,9999,2025,1,2,6,4,2,33670
4,29,168,2025,1,2,6,4,2,23555
4,9999,9999,2025,1,2,7,4,2,6960
4,29,168,2025,1,2,7,4,2,7367
4,9999,9999,2025,1,2,8,4,2,24638
4,29,168,2025,1,2,8,4,2,20173
4,9999,9999,2025,1,2,9,4,2,20754
4,29,168,2025,1,2,9,4,2,15301
4,9999,9999,2025,1,2,10,4,2,19904
4,29,168,2025,1,2,10,4,2,12835
4,9999,9999,2025,1,2,1,4,3,1760
4,9999,9999,2025,1,2,3,4,3,3911
4,29,168,2025,1,2,3,4,3,6754
4,9999,9999,2025,1,2,5,4,3,1805
4,29,168,2025,1,2,5,4,3,2195
4,9999,9999,2025,1,2,6,4,3,13835
4,29,168,2025,1,2,6,4,3,2629
4,9999,9999,2025,1,2,7,4,3,2059
4,29,168,2025,1,2,7,4,3,789
4,9999,9999,2025,1,2,8,4,3,4778
4,29,168,2025,1,2,8,4,3,2119
4,9999,9999,2025,1,2,9,4,3,18832
4,29,168,2025,1,2,9,4,3,3182
4,29,168,2025,1,2,10,4,3,4691
4,29,168,2025,1,2,3,4,4,2341
4,29,168,2025,1,2,5,4,4,1413
4,9999,9999,2025,1,2,6,4,4,4517
4,29,168,2025,1,2,6,4,4,3670
4,9999,9999,2025,1,2,7,4,4,873
4,29,168,2025,1,2,7,4,4,2262
4,9999,9999,2025,1,2,8,4,4,2118
4,29,168,2025,1,2,8,4,4,6045
4,9999,9999,2025,1,2,9,4,4,3662
4,29,168,2025,1,2,9,4,4,5979
4,9999,9999,2025,1,2,10,4,4,2046
4,9999,9999,2025,1,2,1,4,5,78567
4,29,168,2025,1,2,1,4,5,5584
4,9999,9999,2025,1,2,2,4,5,3861
4,9999,9999,2025,1,2,3,4,5,106715
4,29,168,2025,1,2,3,4,5,96060
4,29,168,2025,1,2,4,4,5,4848
4,9999,9999,2025,1,2,4,4,5,6629
4,9999,9999,2025,1,2,5,4,5,81845
4,29,168,2025,1,2,5,4,5,48974
4,9999,9999,2025,1,2,6,4,5,210662
4,29,168,2025,1,2,6,4,5,177296
4,9999,9999,2025,1,2,7,4,5,44664
4,29,168,2025,1,2,7,4,5,57967
4,9999,9999,2025,1,2,8,4,5,116143
4,29,168,2025,1,2,8,4,5,168321
4,9999,9999,2025,1,2,9,4,5,262724
4,29,168,2025,1,2,9,4,5,135061
4,9999,9999,2025,1,2,10,4,5,69994
4,29,168,2025,1,2,10,4,5,64636
5,9999,9999,2025,1,2,1,4,1,10942
5,9999,9999,2025,1,2,2,4,1,70547
5,9999,9999,2025,1,2,3,4,1,15827
5,9999,9999,2025,1,2,5,4,1,19210
5,9999,9999,2025,1,2,6,4,1,38645
5,9999,9999,2025,1,2,7,4,1,21979
5,9999,9999,2025,1,2,8,4,1,31316
5,9999,9999,2025,1,2,9,4,1,105456
5,9999,9999,2025,1,2,10,4,1,7483
5,9999,9999,2025,1,2,1,4,2,9561
5,9999,9999,2025,1,2,2,4,2,14301
5,9999,9999,2025,1,2,3,4,2,13968
5,9999,9999,2025,1,2,5,4,2,13969
5,9999,9999,2025,1,2,6,4,2,17525
5,9999,9999,2025,1,2,7,4,2,8200
5,9999,9999,2025,1,2,8,4,2,31695
5,9999,9999,2025,1,2,9,4,2,20134
5,9999,9999,2025,1,2,10,4,2,12931
5,9999,9999,2025,1,2,5,4,3,1271
5,9999,9999,2025,1,2,6,4,3,4782
5,9999,9999,2025,1,2,8,4,3,3068
5,9999,9999,2025,1,2,9,4,3,2306
5,9999,9999,2025,1,2,10,4,3,475
5,9999,9999,2025,1,2,1,4,4,668
5,9999,9999,2025,1,2,2,4,4,1732
5,9999,9999,2025,1,2,6,4,4,4049
5,9999,9999,2025,1,2,7,4,4,482
5,9999,9999,2025,1,2,8,4,4,3801
5,9999,9999,2025,1,2,9,4,4,5779
5,9999,9999,2025,1,2,10,4,4,2430
5,9999,9999,2025,1,2,1,4,5,37209
5,9999,9999,2025,1,2,2,4,5,23374
5,9999,9999,2025,1,2,3,4,5,18029
5,9999,9999,2025,1,2,4,4,5,1007
5,9999,9999,2025,1,2,5,4,5,30156
5,9999,9999,2025,1,2,6,4,5,87726
5,9999,9999,2025,1,2,7,4,5,16997
5,9999,9999,2025,1,2,8,4,5,51697
5,9999,9999,2025,1,2,9,4,5,86860
5,9999,9999,2025,1,2,10,4,5,31183
6,1,213,2025,1,2,1,4,1,3125
6,9999,9999,2025,1,2,1,4,1,6271
6,18,37,2025,1,2,1,4,1,895
6,9999,9999,2025,1,2,2,4,1,30598
6,1,213,2025,1,2,2,4,1,3897
6,2,212,2025,1,2,2,4,1,4505
6,18,37,2025,1,2,2,4,1,1056
6,1,213,2025,1,2,3,4,1,54972
6,9999,9999,2025,1,2,3,4,1,35406
6,18,37,2025,1,2,3,4,1,49773
6,2,212,2025,1,2,3,4,1,62216
6,18,37,2025,1,2,4,4,1,2273
6,9999,9999,2025,1,2,4,4,1,11108
6,1,213,2025,1,2,4,4,1,3693
6,2,212,2025,1,2,4,4,1,5649
6,1,213,2025,1,2,5,4,1,18428
6,9999,9999,2025,1,2,5,4,1,19901
6,18,37,2025,1,2,5,4,1,38569
6,2,212,2025,1,2,5,4,1,59780
6,1,213,2025,1,2,6,4,1,63287
6,9999,9999,2025,1,2,6,4,1,38816
6,18,37,2025,1,2,6,4,1,72022
6,2,212,2025,1,2,6,4,1,119323
6,1,213,2025,1,2,7,4,1,42870
6,9999,9999,2025,1,2,7,4,1,11092
6,18,37,2025,1,2,7,4,1,41456
6,2,212,2025,1,2,7,4,1,45542
6,1,213,2025,1,2,8,4,1,99091
6,9999,9999,2025,1,2,8,4,1,20484
6,18,37,2025,1,2,8,4,1,162005
6,2,212,2025,1,2,8,4,1,211806
6,1,213,2025,1,2,9,4,1,100210
6,9999,9999,2025,1,2,9,4,1,44795
6,18,37,2025,1,2,9,4,1,163932
6,2,212,2025,1,2,9,4,1,150741
6,1,213,2025,1,2,10,4,1,14958
6,9999,9999,2025,1,2,10,4,1,5536
6,18,37,2025,1,2,10,4,1,23803
6,2,212,2025,1,2,10,4,1,41477
6,2,212,2025,1,2,11,4,1,1649
6,18,37,2025,1,2,11,4,1,2851
6,9999,9999,2025,1,2,1,4,2,5801
6,2,212,2025,1,2,1,4,2,1309
6,1,213,2025,1,2,1,4,2,3051
6,9999,9999,2025,1,2,2,4,2,3276
6,2,212,2025,1,2,2,4,2,2534
6,1,213,2025,1,2,2,4,2,848
6,18,37,2025,1,2,2,4,2,1298
6,1,213,2025,1,2,3,4,2,50906
6,9999,9999,2025,1,2,3,4,2,9926
6,18,37,2025,1,2,3,4,2,20839
6,2,212,2025,1,2,3,4,2,18164
6,9999,9999,2025,1,2,4,4,2,5129
6,1,213,2025,1,2,4,4,2,2914
6,2,212,2025,1,2,4,4,2,3016
6,1,213,2025,1,2,5,4,2,18197
6,9999,9999,2025,1,2,5,4,2,10550
6,18,37,2025,1,2,5,4,2,16821
6,2,212,2025,1,2,5,4,2,28943
6,1,213,2025,1,2,6,4,2,49398
6,9999,9999,2025,1,2,6,4,2,9843
6,18,37,2025,1,2,6,4,2,33040
6,2,212,2025,1,2,6,4,2,68217
6,1,213,2025,1,2,7,4,2,26398
6,9999,9999,2025,1,2,7,4,2,1379
6,18,37,2025,1,2,7,4,2,18511
6,2,212,2025,1,2,7,4,2,50843
6,1,213,2025,1,2,8,4,2,30184
6,9999,9999,2025,1,2,8,4,2,10263
6,18,37,2025,1,2,8,4,2,32389
6,2,212,2025,1,2,8,4,2,77010
6,1,213,2025,1,2,9,4,2,21216
6,9999,9999,2025,1,2,9,4,2,25737
6,18,37,2025,1,2,9,4,2,29955
6,2,212,2025,1,2,9,4,2,45003
6,1,213,2025,1,2,10,4,2,15321
6,9999,9999,2025,1,2,10,4,2,7075
6,18,37,2025,1,2,10,4,2,13502
6,2,212,2025,1,2,10,4,2,21621
6,18,37,2025,1,2,1,4,3,692
6,9999,9999,2025,1,2,2,4,3,1271
6,2,212,2025,1,2,3,4,3,392
6,18,37,2025,1,2,3,4,3,1873
6,2,212,2025,1,2,5,4,3,1213
6,18,37,2025,1,2,5,4,3,688
6,2,212,2025,1,2,6,4,3,1010
6,9999,9999,2025,1,2,6,4,3,1316
6,1,213,2025,1,2,6,4,3,3583
6,18,37,2025,1,2,6,4,3,2056
6,2,212,2025,1,2,7,4,3,7218
6,18,37,2025,1,2,7,4,3,1591
6,1,213,2025,1,2,8,4,3,5414
6,9999,9999,2025,1,2,8,4,3,4728
6,18,37,2025,1,2,8,4,3,5131
6,2,212,2025,1,2,8,4,3,9504
6,1,213,2025,1,2,9,4,3,2552
6,9999,9999,2025,1,2,9,4,3,1724
6,18,37,2025,1,2,9,4,3,7086
6,2,212,2025,1,2,9,4,3,1095
6,9999,9999,2025,1,2,10,4,3,1263
6,2,212,2025,1,2,10,4,3,3505
6,1,213,2025,1,2,10,4,3,843
6,18,37,2025,1,2,10,4,3,4812
6,2,212,2025,1,2,2,4,4,1254
6,1,213,2025,1,2,3,4,4,8906
6,2,212,2025,1,2,3,4,4,3171
6,18,37,2025,1,2,3,4,4,3502
6,9999,9999,2025,1,2,5,4,4,1349
6,1,213,2025,1,2,5,4,4,735
6,2,212,2025,1,2,5,4,4,2795
6,18,37,2025,1,2,5,4,4,1446
6,2,212,2025,1,2,6,4,4,5415
6,9999,9999,2025,1,2,6,4,4,2441
6,1,213,2025,1,2,6,4,4,3727
6,18,37,2025,1,2,6,4,4,8140
6,18,37,2025,1,2,7,4,4,7618
6,1,213,2025,1,2,7,4,4,1641
6,2,212,2025,1,2,7,4,4,4267
6,9999,9999,2025,1,2,8,4,4,5334
6,1,213,2025,1,2,8,4,4,4237
6,2,212,2025,1,2,8,4,4,20347
6,18,37,2025,1,2,8,4,4,10038
6,1,213,2025,1,2,9,4,4,7298
6,9999,9999,2025,1,2,9,4,4,6784
6,18,37,2025,1,2,9,4,4,11851
6,2,212,2025,1,2,9,4,4,10203
6,9999,9999,2025,1,2,10,4,4,2306
6,1,213,2025,1,2,10,4,4,899
6,2,212,2025,1,2,10,4,4,2366
6,18,37,2025,1,2,10,4,4,843
6,1,213,2025,1,2,1,4,5,1506
6,9999,9999,2025,1,2,1,4,5,7528
6,18,37,2025,1,2,1,4,5,3894
6,2,212,2025,1,2,1,4,5,4195
6,1,213,2025,1,2,2,4,5,1109
6,9999,9999,2025,1,2,2,4,5,25646
6,2,212,2025,1,2,2,4,5,2529
6,18,37,2025,1,2,2,4,5,1056
6,1,213,2025,1,2,3,4,5,83814
6,9999,9999,2025,1,2,3,4,5,31526
6,18,37,2025,1,2,3,4,5,42073
6,2,212,2025,1,2,3,4,5,70342
6,9999,9999,2025,1,2,4,4,5,678
6,2,212,2025,1,2,4,4,5,2302
6,1,213,2025,1,2,4,4,5,2777
6,18,37,2025,1,2,4,4,5,3522
6,1,213,2025,1,2,5,4,5,20902
6,9999,9999,2025,1,2,5,4,5,25446
6,18,37,2025,1,2,5,4,5,24505
6,2,212,2025,1,2,5,4,5,43465
6,1,213,2025,1,2,6,4,5,131229
6,9999,9999,2025,1,2,6,4,5,67946
6,18,37,2025,1,2,6,4,5,117176
6,2,212,2025,1,2,6,4,5,229274
6,1,213,2025,1,2,7,4,5,60392
6,9999,9999,2025,1,2,7,4,5,6296
6,18,37,2025,1,2,7,4,5,26898
6,2,212,2025,1,2,7,4,5,70904
6,1,213,2025,1,2,8,4,5,114877
6,9999,9999,2025,1,2,8,4,5,49614
6,18,37,2025,1,2,8,4,5,109107
6,2,212,2025,1,2,8,4,5,211794
6,1,213,2025,1,2,9,4,5,92534
6,9999,9999,2025,1,2,9,4,5,54787
6,18,37,2025,1,2,9,4,5,119959
6,2,212,2025,1,2,9,4,5,190087
6,1,213,2025,1,2,10,4,5,29621
6,9999,9999,2025,1,2,10,4,5,21562
6,18,37,2025,1,2,10,4,5,38717
6,2,212,2025,1,2,10,4,5,59374
7,9999,9999,2025,1,2,1,4,1,27797
7,9999,9999,2025,1,2,2,4,1,20289
7,9999,9999,2025,1,2,3,4,1,45325
7,9999,9999,2025,1,2,4,4,1,17822
7,9999,9999,2025,1,2,5,4,1,23880
7,9999,9999,2025,1,2,6,4,1,59604
7,9999,9999,2025,1,2,7,4,1,20706
7,9999,9999,2025,1,2,8,4,1,53721
7,9999,9999,2025,1,2,9,4,1,104171
7,9999,9999,2025,1,2,10,4,1,18847
7,9999,9999,2025,1,2,1,4,2,18994
7,9999,9999,2025,1,2,2,4,2,10590
7,9999,9999,2025,1,2,3,4,2,19693
7,9999,9999,2025,1,2,4,4,2,1977
7,9999,9999,2025,1,2,5,4,2,21546
7,9999,9999,2025,1,2,6,4,2,25419
7,9999,9999,2025,1,2,7,4,2,14698
7,9999,9999,2025,1,2,8,4,2,16263
7,9999,9999,2025,1,2,9,4,2,21438
7,9999,9999,2025,1,2,10,4,2,16172
7,9999,9999,2025,1,2,1,4,3,1735
7,9999,9999,2025,1,2,2,4,3,874
7,9999,9999,2025,1,2,3,4,3,3303
7,9999,9999,2025,1,2,5,4,3,909
7,9999,9999,2025,1,2,6,4,3,7187
7,9999,9999,2025,1,2,7,4,3,1632
7,9999,9999,2025,1,2,8,4,3,3350
7,9999,9999,2025,1,2,9,4,3,9123
7,9999,9999,2025,1,2,10,4,3,2551
7,9999,9999,2025,1,2,1,4,4,3761
7,9999,9999,2025,1,2,2,4,4,3595
7,9999,9999,2025,1,2,3,4,4,2922
7,9999,9999,2025,1,2,4,4,4,2204
7,9999,9999,2025,1,2,5,4,4,2319
7,9999,9999,2025,1,2,6,4,4,5182
7,9999,9999,2025,1,2,7,4,4,670
7,9999,9999,2025,1,2,8,4,4,4230
7,9999,9999,2025,1,2,9,4,4,7033
7,9999,9999,2025,1,2,10,4,4,2516
7,9999,9999,2025,1,2,1,4,5,63475
7,9999,9999,2025,1,2,2,4,5,19170
7,9999,9999,2025,1,2,3,4,5,37912
7,9999,9999,2025,1,2,4,4,5,9284
7,9999,9999,2025,1,2,5,4,5,41425
7,9999,9999,2025,1,2,6,4,5,128215
7,9999,9999,2025,1,2,7,4,5,30608
7,9999,9999,2025,1,2,8,4,5,79022
7,9999,9999,2025,1,2,9,4,5,136112
7,9999,9999,2025,1,2,10,4,5,42275
8,9999,9999,2025,1,2,1,4,1,52405
8,9999,9999,2025,1,2,2,4,1,58801
8,9999,9999,2025,1,2,3,4,1,31258
8,9999,9999,2025,1,2,4,4,1,15669
8,9999,9999,2025,1,2,5,4,1,36853
8,9999,9999,2025,1,2,6,4,1,114915
8,9999,9999,2025,1,2,7,4,1,29021
8,9999,9999,2025,1,2,8,4,1,44495
8,9999,9999,2025,1,2,9,4,1,148423
8,9999,9999,2025,1,2,10,4,1,33273
8,9999,9999,2025,1,2,1,4,2,11641
8,9999,9999,2025,1,2,2,4,2,8674
8,9999,9999,2025,1,2,3,4,2,10987
8,9999,9999,2025,1,2,4,4,2,2346
8,9999,9999,2025,1,2,5,4,2,13590
8,9999,9999,2025,1,2,6,4,2,25007
8,9999,9999,2025,1,2,7,4,2,6569
8,9999,9999,2025,1,2,8,4,2,14550
8,9999,9999,2025,1,2,9,4,2,20248
8,9999,9999,2025,1,2,10,4,2,7058
8,9999,9999,2025,1,2,1,4,3,3328
8,9999,9999,2025,1,2,3,4,3,4724
8,9999,9999,2025,1,2,5,4,3,1868
8,9999,9999,2025,1,2,6,4,3,7554
8,9999,9999,2025,1,2,7,4,3,1365
8,9999,9999,2025,1,2,8,4,3,3391
8,9999,9999,2025,1,2,9,4,3,21300
8,9999,9999,2025,1,2,10,4,3,9817
8,9999,9999,2025,1,2,1,4,4,5785
8,9999,9999,2025,1,2,2,4,4,892
8,9999,9999,2025,1,2,3,4,4,3348
8,9999,9999,2025,1,2,5,4,4,3761
8,9999,9999,2025,1,2,6,4,4,8023
8,9999,9999,2025,1,2,7,4,4,1499
8,9999,9999,2025,1,2,8,4,4,7333
8,9999,9999,2025,1,2,9,4,4,12136
8,9999,9999,2025,1,2,10,4,4,2301
8,9999,9999,2025,1,2,1,4,5,64965
8,9999,9999,2025,1,2,2,4,5,44064
8,9999,9999,2025,1,2,3,4,5,45590
8,9999,9999,2025,1,2,4,4,5,4437
8,9999,9999,2025,1,2,5,4,5,67831
8,9999,9999,2025,1,2,6,4,5,159917
8,9999,9999,2025,1,2,7,4,5,30722
8,9999,9999,2025,1,2,8,4,5,74962
8,9999,9999,2025,1,2,9,4,5,167707
8,9999,9999,2025,1,2,10,4,5,43576
9,9999,9999,2025,1,2,1,4,1,9476
9,9999,9999,2025,1,2,2,4,1,17556
9,9999,9999,2025,1,2,3,4,1,2010
9,9999,9999,2025,1,2,4,4,1,3082
9,9999,9999,2025,1,2,5,4,1,6646
9,9999,9999,2025,1,2,6,4,1,12188
9,9999,9999,2025,1,2,7,4,1,1682
9,9999,9999,2025,1,2,8,4,1,13575
9,9999,9999,2025,1,2,9,4,1,29489
9,9999,9999,2025,1,2,10,4,1,3177
9,9999,9999,2025,1,2,1,4,2,17041
9,9999,9999,2025,1,2,2,4,2,9040
9,9999,9999,2025,1,2,3,4,2,4292
9,9999,9999,2025,1,2,5,4,2,5686
9,9999,9999,2025,1,2,6,4,2,13292
9,9999,9999,2025,1,2,7,4,2,677
9,9999,9999,2025,1,2,8,4,2,6373
9,9999,9999,2025,1,2,9,4,2,7788
9,9999,9999,2025,1,2,10,4,2,9417
9,9999,9999,2025,1,2,1,4,3,1183
9,9999,9999,2025,1,2,2,4,3,478
9,9999,9999,2025,1,2,3,4,3,278
9,9999,9999,2025,1,2,5,4,3,509
9,9999,9999,2025,1,2,6,4,3,1279
9,9999,9999,2025,1,2,8,4,3,368
9,9999,9999,2025,1,2,9,4,3,1711
9,9999,9999,2025,1,2,10,4,3,121
9,9999,9999,2025,1,2,2,4,4,4091
9,9999,9999,2025,1,2,6,4,4,2386
9,9999,9999,2025,1,2,7,4,4,462
9,9999,9999,2025,1,2,9,4,4,2649
9,9999,9999,2025,1,2,10,4,4,734
9,9999,9999,2025,1,2,1,4,5,34448
9,9999,9999,2025,1,2,2,4,5,5960
9,9999,9999,2025,1,2,3,4,5,3954
9,9999,9999,2025,1,2,4,4,5,354
9,9999,9999,2025,1,2,5,4,5,5366
9,9999,9999,2025,1,2,6,4,5,25742
9,9999,9999,2025,1,2,7,4,5,1941
9,9999,9999,2025,1,2,8,4,5,21979
9,9999,9999,2025,1,2,9,4,5,45118
9,9999,9999,2025,1,2,10,4,5,8996
1,9999,9999,2025,1,2,1,5,1,1546
1,9999,9999,2025,1,2,5,5,1,1901
1,47,189,2025,1,2,5,5,1,1616
1,47,189,2025,1,2,8,5,1,1292
1,9999,9999,2025,1,2,9,5,1,862
1,47,189,2025,1,2,10,5,1,463
1,9999,9999,2025,1,2,1,5,2,26317
1,47,189,2025,1,2,1,5,2,2122
1,9999,9999,2025,1,2,3,5,2,3820
1,47,189,2025,1,2,3,5,2,2094
1,9999,9999,2025,1,2,5,5,2,8670
1,47,189,2025,1,2,5,5,2,5816
1,9999,9999,2025,1,2,6,5,2,2675
1,47,189,2025,1,2,6,5,2,1107
1,9999,9999,2025,1,2,7,5,2,1728
1,47,189,2025,1,2,7,5,2,3136
1,9999,9999,2025,1,2,8,5,2,3342
1,47,189,2025,1,2,8,5,2,4391
1,9999,9999,2025,1,2,9,5,2,5406
1,47,189,2025,1,2,9,5,2,1349
1,9999,9999,2025,1,2,10,5,2,10354
1,47,189,2025,1,2,10,5,2,3365
1,9999,9999,2025,1,2,1,5,3,20764
1,9999,9999,2025,1,2,3,5,3,4030
1,47,189,2025,1,2,3,5,3,2717
1,9999,9999,2025,1,2,5,5,3,7088
1,47,189,2025,1,2,5,5,3,2688
1,9999,9999,2025,1,2,6,5,3,2543
1,47,189,2025,1,2,6,5,3,8222
1,9999,9999,2025,1,2,8,5,3,988
1,47,189,2025,1,2,8,5,3,2587
1,9999,9999,2025,1,2,9,5,3,1822
1,47,189,2025,1,2,9,5,3,1712
1,9999,9999,2025,1,2,10,5,3,6814
1,47,189,2025,1,2,10,5,3,4063
1,9999,9999,2025,1,2,1,5,4,125418
1,47,189,2025,1,2,1,5,4,1528
1,9999,9999,2025,1,2,2,5,4,877
1,47,189,2025,1,2,2,5,4,1107
1,9999,9999,2025,1,2,3,5,4,42503
1,47,189,2025,1,2,3,5,4,87231
1,9999,9999,2025,1,2,4,5,4,1039
1,47,189,2025,1,2,4,5,4,2157
1,9999,9999,2025,1,2,5,5,4,26924
1,47,189,2025,1,2,5,5,4,48933
1,9999,9999,2025,1,2,6,5,4,44147
1,47,189,2025,1,2,6,5,4,83214
1,9999,9999,2025,1,2,7,5,4,26133
1,47,189,2025,1,2,7,5,4,38037
1,9999,9999,2025,1,2,8,5,4,49025
1,47,189,2025,1,2,8,5,4,92849
1,9999,9999,2025,1,2,9,5,4,35424
1,47,189,2025,1,2,9,5,4,58637
1,9999,9999,2025,1,2,10,5,4,32649
1,47,189,2025,1,2,10,5,4,54254
1,9999,9999,2025,1,2,1,5,5,38515
1,47,189,2025,1,2,1,5,5,6866
1,9999,9999,2025,1,2,2,5,5,730
1,47,189,2025,1,2,2,5,5,164
1,9999,9999,2025,1,2,3,5,5,41902
1,47,189,2025,1,2,3,5,5,81985
1,9999,9999,2025,1,2,4,5,5,2115
1,47,189,2025,1,2,4,5,5,3413
1,9999,9999,2025,1,2,5,5,5,42545
1,47,189,2025,1,2,5,5,5,39304
1,9999,9999,2025,1,2,6,5,5,76188
1,47,189,2025,1,2,6,5,5,189541
1,9999,9999,2025,1,2,7,5,5,12886
1,47,189,2025,1,2,7,5,5,71566
1,9999,9999,2025,1,2,8,5,5,46197
1,47,189,2025,1,2,8,5,5,170167
1,9999,9999,2025,1,2,9,5,5,66014
1,47,189,2025,1,2,9,5,5,124547
1,9999,9999,2025,1,2,10,5,5,4581
1,47,189,2025,1,2,10,5,5,21850
1,9999,9999,2025,1,2,1,5,6,11069
1,47,189,2025,1,2,1,5,6,1107
1,9999,9999,2025,1,2,2,5,6,3239
1,9999,9999,2025,1,2,3,5,6,10415
1,47,189,2025,1,2,3,5,6,40933
1,9999,9999,2025,1,2,4,5,6,600
1,47,189,2025,1,2,4,5,6,1924
1,9999,9999,2025,1,2,5,5,6,15300
1,47,189,2025,1,2,5,5,6,27415
1,9999,9999,2025,1,2,6,5,6,13341
1,47,189,2025,1,2,6,5,6,47177
1,9999,9999,2025,1,2,7,5,6,2598
1,47,189,2025,1,2,7,5,6,32903
1,9999,9999,2025,1,2,8,5,6,28571
1,47,189,2025,1,2,8,5,6,183963
1,9999,9999,2025,1,2,9,5,6,78026
1,47,189,2025,1,2,9,5,6,185177
1,47,189,2025,1,2,10,5,6,3126
1,47,189,2025,1,2,11,5,6,1814
1,9999,9999,2025,1,2,1,5,7,8848
1,9999,9999,2025,1,2,3,5,7,11225
1,47,189,2025,1,2,3,5,7,8125
1,9999,9999,2025,1,2,5,5,7,5547
1,47,189,2025,1,2,5,5,7,11097
1,9999,9999,2025,1,2,6,5,7,8171
1,47,189,2025,1,2,6,5,7,15595
1,9999,9999,2025,1,2,7,5,7,832
1,47,189,2025,1,2,7,5,7,5155
1,9999,9999,2025,1,2,8,5,7,3243
1,47,189,2025,1,2,8,5,7,8183
1,9999,9999,2025,1,2,9,5,7,2939
1,47,189,2025,1,2,9,5,7,13948
1,9999,9999,2025,1,2,10,5,7,3407
1,47,189,2025,1,2,10,5,7,13448
2,3,180,2025,1,2,6,5,1,1178
2,9999,9999,2025,1,2,9,5,1,2132
2,3,180,2025,1,2,9,5,1,1096
2,9999,9999,2025,1,2,10,5,1,783
2,9999,9999,2025,1,2,1,5,2,22010
2,9999,9999,2025,1,2,3,5,2,2709
2,9999,9999,2025,1,2,4,5,2,700
2,9999,9999,2025,1,2,5,5,2,13654
2,3,180,2025,1,2,5,5,2,693
2,9999,9999,2025,1,2,6,5,2,6120
2,3,180,2025,1,2,6,5,2,776
2,9999,9999,2025,1,2,7,5,2,2779
2,9999,9999,2025,1,2,8,5,2,2247
2,3,180,2025,1,2,8,5,2,1645
2,10,179,2025,1,2,8,5,2,964
2,9999,9999,2025,1,2,9,5,2,8168
2,10,179,2025,1,2,9,5,2,927
2,9999,9999,2025,1,2,10,5,2,12943
2,3,180,2025,1,2,10,5,2,600
2,10,179,2025,1,2,10,5,2,1922
2,9999,9999,2025,1,2,1,5,3,6331
2,3,180,2025,1,2,1,5,3,1108
2,9999,9999,2025,1,2,3,5,3,913
2,3,180,2025,1,2,3,5,3,1075
2,9999,9999,2025,1,2,4,5,3,1404
2,9999,9999,2025,1,2,5,5,3,7461
2,10,179,2025,1,2,5,5,3,964
2,9999,9999,2025,1,2,6,5,3,7676
2,3,180,2025,1,2,6,5,3,797
2,9999,9999,2025,1,2,7,5,3,5049
2,10,179,2025,1,2,7,5,3,1170
2,9999,9999,2025,1,2,8,5,3,6431
2,3,180,2025,1,2,8,5,3,1882
2,10,179,2025,1,2,8,5,3,771
2,9999,9999,2025,1,2,9,5,3,1876
2,10,179,2025,1,2,9,5,3,823
2,9999,9999,2025,1,2,10,5,3,6228
2,3,180,2025,1,2,10,5,3,2508
2,9999,9999,2025,1,2,1,5,4,22928
2,3,180,2025,1,2,1,5,4,5144
2,10,179,2025,1,2,1,5,4,4360
2,9999,9999,2025,1,2,3,5,4,23168
2,3,180,2025,1,2,3,5,4,4726
2,10,179,2025,1,2,3,5,4,16155
2,9999,9999,2025,1,2,4,5,4,3348
2,9999,9999,2025,1,2,5,5,4,40882
2,3,180,2025,1,2,5,5,4,1988
2,10,179,2025,1,2,5,5,4,7092
2,9999,9999,2025,1,2,6,5,4,50311
2,3,180,2025,1,2,6,5,4,13719
2,10,179,2025,1,2,6,5,4,16572
2,9999,9999,2025,1,2,7,5,4,19616
2,3,180,2025,1,2,7,5,4,8161
2,10,179,2025,1,2,7,5,4,13599
2,9999,9999,2025,1,2,8,5,4,34305
2,3,180,2025,1,2,8,5,4,11320
2,10,179,2025,1,2,8,5,4,16112
2,9999,9999,2025,1,2,9,5,4,75770
2,3,180,2025,1,2,9,5,4,14754
2,10,179,2025,1,2,9,5,4,12386
2,9999,9999,2025,1,2,10,5,4,28854
2,3,180,2025,1,2,10,5,4,5178
2,10,179,2025,1,2,10,5,4,12430
2,9999,9999,2025,1,2,1,5,5,7194
2,3,180,2025,1,2,1,5,5,738
2,10,179,2025,1,2,1,5,5,2131
2,9999,9999,2025,1,2,3,5,5,10942
2,3,180,2025,1,2,3,5,5,12715
2,10,179,2025,1,2,3,5,5,34351
2,9999,9999,2025,1,2,4,5,5,2114
2,3,180,2025,1,2,4,5,5,2094
2,10,179,2025,1,2,4,5,5,993
2,9999,9999,2025,1,2,5,5,5,16188
2,3,180,2025,1,2,5,5,5,10760
2,10,179,2025,1,2,5,5,5,2818
2,9999,9999,2025,1,2,6,5,5,52116
2,3,180,2025,1,2,6,5,5,24782
2,10,179,2025,1,2,6,5,5,34379
2,9999,9999,2025,1,2,7,5,5,16732
2,3,180,2025,1,2,7,5,5,4692
2,10,179,2025,1,2,7,5,5,23982
2,9999,9999,2025,1,2,8,5,5,28481
2,3,180,2025,1,2,8,5,5,11918
2,10,179,2025,1,2,8,5,5,36448
2,9999,9999,2025,1,2,9,5,5,64273
2,3,180,2025,1,2,9,5,5,22131
2,10,179,2025,1,2,9,5,5,36442
2,9999,9999,2025,1,2,10,5,5,5148
2,3,180,2025,1,2,10,5,5,734
2,10,179,2025,1,2,10,5,5,5214
2,9999,9999,2025,1,2,1,5,6,3827
2,3,180,2025,1,2,1,5,6,1119
2,9999,9999,2025,1,2,3,5,6,1758
2,3,180,2025,1,2,3,5,6,8207
2,10,179,2025,1,2,3,5,6,16060
2,3,180,2025,1,2,4,5,6,1970
2,9999,9999,2025,1,2,5,5,6,2383
2,3,180,2025,1,2,5,5,6,2605
2,10,179,2025,1,2,5,5,6,1812
2,9999,9999,2025,1,2,6,5,6,9882
2,3,180,2025,1,2,6,5,6,4332
2,10,179,2025,1,2,6,5,6,8856
2,9999,9999,2025,1,2,7,5,6,4015
2,3,180,2025,1,2,7,5,6,4271
2,10,179,2025,1,2,7,5,6,11223
2,9999,9999,2025,1,2,8,5,6,10793
2,3,180,2025,1,2,8,5,6,10750
2,10,179,2025,1,2,8,5,6,17927
2,9999,9999,2025,1,2,9,5,6,79322
2,3,180,2025,1,2,9,5,6,47566
2,10,179,2025,1,2,9,5,6,38742
2,9999,9999,2025,1,2,1,5,7,908
2,9999,9999,2025,1,2,3,5,7,2516
2,9999,9999,2025,1,2,5,5,7,1597
2,9999,9999,2025,1,2,6,5,7,731
2,9999,9999,2025,1,2,7,5,7,964
2,3,180,2025,1,2,7,5,7,771
2,3,180,2025,1,2,8,5,7,996
2,9999,9999,2025,1,2,9,5,7,1512
2,3,180,2025,1,2,9,5,7,360
2,9999,9999,2025,1,2,10,5,7,3026
3,9999,9999,2025,1,2,1,5,1,579
3,9999,9999,2025,1,2,8,5,1,501
3,9999,9999,2025,1,2,10,5,1,616
3,15,202,2025,1,2,10,5,1,395
3,9999,9999,2025,1,2,1,5,2,7833
3,15,202,2025,1,2,1,5,2,1793
3,9999,9999,2025,1,2,3,5,2,806
3,15,202,2025,1,2,3,5,2,503
3,9999,9999,2025,1,2,5,5,2,2142
3,15,202,2025,1,2,5,5,2,503
3,9999,9999,2025,1,2,6,5,2,2218
3,15,202,2025,1,2,6,5,2,1229
3,9999,9999,2025,1,2,8,5,2,1079
3,15,202,2025,1,2,8,5,2,418
3,9999,9999,2025,1,2,9,5,2,2031
3,15,202,2025,1,2,9,5,2,1967
3,9999,9999,2025,1,2,10,5,2,10602
3,15,202,2025,1,2,10,5,2,3068
3,9999,9999,2025,1,2,1,5,3,10959
3,15,202,2025,1,2,1,5,3,583
3,9999,9999,2025,1,2,3,5,3,349
3,9999,9999,2025,1,2,5,5,3,656
3,9999,9999,2025,1,2,6,5,3,2695
3,15,202,2025,1,2,6,5,3,1168
3,9999,9999,2025,1,2,7,5,3,251
3,9999,9999,2025,1,2,8,5,3,388
3,15,202,2025,1,2,8,5,3,710
3,9999,9999,2025,1,2,9,5,3,917
3,9999,9999,2025,1,2,10,5,3,1919
3,15,202,2025,1,2,10,5,3,2727
3,9999,9999,2025,1,2,1,5,4,19211
3,15,202,2025,1,2,1,5,4,2617
3,9999,9999,2025,1,2,2,5,4,9011
3,9999,9999,2025,1,2,3,5,4,17804
3,15,202,2025,1,2,3,5,4,7921
3,9999,9999,2025,1,2,4,5,4,1469
3,9999,9999,2025,1,2,5,5,4,21411
3,15,202,2025,1,2,5,5,4,9510
3,9999,9999,2025,1,2,6,5,4,50568
3,15,202,2025,1,2,6,5,4,18448
3,9999,9999,2025,1,2,7,5,4,7287
3,15,202,2025,1,2,7,5,4,2349
3,9999,9999,2025,1,2,8,5,4,24098
3,15,202,2025,1,2,8,5,4,9594
3,9999,9999,2025,1,2,9,5,4,43280
3,15,202,2025,1,2,9,5,4,8004
3,9999,9999,2025,1,2,10,5,4,25484
3,15,202,2025,1,2,10,5,4,9664
3,9999,9999,2025,1,2,1,5,5,18712
3,15,202,2025,1,2,1,5,5,655
3,9999,9999,2025,1,2,2,5,5,8645
3,9999,9999,2025,1,2,3,5,5,13379
3,15,202,2025,1,2,3,5,5,8061
3,15,202,2025,1,2,4,5,5,1347
3,9999,9999,2025,1,2,5,5,5,6011
3,15,202,2025,1,2,5,5,5,4598
3,9999,9999,2025,1,2,6,5,5,26652
3,15,202,2025,1,2,6,5,5,28190
3,9999,9999,2025,1,2,7,5,5,5072
3,15,202,2025,1,2,7,5,5,6361
3,9999,9999,2025,1,2,8,5,5,20445
3,15,202,2025,1,2,8,5,5,13941
3,9999,9999,2025,1,2,9,5,5,41904
3,15,202,2025,1,2,9,5,5,29923
3,9999,9999,2025,1,2,10,5,5,10610
3,15,202,2025,1,2,10,5,5,5079
3,9999,9999,2025,1,2,1,5,6,1153
3,9999,9999,2025,1,2,2,5,6,3245
3,9999,9999,2025,1,2,3,5,6,8060
3,15,202,2025,1,2,3,5,6,5312
3,15,202,2025,1,2,4,5,6,710
3,9999,9999,2025,1,2,5,5,6,6230
3,15,202,2025,1,2,5,5,6,2108
3,9999,9999,2025,1,2,6,5,6,9554
3,15,202,2025,1,2,6,5,6,5854
3,9999,9999,2025,1,2,7,5,6,814
3,15,202,2025,1,2,7,5,6,4889
3,9999,9999,2025,1,2,8,5,6,16513
3,15,202,2025,1,2,8,5,6,9983
3,9999,9999,2025,1,2,9,5,6,38494
3,15,202,2025,1,2,9,5,6,34900
3,9999,9999,2025,1,2,10,5,6,1742
3,9999,9999,2025,1,2,6,5,7,951
3,15,202,2025,1,2,6,5,7,710
3,15,202,2025,1,2,7,5,7,551
3,9999,9999,2025,1,2,8,5,7,2089
3,15,202,2025,1,2,8,5,7,917
3,15,202,2025,1,2,9,5,7,50
4,9999,9999,2025,1,2,1,5,1,8673
4,9999,9999,2025,1,2,3,5,1,666
4,9999,9999,2025,1,2,5,5,1,5720
4,29,168,2025,1,2,5,5,1,6712
4,9999,9999,2025,1,2,6,5,1,4776
4,29,168,2025,1,2,6,5,1,2493
4,9999,9999,2025,1,2,8,5,1,538
4,9999,9999,2025,1,2,9,5,1,5136
4,29,168,2025,1,2,10,5,1,5173
4,9999,9999,2025,1,2,10,5,1,5453
4,9999,9999,2025,1,2,1,5,2,18602
4,29,168,2025,1,2,1,5,2,3995
4,9999,9999,2025,1,2,3,5,2,6148
4,29,168,2025,1,2,3,5,2,2205
4,9999,9999,2025,1,2,4,5,2,1022
4,29,168,2025,1,2,4,5,2,1724
4,9999,9999,2025,1,2,5,5,2,14678
4,29,168,2025,1,2,5,5,2,3655
4,9999,9999,2025,1,2,6,5,2,14898
4,29,168,2025,1,2,6,5,2,9497
4,9999,9999,2025,1,2,7,5,2,2962
4,29,168,2025,1,2,7,5,2,832
4,9999,9999,2025,1,2,8,5,2,9681
4,29,168,2025,1,2,8,5,2,5229
4,9999,9999,2025,1,2,9,5,2,15928
4,29,168,2025,1,2,9,5,2,4672
4,9999,9999,2025,1,2,10,5,2,16910
4,29,168,2025,1,2,10,5,2,10959
4,9999,9999,2025,1,2,1,5,3,12328
4,9999,9999,2025,1,2,3,5,3,8265
4,29,168,2025,1,2,3,5,3,758
4,9999,9999,2025,1,2,5,5,3,4615
4,29,168,2025,1,2,5,5,3,609
4,9999,9999,2025,1,2,6,5,3,8524
4,29,168,2025,1,2,6,5,3,5723
4,29,168,2025,1,2,7,5,3,1306
4,9999,9999,2025,1,2,8,5,3,6095
4,9999,9999,2025,1,2,9,5,3,9135
4,29,168,2025,1,2,9,5,3,1052
4,9999,9999,2025,1,2,10,5,3,10135
4,29,168,2025,1,2,10,5,3,5848
4,9999,9999,2025,1,2,1,5,4,59909
4,29,168,2025,1,2,1,5,4,739
4,9999,9999,2025,1,2,2,5,4,1740
4,9999,9999,2025,1,2,3,5,4,54972
4,29,168,2025,1,2,3,5,4,44539
4,9999,9999,2025,1,2,4,5,4,2901
4,9999,9999,2025,1,2,5,5,4,48867
4,29,168,2025,1,2,5,5,4,26687
4,9999,9999,2025,1,2,6,5,4,96153
4,29,168,2025,1,2,6,5,4,66239
4,9999,9999,2025,1,2,7,5,4,26290
4,29,168,2025,1,2,7,5,4,26656
4,9999,9999,2025,1,2,8,5,4,65300
4,29,168,2025,1,2,8,5,4,64850
4,9999,9999,2025,1,2,9,5,4,99456
4,29,168,2025,1,2,9,5,4,33702
4,9999,9999,2025,1,2,10,5,4,46162
4,29,168,2025,1,2,10,5,4,51097
4,9999,9999,2025,1,2,1,5,5,14313
4,29,168,2025,1,2,1,5,5,5451
4,9999,9999,2025,1,2,2,5,5,1415
4,9999,9999,2025,1,2,3,5,5,63508
4,29,168,2025,1,2,3,5,5,102176
4,9999,9999,2025,1,2,4,5,5,967
4,29,168,2025,1,2,4,5,5,3836
4,9999,9999,2025,1,2,5,5,5,31356
4,29,168,2025,1,2,5,5,5,37422
4,9999,9999,2025,1,2,6,5,5,143348
4,29,168,2025,1,2,6,5,5,150445
4,9999,9999,2025,1,2,7,5,5,30329
4,29,168,2025,1,2,7,5,5,64143
4,9999,9999,2025,1,2,8,5,5,76829
4,29,168,2025,1,2,8,5,5,122272
4,9999,9999,2025,1,2,9,5,5,135412
4,29,168,2025,1,2,9,5,5,84836
4,9999,9999,2025,1,2,10,5,5,25951
4,29,168,2025,1,2,10,5,5,19605
4,9999,9999,2025,1,2,1,5,6,7503
4,9999,9999,2025,1,2,2,5,6,4476
4,29,168,2025,1,2,2,5,6,1041
4,9999,9999,2025,1,2,3,5,6,13762
4,29,168,2025,1,2,3,5,6,34336
4,29,168,2025,1,2,4,5,6,1578
4,9999,9999,2025,1,2,4,5,6,4771
4,9999,9999,2025,1,2,5,5,6,11320
4,29,168,2025,1,2,5,5,6,7479
4,9999,9999,2025,1,2,6,5,6,32259
4,29,168,2025,1,2,6,5,6,41421
4,9999,9999,2025,1,2,7,5,6,10501
4,29,168,2025,1,2,7,5,6,13137
4,9999,9999,2025,1,2,8,5,6,25927
4,29,168,2025,1,2,8,5,6,83828
4,9999,9999,2025,1,2,9,5,6,155600
4,29,168,2025,1,2,9,5,6,133601
4,9999,9999,2025,1,2,5,5,7,1316
4,9999,9999,2025,1,2,6,5,7,883
4,29,168,2025,1,2,6,5,7,2585
4,9999,9999,2025,1,2,9,5,7,2837
4,29,168,2025,1,2,9,5,7,4736
4,29,168,2025,1,2,10,5,7,67
5,9999,9999,2025,1,2,1,5,1,1580
5,9999,9999,2025,1,2,2,5,1,648
5,9999,9999,2025,1,2,3,5,1,5712
5,9999,9999,2025,1,2,5,5,1,4877
5,9999,9999,2025,1,2,9,5,1,639
5,9999,9999,2025,1,2,10,5,1,6122
5,9999,9999,2025,1,2,1,5,2,12166
5,9999,9999,2025,1,2,2,5,2,3825
5,9999,9999,2025,1,2,3,5,2,1921
5,9999,9999,2025,1,2,5,5,2,5386
5,9999,9999,2025,1,2,6,5,2,2550
5,9999,9999,2025,1,2,7,5,2,1108
5,9999,9999,2025,1,2,8,5,2,7384
5,9999,9999,2025,1,2,9,5,2,5739
5,9999,9999,2025,1,2,10,5,2,13019
5,9999,9999,2025,1,2,1,5,3,10654
5,9999,9999,2025,1,2,2,5,3,3648
5,9999,9999,2025,1,2,3,5,3,906
5,9999,9999,2025,1,2,5,5,3,3609
5,9999,9999,2025,1,2,6,5,3,12606
5,9999,9999,2025,1,2,7,5,3,2681
5,9999,9999,2025,1,2,8,5,3,1765
5,9999,9999,2025,1,2,9,5,3,4507
5,9999,9999,2025,1,2,10,5,3,8077
5,9999,9999,2025,1,2,1,5,4,25429
5,9999,9999,2025,1,2,2,5,4,40609
5,9999,9999,2025,1,2,3,5,4,19857
5,9999,9999,2025,1,2,5,5,4,25288
5,9999,9999,2025,1,2,6,5,4,57172
5,9999,9999,2025,1,2,7,5,4,17956
5,9999,9999,2025,1,2,8,5,4,45367
5,9999,9999,2025,1,2,9,5,4,32778
5,9999,9999,2025,1,2,10,5,4,19917
5,9999,9999,2025,1,2,1,5,5,4544
5,9999,9999,2025,1,2,2,5,5,45387
5,9999,9999,2025,1,2,3,5,5,15230
5,9999,9999,2025,1,2,5,5,5,19112
5,9999,9999,2025,1,2,6,5,5,64820
5,9999,9999,2025,1,2,7,5,5,24562
5,9999,9999,2025,1,2,8,5,5,53558
5,9999,9999,2025,1,2,9,5,5,69227
5,9999,9999,2025,1,2,10,5,5,3393
5,9999,9999,2025,1,2,1,5,6,4008
5,9999,9999,2025,1,2,2,5,6,14028
5,9999,9999,2025,1,2,3,5,6,3066
5,9999,9999,2025,1,2,4,5,6,1007
5,9999,9999,2025,1,2,5,5,6,6333
5,9999,9999,2025,1,2,6,5,6,14465
5,9999,9999,2025,1,2,8,5,6,11683
5,9999,9999,2025,1,2,9,5,6,105402
5,9999,9999,2025,1,2,2,5,7,1808
5,9999,9999,2025,1,2,3,5,7,1131
5,9999,9999,2025,1,2,6,5,7,1115
5,9999,9999,2025,1,2,7,5,7,1351
5,9999,9999,2025,1,2,8,5,7,1820
5,9999,9999,2025,1,2,9,5,7,2243
5,9999,9999,2025,1,2,10,5,7,3973
6,9999,9999,2025,1,2,1,5,1,2464
6,9999,9999,2025,1,2,2,5,1,1673
6,9999,9999,2025,1,2,3,5,1,2788
6,2,212,2025,1,2,3,5,1,941
6,9999,9999,2025,1,2,5,5,1,1042
6,1,213,2025,1,2,5,5,1,1282
6,2,212,2025,1,2,5,5,1,1264
6,9999,9999,2025,1,2,6,5,1,678
6,2,212,2025,1,2,6,5,1,6554
6,1,213,2025,1,2,6,5,1,6035
6,18,37,2025,1,2,6,5,1,2846
6,18,37,2025,1,2,8,5,1,1200
6,2,212,2025,1,2,9,5,1,871
6,18,37,2025,1,2,10,5,1,3504
6,9999,9999,2025,1,2,2,5,2,7901
6,9999,9999,2025,1,2,3,5,2,1337
6,1,213,2025,1,2,3,5,2,5172
6,2,212,2025,1,2,3,5,2,2139
6,18,37,2025,1,2,3,5,2,1601
6,2,212,2025,1,2,5,5,2,5865
6,9999,9999,2025,1,2,5,5,2,5186
6,1,213,2025,1,2,5,5,2,4109
6,18,37,2025,1,2,5,5,2,3012
6,2,212,2025,1,2,6,5,2,11726
6,9999,9999,2025,1,2,6,5,2,2475
6,1,213,2025,1,2,6,5,2,6251
6,18,37,2025,1,2,6,5,2,1606
6,1,213,2025,1,2,7,5,2,1584
6,18,37,2025,1,2,7,5,2,692
6,1,213,2025,1,2,8,5,2,5765
6,9999,9999,2025,1,2,8,5,2,2074
6,18,37,2025,1,2,8,5,2,3925
6,2,212,2025,1,2,8,5,2,1119
6,18,37,2025,1,2,9,5,2,1684
6,9999,9999,2025,1,2,9,5,2,3718
6,1,213,2025,1,2,9,5,2,2198
6,1,213,2025,1,2,10,5,2,10343
6,9999,9999,2025,1,2,10,5,2,2300
6,18,37,2025,1,2,10,5,2,12083
6,2,212,2025,1,2,10,5,2,2796
6,2,212,2025,1,2,1,5,3,1309
6,9999,9999,2025,1,2,2,5,3,3868
6,9999,9999,2025,1,2,3,5,3,1594
6,1,213,2025,1,2,3,5,3,3830
6,2,212,2025,1,2,3,5,3,8963
6,9999,9999,2025,1,2,5,5,3,3982
6,1,213,2025,1,2,5,5,3,3111
6,2,212,2025,1,2,5,5,3,7150
6,18,37,2025,1,2,5,5,3,5159
6,2,212,2025,1,2,6,5,3,2703
6,9999,9999,2025,1,2,6,5,3,1208
6,1,213,2025,1,2,6,5,3,6693
6,18,37,2025,1,2,6,5,3,3153
6,18,37,2025,1,2,7,5,3,1003
6,2,212,2025,1,2,8,5,3,2151
6,9999,9999,2025,1,2,8,5,3,2521
6,1,213,2025,1,2,8,5,3,865
6,18,37,2025,1,2,8,5,3,4397
6,1,213,2025,1,2,9,5,3,2782
6,9999,9999,2025,1,2,9,5,3,3055
6,2,212,2025,1,2,9,5,3,2637
6,2,212,2025,1,2,10,5,3,8604
6,9999,9999,2025,1,2,10,5,3,2869
6,1,213,2025,1,2,10,5,3,4468
6,18,37,2025,1,2,10,5,3,3938
6,1,213,2025,1,2,1,5,4,4460
6,9999,9999,2025,1,2,1,5,4,8683
6,18,37,2025,1,2,1,5,4,4689
6,2,212,2025,1,2,1,5,4,2061
6,9999,9999,2025,1,2,2,5,4,19759
6,1,213,2025,1,2,2,5,4,1245
6,18,37,2025,1,2,2,5,4,649
6,1,213,2025,1,2,3,5,4,46321
6,9999,9999,2025,1,2,3,5,4,21183
6,18,37,2025,1,2,3,5,4,17382
6,2,212,2025,1,2,3,5,4,41529
6,9999,9999,2025,1,2,4,5,4,2528
6,2,212,2025,1,2,4,5,4,1750
6,1,213,2025,1,2,5,5,4,20488
6,9999,9999,2025,1,2,5,5,4,17020
6,18,37,2025,1,2,5,5,4,22668
6,2,212,2025,1,2,5,5,4,52362
6,1,213,2025,1,2,6,5,4,75529
6,9999,9999,2025,1,2,6,5,4,37237
6,18,37,2025,1,2,6,5,4,70749
6,2,212,2025,1,2,6,5,4,119715
6,1,213,2025,1,2,7,5,4,29040
6,9999,9999,2025,1,2,7,5,4,5387
6,18,37,2025,1,2,7,5,4,12385
6,2,212,2025,1,2,7,5,4,57371
6,1,213,2025,1,2,8,5,4,38946
6,9999,9999,2025,1,2,8,5,4,23472
6,18,37,2025,1,2,8,5,4,42288
6,2,212,2025,1,2,8,5,4,92828
6,1,213,2025,1,2,9,5,4,40011
6,9999,9999,2025,1,2,9,5,4,31413
6,18,37,2025,1,2,9,5,4,24818
6,2,212,2025,1,2,9,5,4,65905
6,1,213,2025,1,2,10,5,4,27482
6,9999,9999,2025,1,2,10,5,4,24956
6,18,37,2025,1,2,10,5,4,34206
6,2,212,2025,1,2,10,5,4,68895
6,1,213,2025,1,2,1,5,5,1707
6,9999,9999,2025,1,2,1,5,5,3837
6,18,37,2025,1,2,1,5,5,792
6,2,212,2025,1,2,1,5,5,2134
6,9999,9999,2025,1,2,2,5,5,22768
6,1,213,2025,1,2,2,5,5,3499
6,2,212,2025,1,2,2,5,5,5162
6,18,37,2025,1,2,2,5,5,1704
6,1,213,2025,1,2,3,5,5,100244
6,9999,9999,2025,1,2,3,5,5,36602
6,18,37,2025,1,2,3,5,5,53600
6,2,212,2025,1,2,3,5,5,55092
6,9999,9999,2025,1,2,4,5,5,3178
6,1,213,2025,1,2,4,5,5,2914
6,2,212,2025,1,2,4,5,5,4158
6,18,37,2025,1,2,4,5,5,3522
6,1,213,2025,1,2,5,5,5,23109
6,9999,9999,2025,1,2,5,5,5,21467
6,18,37,2025,1,2,5,5,5,30063
6,2,212,2025,1,2,5,5,5,44990
6,1,213,2025,1,2,6,5,5,111362
6,9999,9999,2025,1,2,6,5,5,60299
6,18,37,2025,1,2,6,5,5,107829
6,2,212,2025,1,2,6,5,5,232214
6,1,213,2025,1,2,7,5,5,67500
6,9999,9999,2025,1,2,7,5,5,9146
6,18,37,2025,1,2,7,5,5,45622
6,2,212,2025,1,2,7,5,5,75681
6,1,213,2025,1,2,8,5,5,102594
6,9999,9999,2025,1,2,8,5,5,31794
6,18,37,2025,1,2,8,5,5,101648
6,2,212,2025,1,2,8,5,5,193835
6,1,213,2025,1,2,9,5,5,67143
6,9999,9999,2025,1,2,9,5,5,52058
6,18,37,2025,1,2,9,5,5,98601
6,2,212,2025,1,2,9,5,5,141654
6,1,213,2025,1,2,10,5,5,19349
6,9999,9999,2025,1,2,10,5,5,5263
6,18,37,2025,1,2,10,5,5,27947
6,2,212,2025,1,2,10,5,5,32034
6,18,37,2025,1,2,11,5,5,1768
6,9999,9999,2025,1,2,1,5,6,2379
6,1,213,2025,1,2,1,5,6,1514
6,9999,9999,2025,1,2,2,5,6,4824
6,1,213,2025,1,2,2,5,6,1109
6,2,212,2025,1,2,2,5,6,5661
6,18,37,2025,1,2,2,5,6,1056
6,1,213,2025,1,2,3,5,6,43031
6,9999,9999,2025,1,2,3,5,6,10937
6,18,37,2025,1,2,3,5,6,45479
6,2,212,2025,1,2,3,5,6,42623
6,9999,9999,2025,1,2,4,5,6,11209
6,2,212,2025,1,2,4,5,6,4070
6,1,213,2025,1,2,4,5,6,6470
6,18,37,2025,1,2,4,5,6,2273
6,1,213,2025,1,2,5,5,6,6163
6,9999,9999,2025,1,2,5,5,6,8550
6,18,37,2025,1,2,5,5,6,19541
6,2,212,2025,1,2,5,5,6,17426
6,1,213,2025,1,2,6,5,6,36636
6,9999,9999,2025,1,2,6,5,6,17673
6,18,37,2025,1,2,6,5,6,45330
6,2,212,2025,1,2,6,5,6,48489
6,9999,9999,2025,1,2,7,5,6,4235
6,1,213,2025,1,2,7,5,6,32378
6,2,212,2025,1,2,7,5,6,31370
6,18,37,2025,1,2,7,5,6,34896
6,1,213,2025,1,2,8,5,6,98313
6,9999,9999,2025,1,2,8,5,6,29089
6,18,37,2025,1,2,8,5,6,165212
6,2,212,2025,1,2,8,5,6,237144
6,1,213,2025,1,2,9,5,6,106834
6,9999,9999,2025,1,2,9,5,6,42168
6,18,37,2025,1,2,9,5,6,205522
6,2,212,2025,1,2,9,5,6,179485
6,2,212,2025,1,2,10,5,6,1790
6,2,212,2025,1,2,11,5,6,1649
6,18,37,2025,1,2,11,5,6,1082
6,9999,9999,2025,1,2,1,5,7,2236
6,9999,9999,2025,1,2,3,5,7,2416
6,2,212,2025,1,2,3,5,7,2996
6,2,212,2025,1,2,4,5,7,989
6,2,212,2025,1,2,5,5,7,7139
6,18,37,2025,1,2,5,5,7,1586
6,18,37,2025,1,2,6,5,7,921
6,9999,9999,2025,1,2,6,5,7,792
6,1,213,2025,1,2,6,5,7,8718
6,2,212,2025,1,2,6,5,7,1839
6,1,213,2025,1,2,7,5,7,798
6,2,212,2025,1,2,7,5,7,14351
6,18,37,2025,1,2,7,5,7,1475
6,9999,9999,2025,1,2,8,5,7,1473
6,1,213,2025,1,2,8,5,7,7321
6,2,212,2025,1,2,8,5,7,3385
6,18,37,2025,1,2,9,5,7,2158
6,9999,9999,2025,1,2,9,5,7,1416
6,1,213,2025,1,2,9,5,7,4842
6,2,212,2025,1,2,9,5,7,6578
6,9999,9999,2025,1,2,10,5,7,2354
6,2,212,2025,1,2,10,5,7,14223
7,9999,9999,2025,1,2,1,5,1,6908
7,9999,9999,2025,1,2,3,5,1,2887
7,9999,9999,2025,1,2,5,5,1,861
7,9999,9999,2025,1,2,6,5,1,4092
7,9999,9999,2025,1,2,8,5,1,1107
7,9999,9999,2025,1,2,9,5,1,890
7,9999,9999,2025,1,2,10,5,1,4699
7,9999,9999,2025,1,2,1,5,2,8930
7,9999,9999,2025,1,2,2,5,2,2507
7,9999,9999,2025,1,2,3,5,2,874
7,9999,9999,2025,1,2,5,5,2,7414
7,9999,9999,2025,1,2,6,5,2,10513
7,9999,9999,2025,1,2,8,5,2,4980
7,9999,9999,2025,1,2,9,5,2,14016
7,9999,9999,2025,1,2,10,5,2,15524
7,9999,9999,2025,1,2,1,5,3,11293
7,9999,9999,2025,1,2,3,5,3,5271
7,9999,9999,2025,1,2,5,5,3,3358
7,9999,9999,2025,1,2,6,5,3,7670
7,9999,9999,2025,1,2,7,5,3,667
7,9999,9999,2025,1,2,8,5,3,1558
7,9999,9999,2025,1,2,9,5,3,4632
7,9999,9999,2025,1,2,10,5,3,6051
7,9999,9999,2025,1,2,1,5,4,49356
7,9999,9999,2025,1,2,2,5,4,19000
7,9999,9999,2025,1,2,3,5,4,39722
7,9999,9999,2025,1,2,4,5,4,2509
7,9999,9999,2025,1,2,5,5,4,43876
7,9999,9999,2025,1,2,6,5,4,73702
7,9999,9999,2025,1,2,7,5,4,22858
7,9999,9999,2025,1,2,8,5,4,49135
7,9999,9999,2025,1,2,9,5,4,78057
7,9999,9999,2025,1,2,10,5,4,35209
7,9999,9999,2025,1,2,1,5,5,28376
7,9999,9999,2025,1,2,2,5,5,23788
7,9999,9999,2025,1,2,3,5,5,41610
7,9999,9999,2025,1,2,4,5,5,6594
7,9999,9999,2025,1,2,5,5,5,20181
7,9999,9999,2025,1,2,6,5,5,105515
7,9999,9999,2025,1,2,7,5,5,31468
7,9999,9999,2025,1,2,8,5,5,66731
7,9999,9999,2025,1,2,9,5,5,70783
7,9999,9999,2025,1,2,10,5,5,17119
7,9999,9999,2025,1,2,1,5,6,2434
7,9999,9999,2025,1,2,2,5,6,8151
7,9999,9999,2025,1,2,3,5,6,17821
7,9999,9999,2025,1,2,4,5,6,22184
7,9999,9999,2025,1,2,5,5,6,13821
7,9999,9999,2025,1,2,6,5,6,22838
7,9999,9999,2025,1,2,7,5,6,10518
7,9999,9999,2025,1,2,8,5,6,31068
7,9999,9999,2025,1,2,9,5,6,103671
7,9999,9999,2025,1,2,10,5,6,1384
7,9999,9999,2025,1,2,1,5,7,8465
7,9999,9999,2025,1,2,2,5,7,1073
7,9999,9999,2025,1,2,3,5,7,971
7,9999,9999,2025,1,2,5,5,7,567
7,9999,9999,2025,1,2,6,5,7,1278
7,9999,9999,2025,1,2,7,5,7,2803
7,9999,9999,2025,1,2,8,5,7,2005
7,9999,9999,2025,1,2,9,5,7,5828
7,9999,9999,2025,1,2,10,5,7,2374
8,9999,9999,2025,1,2,1,5,1,4235
8,9999,9999,2025,1,2,2,5,1,895
8,9999,9999,2025,1,2,3,5,1,2476
8,9999,9999,2025,1,2,5,5,1,1644
8,9999,9999,2025,1,2,6,5,1,4332
8,9999,9999,2025,1,2,8,5,1,254
8,9999,9999,2025,1,2,9,5,1,2046
8,9999,9999,2025,1,2,10,5,1,6597
8,9999,9999,2025,1,2,1,5,2,16908
8,9999,9999,2025,1,2,2,5,2,1168
8,9999,9999,2025,1,2,3,5,2,6812
8,9999,9999,2025,1,2,5,5,2,2937
8,9999,9999,2025,1,2,6,5,2,8028
8,9999,9999,2025,1,2,7,5,2,1207
8,9999,9999,2025,1,2,8,5,2,4034
8,9999,9999,2025,1,2,9,5,2,11956
8,9999,9999,2025,1,2,10,5,2,8390
8,9999,9999,2025,1,2,1,5,3,12118
8,9999,9999,2025,1,2,2,5,3,2742
8,9999,9999,2025,1,2,3,5,3,2058
8,9999,9999,2025,1,2,5,5,3,9637
8,9999,9999,2025,1,2,6,5,3,5443
8,9999,9999,2025,1,2,7,5,3,1334
8,9999,9999,2025,1,2,8,5,3,1892
8,9999,9999,2025,1,2,9,5,3,10743
8,9999,9999,2025,1,2,10,5,3,8581
8,9999,9999,2025,1,2,1,5,4,72134
8,9999,9999,2025,1,2,2,5,4,24607
8,9999,9999,2025,1,2,3,5,4,37587
8,9999,9999,2025,1,2,4,5,4,1183
8,9999,9999,2025,1,2,5,5,4,66315
8,9999,9999,2025,1,2,6,5,4,119045
8,9999,9999,2025,1,2,7,5,4,23921
8,9999,9999,2025,1,2,8,5,4,63426
8,9999,9999,2025,1,2,9,5,4,81974
8,9999,9999,2025,1,2,10,5,4,50063
8,9999,9999,2025,1,2,1,5,5,25275
8,9999,9999,2025,1,2,2,5,5,44587
8,9999,9999,2025,1,2,3,5,5,33100
8,9999,9999,2025,1,2,4,5,5,5884
8,9999,9999,2025,1,2,5,5,5,30691
8,9999,9999,2025,1,2,6,5,5,120638
8,9999,9999,2025,1,2,7,5,5,26565
8,9999,9999,2025,1,2,8,5,5,39508
8,9999,9999,2025,1,2,9,5,5,100375
8,9999,9999,2025,1,2,10,5,5,16284
8,9999,9999,2025,1,2,1,5,6,6123
8,9999,9999,2025,1,2,2,5,6,38434
8,9999,9999,2025,1,2,3,5,6,10462
8,9999,9999,2025,1,2,4,5,6,13883
8,9999,9999,2025,1,2,5,5,6,9433
8,9999,9999,2025,1,2,6,5,6,49856
8,9999,9999,2025,1,2,7,5,6,12423
8,9999,9999,2025,1,2,8,5,6,34919
8,9999,9999,2025,1,2,9,5,6,156865
8,9999,9999,2025,1,2,10,5,6,4780
8,9999,9999,2025,1,2,1,5,7,1332
8,9999,9999,2025,1,2,3,5,7,3411
8,9999,9999,2025,1,2,4,5,7,1502
8,9999,9999,2025,1,2,5,5,7,3246
8,9999,9999,2025,1,2,6,5,7,8074
8,9999,9999,2025,1,2,7,5,7,3726
8,9999,9999,2025,1,2,8,5,7,698
8,9999,9999,2025,1,2,9,5,7,5855
8,9999,9999,2025,1,2,10,5,7,1330
9,9999,9999,2025,1,2,1,5,1,3925
9,9999,9999,2025,1,2,3,5,1,1313
9,9999,9999,2025,1,2,6,5,1,1942
9,9999,9999,2025,1,2,9,5,1,1280
9,9999,9999,2025,1,2,10,5,1,3223
9,9999,9999,2025,1,2,1,5,2,5372
9,9999,9999,2025,1,2,2,5,2,871
9,9999,9999,2025,1,2,5,5,2,906
9,9999,9999,2025,1,2,6,5,2,2924
9,9999,9999,2025,1,2,8,5,2,1412
9,9999,9999,2025,1,2,9,5,2,2864
9,9999,9999,2025,1,2,10,5,2,4488
9,9999,9999,2025,1,2,1,5,3,2902
9,9999,9999,2025,1,2,2,5,3,447
9,9999,9999,2025,1,2,6,5,3,262
9,9999,9999,2025,1,2,7,5,3,613
9,9999,9999,2025,1,2,8,5,3,2047
9,9999,9999,2025,1,2,9,5,3,3028
9,9999,9999,2025,1,2,10,5,3,2732
9,9999,9999,2025,1,2,1,5,4,32503
9,9999,9999,2025,1,2,2,5,4,7622
9,9999,9999,2025,1,2,3,5,4,3864
9,9999,9999,2025,1,2,4,5,4,683
9,9999,9999,2025,1,2,5,5,4,8177
9,9999,9999,2025,1,2,6,5,4,14369
9,9999,9999,2025,1,2,7,5,4,2367
9,9999,9999,2025,1,2,8,5,4,14055
9,9999,9999,2025,1,2,9,5,4,21837
9,9999,9999,2025,1,2,10,5,4,9269
9,9999,9999,2025,1,2,1,5,5,13781
9,9999,9999,2025,1,2,2,5,5,21884
9,9999,9999,2025,1,2,3,5,5,3307
9,9999,9999,2025,1,2,5,5,5,7372
9,9999,9999,2025,1,2,6,5,5,24413
9,9999,9999,2025,1,2,7,5,5,1782
9,9999,9999,2025,1,2,8,5,5,21865
9,9999,9999,2025,1,2,9,5,5,34293
9,9999,9999,2025,1,2,10,5,5,2734
9,9999,9999,2025,1,2,1,5,6,3664
9,9999,9999,2025,1,2,2,5,6,6302
9,9999,9999,2025,1,2,3,5,6,2050
9,9999,9999,2025,1,2,4,5,6,2753
9,9999,9999,2025,1,2,5,5,6,1750
9,9999,9999,2025,1,2,6,5,6,10633
9,9999,9999,2025,1,2,8,5,6,2916
9,9999,9999,2025,1,2,9,5,6,22771
9,9999,9999,2025,1,2,6,5,7,344
9,9999,9999,2025,1,2,9,5,7,684
1,9999,9999,2025,1,3,1,1,1,44953
1,47,189,2025,1,3,1,1,1,142533
1,9999,9999,2025,1,3,2,1,1,18489
1,47,189,2025,1,3,2,1,1,82848
1,9999,9999,2025,1,3,3,1,1,32276
1,47,189,2025,1,3,3,1,1,98150
1,9999,9999,2025,1,3,4,1,1,17498
1,47,189,2025,1,3,4,1,1,60128
1,9999,9999,2025,1,3,5,1,1,65153
1,47,189,2025,1,3,5,1,1,145484
1,9999,9999,2025,1,3,6,1,1,1480
1,47,189,2025,1,3,6,1,1,1468
1,9999,9999,2025,1,3,7,1,1,80860
1,47,189,2025,1,3,7,1,1,151568
1,9999,9999,2025,1,3,8,1,1,67110
1,47,189,2025,1,3,8,1,1,104688
1,9999,9999,2025,1,3,9,1,1,235449
1,47,189,2025,1,3,9,1,1,173908
1,9999,9999,2025,1,3,10,1,1,2527
1,47,189,2025,1,3,10,1,1,3159
1,9999,9999,2025,1,3,1,1,2,21182
1,47,189,2025,1,3,1,1,2,99104
1,9999,9999,2025,1,3,2,1,2,29257
1,47,189,2025,1,3,2,1,2,70988
1,9999,9999,2025,1,3,3,1,2,38313
1,47,189,2025,1,3,3,1,2,87911
1,9999,9999,2025,1,3,4,1,2,71764
1,47,189,2025,1,3,4,1,2,201628
1,9999,9999,2025,1,3,5,1,2,76834
1,47,189,2025,1,3,5,1,2,161359
1,9999,9999,2025,1,3,7,1,2,12738
1,47,189,2025,1,3,7,1,2,25111
1,9999,9999,2025,1,3,8,1,2,6393
1,47,189,2025,1,3,8,1,2,27174
1,9999,9999,2025,1,3,9,1,2,167027
1,47,189,2025,1,3,9,1,2,109553
1,9999,9999,2025,1,3,10,1,2,44551
1,47,189,2025,1,3,10,1,2,80418
2,9999,9999,2025,1,3,1,1,1,18212
2,3,180,2025,1,3,1,1,1,13276
2,10,179,2025,1,3,1,1,1,25297
2,9999,9999,2025,1,3,2,1,1,7361
2,3,180,2025,1,3,2,1,1,6283
2,10,179,2025,1,3,2,1,1,13385
2,9999,9999,2025,1,3,3,1,1,16525
2,3,180,2025,1,3,3,1,1,15562
2,10,179,2025,1,3,3,1,1,24157
2,9999,9999,2025,1,3,4,1,1,20877
2,3,180,2025,1,3,4,1,1,4745
2,10,179,2025,1,3,4,1,1,10650
2,9999,9999,2025,1,3,5,1,1,81177
2,3,180,2025,1,3,5,1,1,27324
2,10,179,2025,1,3,5,1,1,26429
2,9999,9999,2025,1,3,6,1,1,3426
2,3,180,2025,1,3,6,1,1,738
2,10,179,2025,1,3,6,1,1,2935
2,9999,9999,2025,1,3,7,1,1,52796
2,3,180,2025,1,3,7,1,1,15803
2,10,179,2025,1,3,7,1,1,28405
2,9999,9999,2025,1,3,8,1,1,50095
2,3,180,2025,1,3,8,1,1,17702
2,10,179,2025,1,3,8,1,1,36705
2,9999,9999,2025,1,3,9,1,1,134823
2,3,180,2025,1,3,9,1,1,31351
2,10,179,2025,1,3,9,1,1,39920
2,9999,9999,2025,1,3,10,1,1,1783
2,3,180,2025,1,3,10,1,1,714
2,10,179,2025,1,3,10,1,1,1386
2,9999,9999,2025,1,3,1,1,2,7065
2,3,180,2025,1,3,1,1,2,4135
2,10,179,2025,1,3,1,1,2,15250
2,9999,9999,2025,1,3,2,1,2,14209
2,3,180,2025,1,3,2,1,2,12025
2,10,179,2025,1,3,2,1,2,5674
2,9999,9999,2025,1,3,3,1,2,48567
2,3,180,2025,1,3,3,1,2,15024
2,10,179,2025,1,3,3,1,2,28296
2,9999,9999,2025,1,3,4,1,2,27813
2,3,180,2025,1,3,4,1,2,30542
2,10,179,2025,1,3,4,1,2,39521
2,9999,9999,2025,1,3,5,1,2,80654
2,3,180,2025,1,3,5,1,2,16832
2,10,179,2025,1,3,5,1,2,30478
2,9999,9999,2025,1,3,6,1,2,2832
2,9999,9999,2025,1,3,7,1,2,5037
2,3,180,2025,1,3,7,1,2,5484
2,10,179,2025,1,3,7,1,2,11448
2,9999,9999,2025,1,3,8,1,2,3442
2,3,180,2025,1,3,8,1,2,1294
2,10,179,2025,1,3,8,1,2,8622
2,9999,9999,2025,1,3,9,1,2,122160
2,3,180,2025,1,3,9,1,2,26424
2,10,179,2025,1,3,9,1,2,19784
2,9999,9999,2025,1,3,10,1,2,44367
2,3,180,2025,1,3,10,1,2,6599
2,10,179,2025,1,3,10,1,2,9284
3,9999,9999,2025,1,3,1,1,1,24238
3,15,202,2025,1,3,1,1,1,13458
3,9999,9999,2025,1,3,2,1,1,11059
3,15,202,2025,1,3,2,1,1,7217
3,9999,9999,2025,1,3,3,1,1,12475
3,15,202,2025,1,3,3,1,1,9418
3,9999,9999,2025,1,3,4,1,1,12086
3,15,202,2025,1,3,4,1,1,9387
3,9999,9999,2025,1,3,5,1,1,47230
3,15,202,2025,1,3,5,1,1,20243
3,9999,9999,2025,1,3,6,1,1,1393
3,15,202,2025,1,3,6,1,1,655
3,9999,9999,2025,1,3,7,1,1,51667
3,15,202,2025,1,3,7,1,1,26727
3,9999,9999,2025,1,3,8,1,1,39669
3,15,202,2025,1,3,8,1,1,14022
3,9999,9999,2025,1,3,9,1,1,98127
3,15,202,2025,1,3,9,1,1,32315
3,9999,9999,2025,1,3,10,1,1,3727
3,15,202,2025,1,3,10,1,1,1724
3,9999,9999,2025,1,3,1,1,2,6444
3,15,202,2025,1,3,1,1,2,5667
3,9999,9999,2025,1,3,2,1,2,7237
3,15,202,2025,1,3,2,1,2,13878
3,9999,9999,2025,1,3,3,1,2,10105
3,15,202,2025,1,3,3,1,2,7499
3,9999,9999,2025,1,3,4,1,2,26697
3,15,202,2025,1,3,4,1,2,21996
3,9999,9999,2025,1,3,5,1,2,50685
3,15,202,2025,1,3,5,1,2,27172
3,9999,9999,2025,1,3,7,1,2,11175
3,15,202,2025,1,3,7,1,2,3808
3,9999,9999,2025,1,3,8,1,2,1702
3,15,202,2025,1,3,8,1,2,624
3,9999,9999,2025,1,3,9,1,2,60694
3,15,202,2025,1,3,9,1,2,20012
3,9999,9999,2025,1,3,10,1,2,30026
3,15,202,2025,1,3,10,1,2,11487
4,9999,9999,2025,1,3,1,1,1,45703
4,29,168,2025,1,3,1,1,1,88209
4,9999,9999,2025,1,3,2,1,1,17484
4,29,168,2025,1,3,2,1,1,19828
4,9999,9999,2025,1,3,3,1,1,63419
4,29,168,2025,1,3,3,1,1,55180
4,9999,9999,2025,1,3,4,1,1,33360
4,29,168,2025,1,3,4,1,1,35015
4,9999,9999,2025,1,3,5,1,1,135729
4,29,168,2025,1,3,5,1,1,136792
4,9999,9999,2025,1,3,6,1,1,5987
4,29,168,2025,1,3,6,1,1,3214
4,9999,9999,2025,1,3,7,1,1,142531
4,29,168,2025,1,3,7,1,1,112897
4,9999,9999,2025,1,3,8,1,1,88439
4,29,168,2025,1,3,8,1,1,103756
4,9999,9999,2025,1,3,9,1,1,208657
4,29,168,2025,1,3,9,1,1,147866
4,9999,9999,2025,1,3,10,1,1,3898
4,29,168,2025,1,3,10,1,1,2651
4,9999,9999,2025,1,3,1,1,2,22908
4,29,168,2025,1,3,1,1,2,35846
4,9999,9999,2025,1,3,2,1,2,31633
4,29,168,2025,1,3,2,1,2,32272
4,9999,9999,2025,1,3,3,1,2,70586
4,29,168,2025,1,3,3,1,2,79759
4,9999,9999,2025,1,3,4,1,2,90716
4,29,168,2025,1,3,4,1,2,104394
4,9999,9999,2025,1,3,5,1,2,155330
4,29,168,2025,1,3,5,1,2,121404
4,9999,9999,2025,1,3,6,1,2,5361
4,9999,9999,2025,1,3,7,1,2,28325
4,29,168,2025,1,3,7,1,2,18328
4,9999,9999,2025,1,3,8,1,2,51793
4,29,168,2025,1,3,8,1,2,22259
4,9999,9999,2025,1,3,9,1,2,202089
4,29,168,2025,1,3,9,1,2,119633
4,9999,9999,2025,1,3,10,1,2,83273
4,29,168,2025,1,3,10,1,2,61642
5,9999,9999,2025,1,3,1,1,1,35487
5,9999,9999,2025,1,3,2,1,1,14029
5,9999,9999,2025,1,3,3,1,1,22794
5,9999,9999,2025,1,3,4,1,1,21079
5,9999,9999,2025,1,3,5,1,1,83526
5,9999,9999,2025,1,3,6,1,1,2602
5,9999,9999,2025,1,3,7,1,1,109040
5,9999,9999,2025,1,3,8,1,1,80300
5,9999,9999,2025,1,3,9,1,1,173385
5,9999,9999,2025,1,3,1,1,2,11136
5,9999,9999,2025,1,3,2,1,2,19723
5,9999,9999,2025,1,3,3,1,2,38343
5,9999,9999,2025,1,3,4,1,2,53477
5,9999,9999,2025,1,3,5,1,2,68855
5,9999,9999,2025,1,3,6,1,2,879
5,9999,9999,2025,1,3,7,1,2,7451
5,9999,9999,2025,1,3,8,1,2,7113
5,9999,9999,2025,1,3,9,1,2,92116
5,9999,9999,2025,1,3,10,1,2,37436
6,1,213,2025,1,3,1,1,1,66649
6,9999,9999,2025,1,3,1,1,1,33985
6,18,37,2025,1,3,1,1,1,142969
6,2,212,2025,1,3,1,1,1,158500
6,1,213,2025,1,3,2,1,1,23266
6,9999,9999,2025,1,3,2,1,1,7672
6,18,37,2025,1,3,2,1,1,62109
6,2,212,2025,1,3,2,1,1,101087
6,1,213,2025,1,3,3,1,1,71599
6,9999,9999,2025,1,3,3,1,1,28417
6,18,37,2025,1,3,3,1,1,74249
6,2,212,2025,1,3,3,1,1,95568
6,1,213,2025,1,3,4,1,1,74317
6,9999,9999,2025,1,3,4,1,1,23832
6,18,37,2025,1,3,4,1,1,68580
6,2,212,2025,1,3,4,1,1,78238
6,1,213,2025,1,3,5,1,1,110433
6,9999,9999,2025,1,3,5,1,1,70655
6,18,37,2025,1,3,5,1,1,94877
6,2,212,2025,1,3,5,1,1,195183
6,1,213,2025,1,3,6,1,1,157
6,9999,9999,2025,1,3,6,1,1,3900
6,18,37,2025,1,3,6,1,1,2325
6,2,212,2025,1,3,6,1,1,2372
6,1,213,2025,1,3,7,1,1,130397
6,9999,9999,2025,1,3,7,1,1,92315
6,18,37,2025,1,3,7,1,1,81789
6,2,212,2025,1,3,7,1,1,166887
6,1,213,2025,1,3,8,1,1,99297
6,9999,9999,2025,1,3,8,1,1,57339
6,18,37,2025,1,3,8,1,1,60280
6,2,212,2025,1,3,8,1,1,151086
6,1,213,2025,1,3,9,1,1,127705
6,9999,9999,2025,1,3,9,1,1,67170
6,18,37,2025,1,3,9,1,1,120290
6,2,212,2025,1,3,9,1,1,197394
6,18,37,2025,1,3,10,1,1,1268
6,1,213,2025,1,3,10,1,1,4212
6,2,212,2025,1,3,10,1,1,3068
6,1,213,2025,1,3,1,1,2,34457
6,9999,9999,2025,1,3,1,1,2,18503
6,18,37,2025,1,3,1,1,2,69931
6,2,212,2025,1,3,1,1,2,72251
6,1,213,2025,1,3,2,1,2,26376
6,9999,9999,2025,1,3,2,1,2,12535
6,18,37,2025,1,3,2,1,2,87033
6,2,212,2025,1,3,2,1,2,73585
6,1,213,2025,1,3,3,1,2,69683
6,9999,9999,2025,1,3,3,1,2,26030
6,18,37,2025,1,3,3,1,2,53114
6,2,212,2025,1,3,3,1,2,84800
6,1,213,2025,1,3,4,1,2,119908
6,9999,9999,2025,1,3,4,1,2,51016
6,18,37,2025,1,3,4,1,2,132464
6,2,212,2025,1,3,4,1,2,170490
6,1,213,2025,1,3,5,1,2,95411
6,9999,9999,2025,1,3,5,1,2,51120
6,18,37,2025,1,3,5,1,2,84982
6,2,212,2025,1,3,5,1,2,173638
6,1,213,2025,1,3,6,1,2,529
6,2,212,2025,1,3,6,1,2,1167
6,1,213,2025,1,3,7,1,2,8753
6,9999,9999,2025,1,3,7,1,2,9563
6,18,37,2025,1,3,7,1,2,15949
6,2,212,2025,1,3,7,1,2,19613
6,1,213,2025,1,3,8,1,2,17255
6,9999,9999,2025,1,3,8,1,2,4538
6,18,37,2025,1,3,8,1,2,9298
6,2,212,2025,1,3,8,1,2,9056
6,1,213,2025,1,3,9,1,2,81771
6,9999,9999,2025,1,3,9,1,2,43976
6,18,37,2025,1,3,9,1,2,63971
6,2,212,2025,1,3,9,1,2,122057
6,1,213,2025,1,3,10,1,2,39386
6,9999,9999,2025,1,3,10,1,2,29964
6,18,37,2025,1,3,10,1,2,53786
6,2,212,2025,1,3,10,1,2,101329
7,9999,9999,2025,1,3,1,1,1,45881
7,9999,9999,2025,1,3,2,1,1,18823
7,9999,9999,2025,1,3,3,1,1,62878
7,9999,9999,2025,1,3,4,1,1,28961
7,9999,9999,2025,1,3,5,1,1,92762
7,9999,9999,2025,1,3,6,1,1,2400
7,9999,9999,2025,1,3,7,1,1,143636
7,9999,9999,2025,1,3,8,1,1,103502
7,9999,9999,2025,1,3,9,1,1,201430
7,9999,9999,2025,1,3,10,1,1,4672
7,9999,9999,2025,1,3,1,1,2,21598
7,9999,9999,2025,1,3,2,1,2,31148
7,9999,9999,2025,1,3,3,1,2,54475
7,9999,9999,2025,1,3,4,1,2,65410
7,9999,9999,2025,1,3,5,1,2,92857
7,9999,9999,2025,1,3,6,1,2,938
7,9999,9999,2025,1,3,7,1,2,22054
7,9999,9999,2025,1,3,8,1,2,6372
7,9999,9999,2025,1,3,9,1,2,155533
7,9999,9999,2025,1,3,10,1,2,56218
8,9999,9999,2025,1,3,1,1,1,40734
8,9999,9999,2025,1,3,2,1,1,47625
8,9999,9999,2025,1,3,3,1,1,49422
8,9999,9999,2025,1,3,4,1,1,30001
8,9999,9999,2025,1,3,5,1,1,100289
8,9999,9999,2025,1,3,6,1,1,8274
8,9999,9999,2025,1,3,7,1,1,202672
8,9999,9999,2025,1,3,8,1,1,89776
8,9999,9999,2025,1,3,9,1,1,263774
8,9999,9999,2025,1,3,10,1,1,1646
8,9999,9999,2025,1,3,1,1,2,26012
8,9999,9999,2025,1,3,2,1,2,43844
8,9999,9999,2025,1,3,3,1,2,38236
8,9999,9999,2025,1,3,4,1,2,86949
8,9999,9999,2025,1,3,5,1,2,145026
8,9999,9999,2025,1,3,6,1,2,1814
8,9999,9999,2025,1,3,7,1,2,35560
8,9999,9999,2025,1,3,8,1,2,15763
8,9999,9999,2025,1,3,9,1,2,185714
8,9999,9999,2025,1,3,10,1,2,74849
9,9999,9999,2025,1,3,1,1,1,10320
9,9999,9999,2025,1,3,2,1,1,4403
9,9999,9999,2025,1,3,3,1,1,12398
9,9999,9999,2025,1,3,4,1,1,4181
9,9999,9999,2025,1,3,5,1,1,29104
9,9999,9999,2025,1,3,6,1,1,4806
9,9999,9999,2025,1,3,7,1,1,28384
9,9999,9999,2025,1,3,8,1,1,26197
9,9999,9999,2025,1,3,9,1,1,73419
9,9999,9999,2025,1,3,10,1,1,1770
9,9999,9999,2025,1,3,1,1,2,8323
9,9999,9999,2025,1,3,2,1,2,5639
9,9999,9999,2025,1,3,3,1,2,7659
9,9999,9999,2025,1,3,4,1,2,26325
9,9999,9999,2025,1,3,5,1,2,33676
9,9999,9999,2025,1,3,7,1,2,2834
9,9999,9999,2025,1,3,8,1,2,3044
9,9999,9999,2025,1,3,9,1,2,44781
9,9999,9999,2025,1,3,10,1,2,15333
1,47,189,2025,1,3,1,2,4,179
1,9999,9999,2025,1,3,3,2,4,1203
1,47,189,2025,1,3,3,2,4,1792
1,9999,9999,2025,1,3,4,2,4,569
1,47,189,2025,1,3,4,2,4,4733
1,9999,9999,2025,1,3,5,2,4,4188
1,47,189,2025,1,3,5,2,4,2604
1,9999,9999,2025,1,3,7,2,4,2637
1,47,189,2025,1,3,7,2,4,1455
1,9999,9999,2025,1,3,9,2,4,11206
1,47,189,2025,1,3,9,2,4,2232
1,9999,9999,2025,1,3,1,2,5,3017
1,47,189,2025,1,3,1,2,5,3586
1,9999,9999,2025,1,3,2,2,5,967
1,47,189,2025,1,3,2,2,5,5761
1,9999,9999,2025,1,3,3,2,5,6395
1,47,189,2025,1,3,3,2,5,11976
1,9999,9999,2025,1,3,4,2,5,11203
1,47,189,2025,1,3,4,2,5,30349
1,9999,9999,2025,1,3,5,2,5,14270
1,47,189,2025,1,3,5,2,5,36553
1,9999,9999,2025,1,3,7,2,5,10058
1,47,189,2025,1,3,7,2,5,6258
1,9999,9999,2025,1,3,8,2,5,2305
1,47,189,2025,1,3,8,2,5,8006
1,9999,9999,2025,1,3,9,2,5,48589
1,47,189,2025,1,3,9,2,5,23489
1,47,189,2025,1,3,10,2,5,1582
1,9999,9999,2025,1,3,1,2,6,3003
1,47,189,2025,1,3,1,2,6,12720
1,9999,9999,2025,1,3,2,2,6,10646
1,47,189,2025,1,3,2,2,6,31812
1,9999,9999,2025,1,3,3,2,6,15400
1,47,189,2025,1,3,3,2,6,26017
1,9999,9999,2025,1,3,4,2,6,19487
1,47,189,2025,1,3,4,2,6,32455
1,9999,9999,2025,1,3,5,2,6,29531
1,47,189,2025,1,3,5,2,6,51053
1,9999,9999,2025,1,3,7,2,6,11728
1,47,189,2025,1,3,7,2,6,21904
1,9999,9999,2025,1,3,8,2,6,7191
1,47,189,2025,1,3,8,2,6,17568
1,9999,9999,2025,1,3,9,2,6,58552
1,47,189,2025,1,3,9,2,6,40459
1,47,189,2025,1,3,10,2,6,5484
1,9999,9999,2025,1,3,1,2,7,9913
1,47,189,2025,1,3,1,2,7,28753
1,9999,9999,2025,1,3,2,2,7,6522
1,47,189,2025,1,3,2,2,7,25982
1,9999,9999,2025,1,3,3,2,7,10547
1,47,189,2025,1,3,3,2,7,25993
1,9999,9999,2025,1,3,4,2,7,8808
1,47,189,2025,1,3,4,2,7,43675
1,9999,9999,2025,1,3,5,2,7,25524
1,47,189,2025,1,3,5,2,7,40860
1,9999,9999,2025,1,3,7,2,7,15611
1,47,189,2025,1,3,7,2,7,30723
1,9999,9999,2025,1,3,8,2,7,16447
1,47,189,2025,1,3,8,2,7,21010
1,9999,9999,2025,1,3,9,2,7,65506
1,47,189,2025,1,3,9,2,7,33918
1,9999,9999,2025,1,3,10,2,7,1747
1,47,189,2025,1,3,10,2,7,9447
1,9999,9999,2025,1,3,1,2,8,11017
1,47,189,2025,1,3,1,2,8,33931
1,9999,9999,2025,1,3,2,2,8,7507
1,47,189,2025,1,3,2,2,8,23335
1,9999,9999,2025,1,3,3,2,8,13193
1,47,189,2025,1,3,3,2,8,33901
1,9999,9999,2025,1,3,4,2,8,10612
1,47,189,2025,1,3,4,2,8,41996
1,9999,9999,2025,1,3,5,2,8,19787
1,47,189,2025,1,3,5,2,8,43270
1,9999,9999,2025,1,3,7,2,8,10434
1,47,189,2025,1,3,7,2,8,40701
1,9999,9999,2025,1,3,8,2,8,10547
1,47,189,2025,1,3,8,2,8,30995
1,9999,9999,2025,1,3,9,2,8,48488
1,47,189,2025,1,3,9,2,8,54637
1,9999,9999,2025,1,3,10,2,8,6069
1,47,189,2025,1,3,10,2,8,9262
1,9999,9999,2025,1,3,1,2,9,8470
1,47,189,2025,1,3,1,2,9,35943
1,9999,9999,2025,1,3,2,2,9,7354
1,47,189,2025,1,3,2,2,9,22028
1,9999,9999,2025,1,3,3,2,9,5822
1,47,189,2025,1,3,3,2,9,21958
1,9999,9999,2025,1,3,4,2,9,8359
1,47,189,2025,1,3,4,2,9,43108
1,9999,9999,2025,1,3,5,2,9,21090
1,47,189,2025,1,3,5,2,9,49352
1,9999,9999,2025,1,3,6,2,9,824
1,9999,9999,2025,1,3,7,2,9,10770
1,47,189,2025,1,3,7,2,9,30330
1,9999,9999,2025,1,3,8,2,9,12126
1,47,189,2025,1,3,8,2,9,13444
1,9999,9999,2025,1,3,9,2,9,38161
1,47,189,2025,1,3,9,2,9,42768
1,9999,9999,2025,1,3,10,2,9,6666
1,47,189,2025,1,3,10,2,9,19834
1,9999,9999,2025,1,3,1,2,10,11461
1,47,189,2025,1,3,1,2,10,49951
1,9999,9999,2025,1,3,2,2,10,2816
1,47,189,2025,1,3,2,2,10,9905
1,9999,9999,2025,1,3,3,2,10,6762
1,47,189,2025,1,3,3,2,10,31018
1,9999,9999,2025,1,3,4,2,10,11488
1,47,189,2025,1,3,4,2,10,32470
1,9999,9999,2025,1,3,5,2,10,16582
1,47,189,2025,1,3,5,2,10,29731
1,9999,9999,2025,1,3,7,2,10,10778
1,47,189,2025,1,3,7,2,10,16327
1,9999,9999,2025,1,3,8,2,10,13716
1,47,189,2025,1,3,8,2,10,17859
1,9999,9999,2025,1,3,9,2,10,38491
1,47,189,2025,1,3,9,2,10,32895
1,9999,9999,2025,1,3,10,2,10,10480
1,47,189,2025,1,3,10,2,10,10992
1,9999,9999,2025,1,3,1,2,11,5989
1,47,189,2025,1,3,1,2,11,25611
1,9999,9999,2025,1,3,2,2,11,3571
1,47,189,2025,1,3,2,2,11,16499
1,9999,9999,2025,1,3,3,2,11,953
1,47,189,2025,1,3,3,2,11,9705
1,9999,9999,2025,1,3,4,2,11,11485
1,47,189,2025,1,3,4,2,11,22402
1,9999,9999,2025,1,3,5,2,11,2960
1,47,189,2025,1,3,5,2,11,34146
1,47,189,2025,1,3,6,2,11,1468
1,9999,9999,2025,1,3,7,2,11,12072
1,47,189,2025,1,3,7,2,11,16971
1,9999,9999,2025,1,3,8,2,11,5399
1,47,189,2025,1,3,8,2,11,8610
1,9999,9999,2025,1,3,9,2,11,46995
1,47,189,2025,1,3,9,2,11,31891
1,9999,9999,2025,1,3,10,2,11,5682
1,47,189,2025,1,3,10,2,11,12854
1,9999,9999,2025,1,3,1,2,12,2575
1,47,189,2025,1,3,1,2,12,34165
1,9999,9999,2025,1,3,2,2,12,6906
1,47,189,2025,1,3,2,2,12,11497
1,9999,9999,2025,1,3,3,2,12,8534
1,47,189,2025,1,3,3,2,12,15059
1,9999,9999,2025,1,3,4,2,12,6426
1,47,189,2025,1,3,4,2,12,8668
1,9999,9999,2025,1,3,5,2,12,1614
1,47,189,2025,1,3,5,2,12,14999
1,9999,9999,2025,1,3,7,2,12,4363
1,47,189,2025,1,3,7,2,12,8367
1,9999,9999,2025,1,3,8,2,12,4507
1,47,189,2025,1,3,8,2,12,11290
1,9999,9999,2025,1,3,9,2,12,37854
1,47,189,2025,1,3,9,2,12,15991
1,9999,9999,2025,1,3,10,2,12,10787
1,47,189,2025,1,3,10,2,12,10773
1,9999,9999,2025,1,3,1,2,13,10690
1,47,189,2025,1,3,1,2,13,16799
1,9999,9999,2025,1,3,2,2,13,1456
1,47,189,2025,1,3,2,2,13,7016
1,9999,9999,2025,1,3,3,2,13,1777
1,47,189,2025,1,3,3,2,13,8643
1,9999,9999,2025,1,3,4,2,13,826
1,47,189,2025,1,3,4,2,13,1901
1,9999,9999,2025,1,3,5,2,13,6442
1,47,189,2025,1,3,5,2,13,4275
1,9999,9999,2025,1,3,6,2,13,657
1,9999,9999,2025,1,3,7,2,13,5148
1,47,189,2025,1,3,7,2,13,3643
1,9999,9999,2025,1,3,8,2,13,1267
1,47,189,2025,1,3,8,2,13,3079
1,9999,9999,2025,1,3,9,2,13,8633
1,47,189,2025,1,3,9,2,13,5180
1,9999,9999,2025,1,3,10,2,13,5647
1,47,189,2025,1,3,10,2,13,3349
2,3,180,2025,1,3,5,2,4,488
2,10,179,2025,1,3,6,2,4,350
2,9999,9999,2025,1,3,7,2,4,598
2,9999,9999,2025,1,3,9,2,4,2442
2,10,179,2025,1,3,1,2,5,476
2,9999,9999,2025,1,3,2,2,5,1381
2,3,180,2025,1,3,2,2,5,622
2,10,179,2025,1,3,2,2,5,1304
2,9999,9999,2025,1,3,3,2,5,2391
2,3,180,2025,1,3,3,2,5,939
2,10,179,2025,1,3,3,2,5,6323
2,9999,9999,2025,1,3,4,2,5,2590
2,3,180,2025,1,3,4,2,5,1811
2,10,179,2025,1,3,4,2,5,1991
2,9999,9999,2025,1,3,5,2,5,9909
2,3,180,2025,1,3,5,2,5,1941
2,10,179,2025,1,3,5,2,5,5757
2,9999,9999,2025,1,3,7,2,5,3004
2,3,180,2025,1,3,7,2,5,1672
2,10,179,2025,1,3,7,2,5,2528
2,9999,9999,2025,1,3,8,2,5,404
2,10,179,2025,1,3,8,2,5,2586
2,9999,9999,2025,1,3,9,2,5,23512
2,3,180,2025,1,3,9,2,5,2760
2,10,179,2025,1,3,9,2,5,4326
2,9999,9999,2025,1,3,10,2,5,819
2,10,179,2025,1,3,1,2,6,1308
2,9999,9999,2025,1,3,2,2,6,3031
2,3,180,2025,1,3,2,2,6,3760
2,10,179,2025,1,3,2,2,6,3531
2,9999,9999,2025,1,3,3,2,6,7450
2,3,180,2025,1,3,3,2,6,5156
2,10,179,2025,1,3,3,2,6,6213
2,9999,9999,2025,1,3,4,2,6,5342
2,3,180,2025,1,3,4,2,6,3114
2,10,179,2025,1,3,4,2,6,11026
2,9999,9999,2025,1,3,5,2,6,17124
2,3,180,2025,1,3,5,2,6,2904
2,10,179,2025,1,3,5,2,6,5976
2,9999,9999,2025,1,3,6,2,6,1258
2,9999,9999,2025,1,3,7,2,6,7167
2,3,180,2025,1,3,7,2,6,721
2,10,179,2025,1,3,7,2,6,3918
2,9999,9999,2025,1,3,8,2,6,7287
2,3,180,2025,1,3,8,2,6,6960
2,10,179,2025,1,3,8,2,6,4092
2,9999,9999,2025,1,3,9,2,6,30116
2,3,180,2025,1,3,9,2,6,4167
2,10,179,2025,1,3,9,2,6,5058
2,9999,9999,2025,1,3,10,2,6,4700
2,10,179,2025,1,3,10,2,6,603
2,9999,9999,2025,1,3,1,2,7,6105
2,10,179,2025,1,3,1,2,7,1074
2,9999,9999,2025,1,3,2,2,7,2923
2,3,180,2025,1,3,2,2,7,701
2,10,179,2025,1,3,2,2,7,1235
2,9999,9999,2025,1,3,3,2,7,10707
2,3,180,2025,1,3,3,2,7,5891
2,10,179,2025,1,3,3,2,7,5179
2,9999,9999,2025,1,3,4,2,7,17591
2,3,180,2025,1,3,4,2,7,7533
2,10,179,2025,1,3,4,2,7,8824
2,9999,9999,2025,1,3,5,2,7,36352
2,3,180,2025,1,3,5,2,7,6907
2,10,179,2025,1,3,5,2,7,6689
2,9999,9999,2025,1,3,7,2,7,14291
2,3,180,2025,1,3,7,2,7,5304
2,10,179,2025,1,3,7,2,7,8936
2,9999,9999,2025,1,3,8,2,7,13507
2,3,180,2025,1,3,8,2,7,2441
2,10,179,2025,1,3,8,2,7,8069
2,9999,9999,2025,1,3,9,2,7,39401
2,3,180,2025,1,3,9,2,7,4146
2,10,179,2025,1,3,9,2,7,4771
2,9999,9999,2025,1,3,10,2,7,4234
2,10,179,2025,1,3,10,2,7,963
2,9999,9999,2025,1,3,1,2,8,1043
2,3,180,2025,1,3,1,2,8,2724
2,10,179,2025,1,3,1,2,8,9145
2,9999,9999,2025,1,3,2,2,8,4716
2,3,180,2025,1,3,2,2,8,3271
2,10,179,2025,1,3,2,2,8,3111
2,9999,9999,2025,1,3,3,2,8,3183
2,3,180,2025,1,3,3,2,8,4983
2,10,179,2025,1,3,3,2,8,5907
2,9999,9999,2025,1,3,4,2,8,4720
2,3,180,2025,1,3,4,2,8,3083
2,10,179,2025,1,3,4,2,8,4594
2,9999,9999,2025,1,3,5,2,8,25646
2,3,180,2025,1,3,5,2,8,8347
2,10,179,2025,1,3,5,2,8,5431
2,9999,9999,2025,1,3,6,2,8,1012
2,10,179,2025,1,3,6,2,8,894
2,9999,9999,2025,1,3,7,2,8,9587
2,3,180,2025,1,3,7,2,8,3890
2,10,179,2025,1,3,7,2,8,6167
2,9999,9999,2025,1,3,8,2,8,10474
2,3,180,2025,1,3,8,2,8,2991
2,10,179,2025,1,3,8,2,8,3177
2,9999,9999,2025,1,3,9,2,8,29761
2,3,180,2025,1,3,9,2,8,8850
2,10,179,2025,1,3,9,2,8,5960
2,9999,9999,2025,1,3,10,2,8,7877
2,3,180,2025,1,3,10,2,8,1206
2,10,179,2025,1,3,10,2,8,725
2,9999,9999,2025,1,3,1,2,9,2259
2,3,180,2025,1,3,1,2,9,1555
2,10,179,2025,1,3,1,2,9,4936
2,9999,9999,2025,1,3,2,2,9,1477
2,3,180,2025,1,3,2,2,9,719
2,10,179,2025,1,3,2,2,9,3220
2,9999,9999,2025,1,3,3,2,9,6964
2,3,180,2025,1,3,3,2,9,5496
2,10,179,2025,1,3,3,2,9,11692
2,9999,9999,2025,1,3,4,2,9,5149
2,3,180,2025,1,3,4,2,9,10292
2,10,179,2025,1,3,4,2,9,7682
2,9999,9999,2025,1,3,5,2,9,28666
2,3,180,2025,1,3,5,2,9,7574
2,10,179,2025,1,3,5,2,9,8709
2,10,179,2025,1,3,6,2,9,1341
2,9999,9999,2025,1,3,7,2,9,10772
2,3,180,2025,1,3,7,2,9,3713
2,10,179,2025,1,3,7,2,9,9310
2,9999,9999,2025,1,3,8,2,9,6202
2,3,180,2025,1,3,8,2,9,1961
2,10,179,2025,1,3,8,2,9,7562
2,9999,9999,2025,1,3,9,2,9,30385
2,3,180,2025,1,3,9,2,9,12739
2,10,179,2025,1,3,9,2,9,14850
2,9999,9999,2025,1,3,10,2,9,9930
2,10,179,2025,1,3,10,2,9,2962
2,9999,9999,2025,1,3,1,2,10,7819
2,3,180,2025,1,3,1,2,10,4095
2,10,179,2025,1,3,1,2,10,8252
2,9999,9999,2025,1,3,2,2,10,1218
2,3,180,2025,1,3,2,2,10,2217
2,10,179,2025,1,3,2,2,10,784
2,9999,9999,2025,1,3,3,2,10,9352
2,3,180,2025,1,3,3,2,10,2087
2,10,179,2025,1,3,3,2,10,8308
2,9999,9999,2025,1,3,4,2,10,4311
2,3,180,2025,1,3,4,2,10,5936
2,10,179,2025,1,3,4,2,10,8002
2,9999,9999,2025,1,3,5,2,10,16173
2,3,180,2025,1,3,5,2,10,8758
2,10,179,2025,1,3,5,2,10,7743
2,9999,9999,2025,1,3,7,2,10,2723
2,3,180,2025,1,3,7,2,10,1106
2,10,179,2025,1,3,7,2,10,4424
2,9999,9999,2025,1,3,8,2,10,8756
2,3,180,2025,1,3,8,2,10,3112
2,10,179,2025,1,3,8,2,10,7185
2,9999,9999,2025,1,3,9,2,10,38717
2,3,180,2025,1,3,9,2,10,15577
2,10,179,2025,1,3,9,2,10,9797
2,9999,9999,2025,1,3,10,2,10,8777
2,3,180,2025,1,3,10,2,10,1550
2,10,179,2025,1,3,10,2,10,3028
2,9999,9999,2025,1,3,1,2,11,3686
2,3,180,2025,1,3,1,2,11,4498
2,10,179,2025,1,3,1,2,11,7092
2,9999,9999,2025,1,3,2,2,11,2492
2,3,180,2025,1,3,2,2,11,3071
2,10,179,2025,1,3,2,2,11,4068
2,9999,9999,2025,1,3,3,2,11,12890
2,3,180,2025,1,3,3,2,11,6035
2,10,179,2025,1,3,3,2,11,3644
2,9999,9999,2025,1,3,4,2,11,7105
2,3,180,2025,1,3,4,2,11,568
2,10,179,2025,1,3,4,2,11,3002
2,9999,9999,2025,1,3,5,2,11,16544
2,3,180,2025,1,3,5,2,11,2622
2,10,179,2025,1,3,5,2,11,12071
2,9999,9999,2025,1,3,6,2,11,3111
2,3,180,2025,1,3,6,2,11,738
2,10,179,2025,1,3,6,2,11,350
2,9999,9999,2025,1,3,7,2,11,6463
2,3,180,2025,1,3,7,2,11,3750
2,10,179,2025,1,3,7,2,11,1103
2,9999,9999,2025,1,3,8,2,11,1576
2,10,179,2025,1,3,8,2,11,9686
2,9999,9999,2025,1,3,9,2,11,31526
2,3,180,2025,1,3,9,2,11,6361
2,10,179,2025,1,3,9,2,11,9562
2,9999,9999,2025,1,3,10,2,11,5648
2,3,180,2025,1,3,10,2,11,3425
2,9999,9999,2025,1,3,1,2,12,1117
2,3,180,2025,1,3,1,2,12,4127
2,10,179,2025,1,3,1,2,12,3027
2,9999,9999,2025,1,3,2,2,12,1843
2,3,180,2025,1,3,2,2,12,2773
2,10,179,2025,1,3,2,2,12,1806
2,9999,9999,2025,1,3,3,2,12,10189
2,10,179,2025,1,3,3,2,12,3058
2,9999,9999,2025,1,3,4,2,12,467
2,3,180,2025,1,3,4,2,12,1992
2,10,179,2025,1,3,4,2,12,4210
2,9999,9999,2025,1,3,5,2,12,9721
2,3,180,2025,1,3,5,2,12,4614
2,10,179,2025,1,3,5,2,12,3985
2,9999,9999,2025,1,3,7,2,12,2936
2,9999,9999,2025,1,3,8,2,12,662
2,10,179,2025,1,3,8,2,12,2970
2,9999,9999,2025,1,3,9,2,12,23130
2,3,180,2025,1,3,9,2,12,2419
2,10,179,2025,1,3,9,2,12,5383
2,9999,9999,2025,1,3,10,2,12,3146
2,3,180,2025,1,3,10,2,12,1131
2,10,179,2025,1,3,10,2,12,2389
2,9999,9999,2025,1,3,1,2,13,3249
2,3,180,2025,1,3,1,2,13,411
2,10,179,2025,1,3,1,2,13,5237
2,9999,9999,2025,1,3,2,2,13,2489
2,3,180,2025,1,3,2,2,13,1175
2,9999,9999,2025,1,3,3,2,13,1966
2,10,179,2025,1,3,3,2,13,2128
2,9999,9999,2025,1,3,4,2,13,1417
2,3,180,2025,1,3,4,2,13,958
2,10,179,2025,1,3,4,2,13,840
2,9999,9999,2025,1,3,5,2,13,1695
2,10,179,2025,1,3,5,2,13,547
2,9999,9999,2025,1,3,6,2,13,876
2,9999,9999,2025,1,3,7,2,13,292
2,3,180,2025,1,3,7,2,13,1133
2,10,179,2025,1,3,7,2,13,3465
2,9999,9999,2025,1,3,8,2,13,4668
2,3,180,2025,1,3,8,2,13,1532
2,9999,9999,2025,1,3,9,2,13,7993
2,3,180,2025,1,3,9,2,13,757
2,9999,9999,2025,1,3,10,2,13,1020
3,9999,9999,2025,1,3,4,2,4,1848
3,15,202,2025,1,3,4,2,4,631
3,9999,9999,2025,1,3,7,2,4,265
3,9999,9999,2025,1,3,9,2,4,1836
3,9999,9999,2025,1,3,1,2,5,996
3,9999,9999,2025,1,3,4,2,5,870
3,15,202,2025,1,3,4,2,5,741
3,9999,9999,2025,1,3,5,2,5,8107
3,15,202,2025,1,3,5,2,5,3216
3,9999,9999,2025,1,3,7,2,5,5351
3,15,202,2025,1,3,7,2,5,2041
3,9999,9999,2025,1,3,8,2,5,1285
3,15,202,2025,1,3,8,2,5,1220
3,9999,9999,2025,1,3,9,2,5,8475
3,15,202,2025,1,3,9,2,5,5194
3,9999,9999,2025,1,3,10,2,5,1103
3,9999,9999,2025,1,3,1,2,6,2685
3,15,202,2025,1,3,1,2,6,995
3,9999,9999,2025,1,3,2,2,6,2177
3,15,202,2025,1,3,2,2,6,6423
3,9999,9999,2025,1,3,3,2,6,1219
3,15,202,2025,1,3,3,2,6,938
3,9999,9999,2025,1,3,4,2,6,7411
3,9999,9999,2025,1,3,5,2,6,10644
3,15,202,2025,1,3,5,2,6,5483
3,9999,9999,2025,1,3,7,2,6,6880
3,15,202,2025,1,3,7,2,6,4680
3,9999,9999,2025,1,3,8,2,6,3940
3,15,202,2025,1,3,8,2,6,1506
3,9999,9999,2025,1,3,9,2,6,17159
3,15,202,2025,1,3,9,2,6,6202
3,9999,9999,2025,1,3,1,2,7,10236
3,15,202,2025,1,3,1,2,7,6467
3,9999,9999,2025,1,3,2,2,7,2726
3,9999,9999,2025,1,3,3,2,7,1869
3,15,202,2025,1,3,3,2,7,3035
3,9999,9999,2025,1,3,4,2,7,6081
3,15,202,2025,1,3,4,2,7,7807
3,9999,9999,2025,1,3,5,2,7,12125
3,15,202,2025,1,3,5,2,7,9245
3,9999,9999,2025,1,3,7,2,7,9026
3,15,202,2025,1,3,7,2,7,6314
3,9999,9999,2025,1,3,8,2,7,4866
3,15,202,2025,1,3,8,2,7,3455
3,9999,9999,2025,1,3,9,2,7,25989
3,15,202,2025,1,3,9,2,7,7291
3,9999,9999,2025,1,3,10,2,7,662
3,15,202,2025,1,3,10,2,7,576
3,9999,9999,2025,1,3,1,2,8,2627
3,15,202,2025,1,3,1,2,8,566
3,9999,9999,2025,1,3,2,2,8,3001
3,15,202,2025,1,3,2,2,8,2731
3,9999,9999,2025,1,3,3,2,8,4509
3,15,202,2025,1,3,3,2,8,1557
3,9999,9999,2025,1,3,4,2,8,8130
3,15,202,2025,1,3,4,2,8,7558
3,9999,9999,2025,1,3,5,2,8,22438
3,15,202,2025,1,3,5,2,8,10907
3,9999,9999,2025,1,3,6,2,8,636
3,15,202,2025,1,3,6,2,8,655
3,9999,9999,2025,1,3,7,2,8,8424
3,15,202,2025,1,3,7,2,8,4216
3,9999,9999,2025,1,3,8,2,8,9817
3,15,202,2025,1,3,8,2,8,3126
3,9999,9999,2025,1,3,9,2,8,27246
3,15,202,2025,1,3,9,2,8,5224
3,9999,9999,2025,1,3,10,2,8,3872
3,15,202,2025,1,3,10,2,8,1818
3,9999,9999,2025,1,3,1,2,9,3244
3,15,202,2025,1,3,1,2,9,1887
3,9999,9999,2025,1,3,2,2,9,4489
3,15,202,2025,1,3,2,2,9,4490
3,9999,9999,2025,1,3,3,2,9,2893
3,15,202,2025,1,3,3,2,9,4246
3,9999,9999,2025,1,3,4,2,9,6442
3,15,202,2025,1,3,4,2,9,6278
3,9999,9999,2025,1,3,5,2,9,14948
3,15,202,2025,1,3,5,2,9,5806
3,9999,9999,2025,1,3,6,2,9,757
3,9999,9999,2025,1,3,7,2,9,11694
3,15,202,2025,1,3,7,2,9,3505
3,9999,9999,2025,1,3,8,2,9,2921
3,15,202,2025,1,3,8,2,9,1306
3,9999,9999,2025,1,3,9,2,9,20197
3,15,202,2025,1,3,9,2,9,8388
3,9999,9999,2025,1,3,10,2,9,5349
3,15,202,2025,1,3,10,2,9,619
3,9999,9999,2025,1,3,1,2,10,3497
3,15,202,2025,1,3,1,2,10,1675
3,9999,9999,2025,1,3,2,2,10,1026
3,15,202,2025,1,3,2,2,10,1854
3,9999,9999,2025,1,3,3,2,10,2273
3,15,202,2025,1,3,3,2,10,3122
3,9999,9999,2025,1,3,4,2,10,3433
3,15,202,2025,1,3,4,2,10,3434
3,9999,9999,2025,1,3,5,2,10,17374
3,15,202,2025,1,3,5,2,10,6463
3,9999,9999,2025,1,3,7,2,10,8746
3,15,202,2025,1,3,7,2,10,3276
3,9999,9999,2025,1,3,8,2,10,8118
3,15,202,2025,1,3,8,2,10,1544
3,9999,9999,2025,1,3,9,2,10,20883
3,15,202,2025,1,3,9,2,10,4489
3,9999,9999,2025,1,3,10,2,10,6210
3,15,202,2025,1,3,10,2,10,3838
3,9999,9999,2025,1,3,1,2,11,3862
3,15,202,2025,1,3,1,2,11,6395
3,9999,9999,2025,1,3,2,2,11,2038
3,15,202,2025,1,3,2,2,11,2909
3,9999,9999,2025,1,3,3,2,11,2684
3,15,202,2025,1,3,3,2,11,1968
3,9999,9999,2025,1,3,4,2,11,3431
3,15,202,2025,1,3,4,2,11,2494
3,9999,9999,2025,1,3,5,2,11,9532
3,15,202,2025,1,3,5,2,11,4781
3,9999,9999,2025,1,3,7,2,11,3948
3,15,202,2025,1,3,7,2,11,4742
3,9999,9999,2025,1,3,8,2,11,7012
3,15,202,2025,1,3,8,2,11,2489
3,9999,9999,2025,1,3,9,2,11,20542
3,15,202,2025,1,3,9,2,11,7276
3,9999,9999,2025,1,3,10,2,11,5935
3,15,202,2025,1,3,10,2,11,1109
3,9999,9999,2025,1,3,1,2,12,3535
3,15,202,2025,1,3,1,2,12,802
3,9999,9999,2025,1,3,2,2,12,1143
3,15,202,2025,1,3,2,2,12,2689
3,9999,9999,2025,1,3,3,2,12,4201
3,15,202,2025,1,3,3,2,12,2050
3,9999,9999,2025,1,3,4,2,12,592
3,15,202,2025,1,3,4,2,12,2441
3,9999,9999,2025,1,3,5,2,12,2315
3,15,202,2025,1,3,5,2,12,1513
3,9999,9999,2025,1,3,7,2,12,5059
3,15,202,2025,1,3,7,2,12,1081
3,9999,9999,2025,1,3,8,2,12,2620
3,9999,9999,2025,1,3,9,2,12,13059
3,15,202,2025,1,3,9,2,12,5984
3,9999,9999,2025,1,3,10,2,12,7995
3,15,202,2025,1,3,10,2,12,4155
3,15,202,2025,1,3,1,2,13,338
3,9999,9999,2025,1,3,2,2,13,1696
3,9999,9999,2025,1,3,3,2,13,2934
3,9999,9999,2025,1,3,4,2,13,545
3,9999,9999,2025,1,3,5,2,13,430
3,9999,9999,2025,1,3,7,2,13,3448
3,15,202,2025,1,3,7,2,13,681
3,9999,9999,2025,1,3,8,2,13,791
3,9999,9999,2025,1,3,9,2,13,3435
3,15,202,2025,1,3,9,2,13,2279
3,9999,9999,2025,1,3,10,2,13,2627
3,15,202,2025,1,3,10,2,13,1097
4,29,168,2025,1,3,4,2,4,1767
4,29,168,2025,1,3,5,2,4,250
4,29,168,2025,1,3,7,2,4,2604
4,9999,9999,2025,1,3,7,2,4,1180
4,29,168,2025,1,3,9,2,4,2232
4,9999,9999,2025,1,3,9,2,4,4675
4,9999,9999,2025,1,3,1,2,5,1059
4,29,168,2025,1,3,1,2,5,1300
4,29,168,2025,1,3,2,2,5,1463
4,9999,9999,2025,1,3,3,2,5,4569
4,29,168,2025,1,3,3,2,5,7304
4,9999,9999,2025,1,3,4,2,5,12257
4,29,168,2025,1,3,4,2,5,17215
4,9999,9999,2025,1,3,5,2,5,13919
4,29,168,2025,1,3,5,2,5,24027
4,9999,9999,2025,1,3,6,2,5,1334
4,9999,9999,2025,1,3,7,2,5,3921
4,29,168,2025,1,3,7,2,5,4358
4,9999,9999,2025,1,3,8,2,5,6035
4,29,168,2025,1,3,8,2,5,2808
4,9999,9999,2025,1,3,9,2,5,23632
4,29,168,2025,1,3,9,2,5,14435
4,9999,9999,2025,1,3,10,2,5,1228
4,9999,9999,2025,1,3,1,2,6,10285
4,29,168,2025,1,3,1,2,6,4387
4,9999,9999,2025,1,3,2,2,6,6211
4,29,168,2025,1,3,2,2,6,10499
4,9999,9999,2025,1,3,3,2,6,15966
4,29,168,2025,1,3,3,2,6,10659
4,9999,9999,2025,1,3,4,2,6,24728
4,29,168,2025,1,3,4,2,6,23557
4,9999,9999,2025,1,3,5,2,6,41480
4,29,168,2025,1,3,5,2,6,39611
4,9999,9999,2025,1,3,7,2,6,29834
4,29,168,2025,1,3,7,2,6,10978
4,9999,9999,2025,1,3,8,2,6,22401
4,29,168,2025,1,3,8,2,6,11380
4,9999,9999,2025,1,3,9,2,6,48812
4,29,168,2025,1,3,9,2,6,27115
4,9999,9999,2025,1,3,10,2,6,10129
4,29,168,2025,1,3,10,2,6,2442
4,9999,9999,2025,1,3,1,2,7,7505
4,29,168,2025,1,3,1,2,7,11658
4,9999,9999,2025,1,3,2,2,7,8662
4,29,168,2025,1,3,2,2,7,8041
4,9999,9999,2025,1,3,3,2,7,28713
4,29,168,2025,1,3,3,2,7,15054
4,9999,9999,2025,1,3,4,2,7,26563
4,29,168,2025,1,3,4,2,7,24367
4,9999,9999,2025,1,3,5,2,7,57632
4,29,168,2025,1,3,5,2,7,47492
4,9999,9999,2025,1,3,6,2,7,3189
4,9999,9999,2025,1,3,7,2,7,37020
4,29,168,2025,1,3,7,2,7,16362
4,9999,9999,2025,1,3,8,2,7,26683
4,29,168,2025,1,3,8,2,7,26273
4,9999,9999,2025,1,3,9,2,7,78765
4,29,168,2025,1,3,9,2,7,41166
4,9999,9999,2025,1,3,10,2,7,18126
4,29,168,2025,1,3,10,2,7,5547
4,9999,9999,2025,1,3,1,2,8,8822
4,29,168,2025,1,3,1,2,8,20725
4,9999,9999,2025,1,3,2,2,8,6267
4,29,168,2025,1,3,2,2,8,8026
4,9999,9999,2025,1,3,3,2,8,19126
4,29,168,2025,1,3,3,2,8,31119
4,9999,9999,2025,1,3,4,2,8,16665
4,29,168,2025,1,3,4,2,8,15109
4,9999,9999,2025,1,3,5,2,8,47581
4,29,168,2025,1,3,5,2,8,46741
4,9999,9999,2025,1,3,6,2,8,1117
4,9999,9999,2025,1,3,7,2,8,22716
4,29,168,2025,1,3,7,2,8,22114
4,9999,9999,2025,1,3,8,2,8,26996
4,29,168,2025,1,3,8,2,8,26913
4,9999,9999,2025,1,3,9,2,8,52150
4,29,168,2025,1,3,9,2,8,47483
4,9999,9999,2025,1,3,10,2,8,5130
4,29,168,2025,1,3,10,2,8,14360
4,9999,9999,2025,1,3,1,2,9,12216
4,29,168,2025,1,3,1,2,9,27702
4,9999,9999,2025,1,3,2,2,9,8945
4,29,168,2025,1,3,2,2,9,8709
4,9999,9999,2025,1,3,3,2,9,29174
4,29,168,2025,1,3,3,2,9,17554
4,9999,9999,2025,1,3,4,2,9,18771
4,29,168,2025,1,3,4,2,9,18828
4,9999,9999,2025,1,3,5,2,9,38464
4,29,168,2025,1,3,5,2,9,39777
4,9999,9999,2025,1,3,7,2,9,25427
4,29,168,2025,1,3,7,2,9,30196
4,9999,9999,2025,1,3,8,2,9,22692
4,29,168,2025,1,3,8,2,9,27359
4,9999,9999,2025,1,3,9,2,9,69674
4,29,168,2025,1,3,9,2,9,40126
4,9999,9999,2025,1,3,10,2,9,17964
4,29,168,2025,1,3,10,2,9,13541
4,9999,9999,2025,1,3,1,2,10,9028
4,29,168,2025,1,3,1,2,10,26234
4,9999,9999,2025,1,3,2,2,10,6023
4,29,168,2025,1,3,2,2,10,3947
4,9999,9999,2025,1,3,3,2,10,9672
4,29,168,2025,1,3,3,2,10,15448
4,9999,9999,2025,1,3,4,2,10,9941
4,29,168,2025,1,3,4,2,10,15129
4,9999,9999,2025,1,3,5,2,10,42460
4,29,168,2025,1,3,5,2,10,31577
4,9999,9999,2025,1,3,6,2,10,1161
4,9999,9999,2025,1,3,7,2,10,24515
4,29,168,2025,1,3,7,2,10,21444
4,9999,9999,2025,1,3,8,2,10,16776
4,29,168,2025,1,3,8,2,10,12249
4,9999,9999,2025,1,3,9,2,10,48403
4,29,168,2025,1,3,9,2,10,39949
4,9999,9999,2025,1,3,10,2,10,10482
4,29,168,2025,1,3,10,2,10,9346
4,9999,9999,2025,1,3,1,2,11,8514
4,29,168,2025,1,3,1,2,11,18825
4,9999,9999,2025,1,3,2,2,11,7292
4,29,168,2025,1,3,2,2,11,4801
4,9999,9999,2025,1,3,3,2,11,11555
4,29,168,2025,1,3,3,2,11,8876
4,9999,9999,2025,1,3,4,2,11,8877
4,29,168,2025,1,3,4,2,11,10945
4,9999,9999,2025,1,3,5,2,11,28847
4,29,168,2025,1,3,5,2,11,15021
4,9999,9999,2025,1,3,6,2,11,3761
4,29,168,2025,1,3,6,2,11,2489
4,9999,9999,2025,1,3,7,2,11,17881
4,29,168,2025,1,3,7,2,11,13088
4,9999,9999,2025,1,3,8,2,11,8872
4,29,168,2025,1,3,8,2,11,9860
4,9999,9999,2025,1,3,9,2,11,42665
4,29,168,2025,1,3,9,2,11,29429
4,9999,9999,2025,1,3,10,2,11,15135
4,29,168,2025,1,3,10,2,11,10351
4,9999,9999,2025,1,3,1,2,12,6256
4,29,168,2025,1,3,1,2,12,10420
4,9999,9999,2025,1,3,2,2,12,4054
4,29,168,2025,1,3,2,2,12,3357
4,9999,9999,2025,1,3,3,2,12,11217
4,29,168,2025,1,3,3,2,12,17316
4,9999,9999,2025,1,3,4,2,12,5562
4,29,168,2025,1,3,4,2,12,8323
4,9999,9999,2025,1,3,5,2,12,15164
4,29,168,2025,1,3,5,2,12,11746
4,9999,9999,2025,1,3,6,2,12,625
4,29,168,2025,1,3,6,2,12,724
4,9999,9999,2025,1,3,7,2,12,5109
4,29,168,2025,1,3,7,2,12,8612
4,9999,9999,2025,1,3,8,2,12,6541
4,29,168,2025,1,3,8,2,12,7449
4,9999,9999,2025,1,3,9,2,12,28785
4,29,168,2025,1,3,9,2,12,19997
4,9999,9999,2025,1,3,10,2,12,6141
4,29,168,2025,1,3,10,2,12,4971
4,9999,9999,2025,1,3,1,2,13,4928
4,29,168,2025,1,3,1,2,13,2803
4,9999,9999,2025,1,3,2,2,13,1665
4,29,168,2025,1,3,2,2,13,3257
4,9999,9999,2025,1,3,3,2,13,4013
4,29,168,2025,1,3,3,2,13,11610
4,9999,9999,2025,1,3,4,2,13,712
4,29,168,2025,1,3,4,2,13,4169
4,9999,9999,2025,1,3,5,2,13,5512
4,29,168,2025,1,3,5,2,13,1955
4,9999,9999,2025,1,3,6,2,13,161
4,9999,9999,2025,1,3,7,2,13,3254
4,29,168,2025,1,3,7,2,13,1470
4,9999,9999,2025,1,3,8,2,13,3236
4,29,168,2025,1,3,8,2,13,1724
4,9999,9999,2025,1,3,9,2,13,13184
4,29,168,2025,1,3,9,2,13,5566
4,9999,9999,2025,1,3,10,2,13,2835
4,29,168,2025,1,3,10,2,13,3736
5,9999,9999,2025,1,3,1,2,4,556
5,9999,9999,2025,1,3,5,2,4,2010
5,9999,9999,2025,1,3,7,2,4,1923
5,9999,9999,2025,1,3,1,2,5,4275
5,9999,9999,2025,1,3,3,2,5,1587
5,9999,9999,2025,1,3,4,2,5,5560
5,9999,9999,2025,1,3,5,2,5,9664
5,9999,9999,2025,1,3,7,2,5,6754
5,9999,9999,2025,1,3,8,2,5,2070
5,9999,9999,2025,1,3,9,2,5,12933
5,9999,9999,2025,1,3,1,2,6,4236
5,9999,9999,2025,1,3,2,2,6,2144
5,9999,9999,2025,1,3,3,2,6,6661
5,9999,9999,2025,1,3,4,2,6,5595
5,9999,9999,2025,1,3,5,2,6,24768
5,9999,9999,2025,1,3,7,2,6,17209
5,9999,9999,2025,1,3,8,2,6,7825
5,9999,9999,2025,1,3,9,2,6,33595
5,9999,9999,2025,1,3,10,2,6,1810
5,9999,9999,2025,1,3,1,2,7,4955
5,9999,9999,2025,1,3,2,2,7,4096
5,9999,9999,2025,1,3,3,2,7,8802
5,9999,9999,2025,1,3,4,2,7,6422
5,9999,9999,2025,1,3,5,2,7,25416
5,9999,9999,2025,1,3,7,2,7,14498
5,9999,9999,2025,1,3,8,2,7,10648
5,9999,9999,2025,1,3,9,2,7,23656
5,9999,9999,2025,1,3,10,2,7,948
5,9999,9999,2025,1,3,1,2,8,5485
5,9999,9999,2025,1,3,2,2,8,472
5,9999,9999,2025,1,3,3,2,8,7765
5,9999,9999,2025,1,3,4,2,8,16933
5,9999,9999,2025,1,3,5,2,8,25010
5,9999,9999,2025,1,3,7,2,8,8207
5,9999,9999,2025,1,3,8,2,8,13179
5,9999,9999,2025,1,3,9,2,8,36826
5,9999,9999,2025,1,3,10,2,8,2401
5,9999,9999,2025,1,3,1,2,9,5524
5,9999,9999,2025,1,3,2,2,9,5679
5,9999,9999,2025,1,3,3,2,9,5202
5,9999,9999,2025,1,3,4,2,9,17828
5,9999,9999,2025,1,3,5,2,9,10813
5,9999,9999,2025,1,3,6,2,9,879
5,9999,9999,2025,1,3,7,2,9,20619
5,9999,9999,2025,1,3,8,2,9,17975
5,9999,9999,2025,1,3,9,2,9,42772
5,9999,9999,2025,1,3,10,2,9,4772
5,9999,9999,2025,1,3,1,2,10,3824
5,9999,9999,2025,1,3,2,2,10,7883
5,9999,9999,2025,1,3,3,2,10,10934
5,9999,9999,2025,1,3,4,2,10,12801
5,9999,9999,2025,1,3,5,2,10,15994
5,9999,9999,2025,1,3,7,2,10,24225
5,9999,9999,2025,1,3,8,2,10,12191
5,9999,9999,2025,1,3,9,2,10,37609
5,9999,9999,2025,1,3,10,2,10,4155
5,9999,9999,2025,1,3,1,2,11,10566
5,9999,9999,2025,1,3,2,2,11,8746
5,9999,9999,2025,1,3,3,2,11,11448
5,9999,9999,2025,1,3,4,2,11,3381
5,9999,9999,2025,1,3,5,2,11,24067
5,9999,9999,2025,1,3,6,2,11,1285
5,9999,9999,2025,1,3,7,2,11,15201
5,9999,9999,2025,1,3,8,2,11,17645
5,9999,9999,2025,1,3,9,2,11,41958
5,9999,9999,2025,1,3,10,2,11,9419
5,9999,9999,2025,1,3,1,2,12,5649
5,9999,9999,2025,1,3,2,2,12,4732
5,9999,9999,2025,1,3,3,2,12,7138
5,9999,9999,2025,1,3,4,2,12,5015
5,9999,9999,2025,1,3,5,2,12,10927
5,9999,9999,2025,1,3,6,2,12,1317
5,9999,9999,2025,1,3,7,2,12,7856
5,9999,9999,2025,1,3,8,2,12,5231
5,9999,9999,2025,1,3,9,2,12,27035
5,9999,9999,2025,1,3,10,2,12,10983
5,9999,9999,2025,1,3,1,2,13,1552
5,9999,9999,2025,1,3,3,2,13,1600
5,9999,9999,2025,1,3,4,2,13,1021
5,9999,9999,2025,1,3,5,2,13,3712
5,9999,9999,2025,1,3,8,2,13,648
5,9999,9999,2025,1,3,9,2,13,9116
5,9999,9999,2025,1,3,10,2,13,2948
6,1,213,2025,1,3,1,2,4,1123
6,2,212,2025,1,3,2,2,4,672
6,1,213,2025,1,3,4,2,4,1288
6,2,212,2025,1,3,4,2,4,853
6,1,213,2025,1,3,5,2,4,129
6,2,212,2025,1,3,5,2,4,3347
6,2,212,2025,1,3,7,2,4,483
6,18,37,2025,1,3,8,2,4,1433
6,18,37,2025,1,3,9,2,4,1844
6,1,213,2025,1,3,1,2,5,2290
6,2,212,2025,1,3,1,2,5,2840
6,18,37,2025,1,3,1,2,5,891
6,1,213,2025,1,3,2,2,5,1264
6,2,212,2025,1,3,2,2,5,9401
6,18,37,2025,1,3,2,2,5,4544
6,9999,9999,2025,1,3,3,2,5,3611
6,1,213,2025,1,3,3,2,5,7249
6,2,212,2025,1,3,3,2,5,9118
6,18,37,2025,1,3,3,2,5,4889
6,1,213,2025,1,3,4,2,5,13725
6,9999,9999,2025,1,3,4,2,5,7139
6,18,37,2025,1,3,4,2,5,17871
6,2,212,2025,1,3,4,2,5,17447
6,1,213,2025,1,3,5,2,5,9634
6,9999,9999,2025,1,3,5,2,5,6854
6,18,37,2025,1,3,5,2,5,6272
6,2,212,2025,1,3,5,2,5,27326
6,1,213,2025,1,3,7,2,5,7017
6,9999,9999,2025,1,3,7,2,5,1266
6,18,37,2025,1,3,7,2,5,3626
6,2,212,2025,1,3,7,2,5,7957
6,2,212,2025,1,3,8,2,5,2352
6,9999,9999,2025,1,3,8,2,5,3354
6,1,213,2025,1,3,8,2,5,2541
6,1,213,2025,1,3,9,2,5,10067
6,9999,9999,2025,1,3,9,2,5,4725
6,18,37,2025,1,3,9,2,5,4421
6,2,212,2025,1,3,9,2,5,25306
6,18,37,2025,1,3,10,2,5,743
6,2,212,2025,1,3,10,2,5,2570
6,18,37,2025,1,3,1,2,6,3400
6,9999,9999,2025,1,3,1,2,6,2650
6,1,213,2025,1,3,1,2,6,4353
6,2,212,2025,1,3,1,2,6,7158
6,1,213,2025,1,3,2,2,6,3983
6,9999,9999,2025,1,3,2,2,6,1384
6,18,37,2025,1,3,2,2,6,25498
6,2,212,2025,1,3,2,2,6,21051
6,1,213,2025,1,3,3,2,6,15173
6,9999,9999,2025,1,3,3,2,6,9183
6,18,37,2025,1,3,3,2,6,15625
6,2,212,2025,1,3,3,2,6,29902
6,2,212,2025,1,3,4,2,6,40560
6,9999,9999,2025,1,3,4,2,6,9841
6,1,213,2025,1,3,4,2,6,41229
6,18,37,2025,1,3,4,2,6,22246
6,1,213,2025,1,3,5,2,6,28477
6,9999,9999,2025,1,3,5,2,6,21709
6,18,37,2025,1,3,5,2,6,21317
6,2,212,2025,1,3,5,2,6,51001
6,18,37,2025,1,3,6,2,6,1431
6,1,213,2025,1,3,7,2,6,14998
6,9999,9999,2025,1,3,7,2,6,6547
6,18,37,2025,1,3,7,2,6,11159
6,2,212,2025,1,3,7,2,6,23048
6,1,213,2025,1,3,8,2,6,9843
6,9999,9999,2025,1,3,8,2,6,7498
6,18,37,2025,1,3,8,2,6,9004
6,2,212,2025,1,3,8,2,6,13990
6,1,213,2025,1,3,9,2,6,35110
6,9999,9999,2025,1,3,9,2,6,14395
6,18,37,2025,1,3,9,2,6,26160
6,2,212,2025,1,3,9,2,6,35447
6,9999,9999,2025,1,3,10,2,6,1149
6,1,213,2025,1,3,10,2,6,748
6,18,37,2025,1,3,10,2,6,1741
6,2,212,2025,1,3,10,2,6,13276
6,2,212,2025,1,3,1,2,7,25748
6,9999,9999,2025,1,3,1,2,7,10849
6,1,213,2025,1,3,1,2,7,10632
6,18,37,2025,1,3,1,2,7,32554
6,2,212,2025,1,3,2,2,7,29071
6,9999,9999,2025,1,3,2,2,7,6334
6,1,213,2025,1,3,2,2,7,7133
6,18,37,2025,1,3,2,2,7,16843
6,1,213,2025,1,3,3,2,7,27438
6,9999,9999,2025,1,3,3,2,7,8280
6,18,37,2025,1,3,3,2,7,14227
6,2,212,2025,1,3,3,2,7,24430
6,1,213,2025,1,3,4,2,7,26191
6,9999,9999,2025,1,3,4,2,7,10207
6,18,37,2025,1,3,4,2,7,23670
6,2,212,2025,1,3,4,2,7,38141
6,1,213,2025,1,3,5,2,7,26371
6,9999,9999,2025,1,3,5,2,7,12612
6,18,37,2025,1,3,5,2,7,31430
6,2,212,2025,1,3,5,2,7,53562
6,1,213,2025,1,3,7,2,7,18559
6,9999,9999,2025,1,3,7,2,7,14507
6,18,37,2025,1,3,7,2,7,14742
6,2,212,2025,1,3,7,2,7,20580
6,1,213,2025,1,3,8,2,7,25221
6,9999,9999,2025,1,3,8,2,7,12232
6,18,37,2025,1,3,8,2,7,3158
6,2,212,2025,1,3,8,2,7,23767
6,1,213,2025,1,3,9,2,7,35830
6,9999,9999,2025,1,3,9,2,7,12179
6,18,37,2025,1,3,9,2,7,28546
6,2,212,2025,1,3,9,2,7,57520
6,2,212,2025,1,3,10,2,7,10698
6,9999,9999,2025,1,3,10,2,7,1626
6,1,213,2025,1,3,10,2,7,2240
6,18,37,2025,1,3,10,2,7,3471
6,1,213,2025,1,3,1,2,8,13795
6,9999,9999,2025,1,3,1,2,8,7124
6,18,37,2025,1,3,1,2,8,31643
6,2,212,2025,1,3,1,2,8,52117
6,1,213,2025,1,3,2,2,8,7123
6,9999,9999,2025,1,3,2,2,8,2237
6,18,37,2025,1,3,2,2,8,22514
6,2,212,2025,1,3,2,2,8,33506
6,1,213,2025,1,3,3,2,8,19001
6,9999,9999,2025,1,3,3,2,8,6658
6,18,37,2025,1,3,3,2,8,19045
6,2,212,2025,1,3,3,2,8,32455
6,1,213,2025,1,3,4,2,8,25836
6,9999,9999,2025,1,3,4,2,8,9174
6,18,37,2025,1,3,4,2,8,37172
6,2,212,2025,1,3,4,2,8,35398
6,1,213,2025,1,3,5,2,8,40808
6,9999,9999,2025,1,3,5,2,8,17112
6,18,37,2025,1,3,5,2,8,30280
6,2,212,2025,1,3,5,2,8,60358
6,1,213,2025,1,3,6,2,8,529
6,1,213,2025,1,3,7,2,8,26103
6,9999,9999,2025,1,3,7,2,8,15569
6,18,37,2025,1,3,7,2,8,25025
6,2,212,2025,1,3,7,2,8,25514
6,1,213,2025,1,3,8,2,8,22695
6,9999,9999,2025,1,3,8,2,8,9442
6,18,37,2025,1,3,8,2,8,13049
6,2,212,2025,1,3,8,2,8,40702
6,1,213,2025,1,3,9,2,8,32868
6,9999,9999,2025,1,3,9,2,8,17490
6,18,37,2025,1,3,9,2,8,26303
6,2,212,2025,1,3,9,2,8,55508
6,1,213,2025,1,3,10,2,8,4141
6,9999,9999,2025,1,3,10,2,8,5998
6,18,37,2025,1,3,10,2,8,8903
6,2,212,2025,1,3,10,2,8,21983
6,1,213,2025,1,3,1,2,9,20973
6,9999,9999,2025,1,3,1,2,9,2515
6,18,37,2025,1,3,1,2,9,37263
6,2,212,2025,1,3,1,2,9,46884
6,2,212,2025,1,3,2,2,9,34166
6,1,213,2025,1,3,2,2,9,7307
6,18,37,2025,1,3,2,2,9,23659
6,1,213,2025,1,3,3,2,9,22021
6,9999,9999,2025,1,3,3,2,9,7522
6,18,37,2025,1,3,3,2,9,15486
6,2,212,2025,1,3,3,2,9,34456
6,1,213,2025,1,3,4,2,9,30466
6,9999,9999,2025,1,3,4,2,9,9183
6,18,37,2025,1,3,4,2,9,23056
6,2,212,2025,1,3,4,2,9,42675
6,1,213,2025,1,3,5,2,9,46819
6,9999,9999,2025,1,3,5,2,9,21457
6,18,37,2025,1,3,5,2,9,34528
6,2,212,2025,1,3,5,2,9,61682
6,2,212,2025,1,3,6,2,9,1309
6,9999,9999,2025,1,3,6,2,9,2236
6,1,213,2025,1,3,7,2,9,23405
6,9999,9999,2025,1,3,7,2,9,21580
6,18,37,2025,1,3,7,2,9,15706
6,2,212,2025,1,3,7,2,9,28804
6,1,213,2025,1,3,8,2,9,22160
6,9999,9999,2025,1,3,8,2,9,1715
6,18,37,2025,1,3,8,2,9,17819
6,2,212,2025,1,3,8,2,9,23374
6,1,213,2025,1,3,9,2,9,27342
6,9999,9999,2025,1,3,9,2,9,20677
6,18,37,2025,1,3,9,2,9,31086
6,2,212,2025,1,3,9,2,9,39245
6,2,212,2025,1,3,10,2,9,19161
6,9999,9999,2025,1,3,10,2,9,4913
6,1,213,2025,1,3,10,2,9,6190
6,18,37,2025,1,3,10,2,9,11221
6,1,213,2025,1,3,1,2,10,14425
6,9999,9999,2025,1,3,1,2,10,5381
6,18,37,2025,1,3,1,2,10,42182
6,2,212,2025,1,3,1,2,10,41770
6,1,213,2025,1,3,2,2,10,6615
6,2,212,2025,1,3,2,2,10,14786
6,18,37,2025,1,3,2,2,10,16244
6,1,213,2025,1,3,3,2,10,15166
6,9999,9999,2025,1,3,3,2,10,7778
6,18,37,2025,1,3,3,2,10,16727
6,2,212,2025,1,3,3,2,10,24021
6,1,213,2025,1,3,4,2,10,19051
6,9999,9999,2025,1,3,4,2,10,5056
6,18,37,2025,1,3,4,2,10,25647
6,2,212,2025,1,3,4,2,10,35606
6,1,213,2025,1,3,5,2,10,23282
6,9999,9999,2025,1,3,5,2,10,16092
6,18,37,2025,1,3,5,2,10,25529
6,2,212,2025,1,3,5,2,10,57200
6,18,37,2025,1,3,6,2,10,895
6,1,213,2025,1,3,7,2,10,21109
6,9999,9999,2025,1,3,7,2,10,17766
6,18,37,2025,1,3,7,2,10,11866
6,2,212,2025,1,3,7,2,10,31190
6,1,213,2025,1,3,8,2,10,12998
6,9999,9999,2025,1,3,8,2,10,9295
6,18,37,2025,1,3,8,2,10,14358
6,2,212,2025,1,3,8,2,10,33436
6,1,213,2025,1,3,9,2,10,23889
6,9999,9999,2025,1,3,9,2,10,15976
6,18,37,2025,1,3,9,2,10,24353
6,2,212,2025,1,3,9,2,10,44527
6,1,213,2025,1,3,10,2,10,13092
6,9999,9999,2025,1,3,10,2,10,3001
6,18,37,2025,1,3,10,2,10,17211
6,2,212,2025,1,3,10,2,10,13973
6,1,213,2025,1,3,1,2,11,12764
6,9999,9999,2025,1,3,1,2,11,10049
6,18,37,2025,1,3,1,2,11,29071
6,2,212,2025,1,3,1,2,11,24418
6,1,213,2025,1,3,2,2,11,8805
6,9999,9999,2025,1,3,2,2,11,5386
6,18,37,2025,1,3,2,2,11,17268
6,2,212,2025,1,3,2,2,11,18403
6,1,213,2025,1,3,3,2,11,14868
6,9999,9999,2025,1,3,3,2,11,3022
6,18,37,2025,1,3,3,2,11,27661
6,2,212,2025,1,3,3,2,11,12085
6,1,213,2025,1,3,4,2,11,9930
6,9999,9999,2025,1,3,4,2,11,11033
6,18,37,2025,1,3,4,2,11,31933
6,2,212,2025,1,3,4,2,11,15018
6,1,213,2025,1,3,5,2,11,15849
6,9999,9999,2025,1,3,5,2,11,17625
6,18,37,2025,1,3,5,2,11,17365
6,2,212,2025,1,3,5,2,11,30706
6,9999,9999,2025,1,3,6,2,11,1663
6,2,212,2025,1,3,6,2,11,1063
6,1,213,2025,1,3,6,2,11,157
6,1,213,2025,1,3,7,2,11,13160
6,9999,9999,2025,1,3,7,2,11,17122
6,18,37,2025,1,3,7,2,11,7381
6,2,212,2025,1,3,7,2,11,28292
6,2,212,2025,1,3,8,2,11,13611
6,9999,9999,2025,1,3,8,2,11,9850
6,1,213,2025,1,3,8,2,11,10898
6,18,37,2025,1,3,8,2,11,5971
6,1,213,2025,1,3,9,2,11,23006
6,9999,9999,2025,1,3,9,2,11,16600
6,18,37,2025,1,3,9,2,11,22572
6,2,212,2025,1,3,9,2,11,32222
6,2,212,2025,1,3,10,2,11,12273
6,9999,9999,2025,1,3,10,2,11,4442
6,1,213,2025,1,3,10,2,11,7559
6,18,37,2025,1,3,10,2,11,4310
6,1,213,2025,1,3,1,2,12,13044
6,9999,9999,2025,1,3,1,2,12,10918
6,18,37,2025,1,3,1,2,12,30991
6,2,212,2025,1,3,1,2,12,20699
6,1,213,2025,1,3,2,2,12,4676
6,9999,9999,2025,1,3,2,2,12,4867
6,18,37,2025,1,3,2,2,12,11403
6,2,212,2025,1,3,2,2,12,9935
6,2,212,2025,1,3,3,2,12,8563
6,9999,9999,2025,1,3,3,2,12,5760
6,1,213,2025,1,3,3,2,12,9379
6,18,37,2025,1,3,3,2,12,6416
6,9999,9999,2025,1,3,4,2,12,6372
6,1,213,2025,1,3,4,2,12,18763
6,2,212,2025,1,3,4,2,12,17220
6,18,37,2025,1,3,4,2,12,7501
6,1,213,2025,1,3,5,2,12,12487
6,9999,9999,2025,1,3,5,2,12,4502
6,18,37,2025,1,3,5,2,12,12151
6,2,212,2025,1,3,5,2,12,17135
6,2,212,2025,1,3,6,2,12,1167
6,18,37,2025,1,3,7,2,12,5339
6,9999,9999,2025,1,3,7,2,12,6922
6,1,213,2025,1,3,7,2,12,12262
6,2,212,2025,1,3,7,2,12,15183
6,18,37,2025,1,3,8,2,12,3576
6,9999,9999,2025,1,3,8,2,12,6123
6,1,213,2025,1,3,8,2,12,7333
6,2,212,2025,1,3,8,2,12,8324
6,1,213,2025,1,3,9,2,12,14239
6,9999,9999,2025,1,3,9,2,12,6199
6,18,37,2025,1,3,9,2,12,10887
6,2,212,2025,1,3,9,2,12,20972
6,1,213,2025,1,3,10,2,12,6564
6,9999,9999,2025,1,3,10,2,12,8835
6,18,37,2025,1,3,10,2,12,3756
6,2,212,2025,1,3,10,2,12,9186
6,2,212,2025,1,3,1,2,13,9118
6,9999,9999,2025,1,3,1,2,13,3001
6,1,213,2025,1,3,1,2,13,7708
6,18,37,2025,1,3,1,2,13,4905
6,1,213,2025,1,3,2,2,13,2737
6,18,37,2025,1,3,2,2,13,11169
6,2,212,2025,1,3,2,2,13,3681
6,9999,9999,2025,1,3,3,2,13,2633
6,1,213,2025,1,3,3,2,13,10987
6,2,212,2025,1,3,3,2,13,5338
6,18,37,2025,1,3,3,2,13,7286
6,2,212,2025,1,3,4,2,13,5810
6,9999,9999,2025,1,3,4,2,13,6844
6,1,213,2025,1,3,4,2,13,7746
6,18,37,2025,1,3,4,2,13,11948
6,18,37,2025,1,3,5,2,13,986
6,9999,9999,2025,1,3,5,2,13,3810
6,1,213,2025,1,3,5,2,13,1989
6,2,212,2025,1,3,5,2,13,6503
6,9999,9999,2025,1,3,7,2,13,601
6,1,213,2025,1,3,7,2,13,2538
6,2,212,2025,1,3,7,2,13,5450
6,18,37,2025,1,3,7,2,13,2894
6,18,37,2025,1,3,8,2,13,1211
6,9999,9999,2025,1,3,8,2,13,2370
6,1,213,2025,1,3,8,2,13,2863
6,2,212,2025,1,3,8,2,13,586
6,2,212,2025,1,3,9,2,13,8702
6,9999,9999,2025,1,3,9,2,13,2905
6,1,213,2025,1,3,9,2,13,7124
6,18,37,2025,1,3,9,2,13,8088
6,2,212,2025,1,3,10,2,13,1275
6,1,213,2025,1,3,10,2,13,3063
6,18,37,2025,1,3,10,2,13,3699
7,9999,9999,2025,1,3,2,2,4,1302
7,9999,9999,2025,1,3,3,2,4,1491
7,9999,9999,2025,1,3,4,2,4,972
7,9999,9999,2025,1,3,5,2,4,1211
7,9999,9999,2025,1,3,7,2,4,1143
7,9999,9999,2025,1,3,9,2,4,6253
7,9999,9999,2025,1,3,1,2,5,2528
7,9999,9999,2025,1,3,2,2,5,1610
7,9999,9999,2025,1,3,3,2,5,8931
7,9999,9999,2025,1,3,4,2,5,13725
7,9999,9999,2025,1,3,5,2,5,16312
7,9999,9999,2025,1,3,6,2,5,1036
7,9999,9999,2025,1,3,7,2,5,8875
7,9999,9999,2025,1,3,8,2,5,2187
7,9999,9999,2025,1,3,9,2,5,20876
7,9999,9999,2025,1,3,10,2,5,2350
7,9999,9999,2025,1,3,1,2,6,4095
7,9999,9999,2025,1,3,2,2,6,4384
7,9999,9999,2025,1,3,3,2,6,17058
7,9999,9999,2025,1,3,4,2,6,16230
7,9999,9999,2025,1,3,5,2,6,27744
7,9999,9999,2025,1,3,6,2,6,564
7,9999,9999,2025,1,3,7,2,6,18343
7,9999,9999,2025,1,3,8,2,6,13030
7,9999,9999,2025,1,3,9,2,6,47460
7,9999,9999,2025,1,3,10,2,6,4233
7,9999,9999,2025,1,3,1,2,7,9157
7,9999,9999,2025,1,3,2,2,7,11988
7,9999,9999,2025,1,3,3,2,7,16365
7,9999,9999,2025,1,3,4,2,7,19132
7,9999,9999,2025,1,3,5,2,7,31950
7,9999,9999,2025,1,3,7,2,7,24793
7,9999,9999,2025,1,3,8,2,7,20033
7,9999,9999,2025,1,3,9,2,7,48390
7,9999,9999,2025,1,3,10,2,7,3123
7,9999,9999,2025,1,3,1,2,8,7431
7,9999,9999,2025,1,3,2,2,8,6514
7,9999,9999,2025,1,3,3,2,8,18884
7,9999,9999,2025,1,3,4,2,8,9977
7,9999,9999,2025,1,3,5,2,8,36768
7,9999,9999,2025,1,3,6,2,8,1093
7,9999,9999,2025,1,3,7,2,8,38701
7,9999,9999,2025,1,3,8,2,8,14192
7,9999,9999,2025,1,3,9,2,8,53273
7,9999,9999,2025,1,3,10,2,8,5221
7,9999,9999,2025,1,3,1,2,9,14719
7,9999,9999,2025,1,3,2,2,9,7469
7,9999,9999,2025,1,3,3,2,9,18417
7,9999,9999,2025,1,3,4,2,9,13059
7,9999,9999,2025,1,3,5,2,9,28158
7,9999,9999,2025,1,3,7,2,9,27306
7,9999,9999,2025,1,3,8,2,9,25526
7,9999,9999,2025,1,3,9,2,9,61266
7,9999,9999,2025,1,3,10,2,9,12248
7,9999,9999,2025,1,3,1,2,10,9734
7,9999,9999,2025,1,3,2,2,10,4889
7,9999,9999,2025,1,3,3,2,10,14417
7,9999,9999,2025,1,3,4,2,10,12724
7,9999,9999,2025,1,3,5,2,10,19948
7,9999,9999,2025,1,3,7,2,10,28874
7,9999,9999,2025,1,3,8,2,10,19345
7,9999,9999,2025,1,3,9,2,10,29642
7,9999,9999,2025,1,3,10,2,10,12499
7,9999,9999,2025,1,3,1,2,11,10158
7,9999,9999,2025,1,3,2,2,11,3605
7,9999,9999,2025,1,3,3,2,11,8920
7,9999,9999,2025,1,3,4,2,11,5862
7,9999,9999,2025,1,3,5,2,11,12272
7,9999,9999,2025,1,3,6,2,11,270
7,9999,9999,2025,1,3,7,2,11,10567
7,9999,9999,2025,1,3,8,2,11,6552
7,9999,9999,2025,1,3,9,2,11,47064
7,9999,9999,2025,1,3,10,2,11,9481
7,9999,9999,2025,1,3,1,2,12,6247
7,9999,9999,2025,1,3,2,2,12,5931
7,9999,9999,2025,1,3,3,2,12,10101
7,9999,9999,2025,1,3,4,2,12,2184
7,9999,9999,2025,1,3,5,2,12,6506
7,9999,9999,2025,1,3,6,2,12,374
7,9999,9999,2025,1,3,7,2,12,6497
7,9999,9999,2025,1,3,8,2,12,6248
7,9999,9999,2025,1,3,9,2,12,34064
7,9999,9999,2025,1,3,10,2,12,6637
7,9999,9999,2025,1,3,1,2,13,3412
7,9999,9999,2025,1,3,2,2,13,2277
7,9999,9999,2025,1,3,3,2,13,2770
7,9999,9999,2025,1,3,4,2,13,505
7,9999,9999,2025,1,3,5,2,13,4752
7,9999,9999,2025,1,3,7,2,13,591
7,9999,9999,2025,1,3,8,2,13,2762
7,9999,9999,2025,1,3,9,2,13,8676
7,9999,9999,2025,1,3,10,2,13,5099
8,9999,9999,2025,1,3,5,2,4,948
8,9999,9999,2025,1,3,7,2,4,902
8,9999,9999,2025,1,3,9,2,4,3608
8,9999,9999,2025,1,3,1,2,5,913
8,9999,9999,2025,1,3,2,2,5,1517
8,9999,9999,2025,1,3,3,2,5,1498
8,9999,9999,2025,1,3,4,2,5,9363
8,9999,9999,2025,1,3,5,2,5,12476
8,9999,9999,2025,1,3,7,2,5,11205
8,9999,9999,2025,1,3,8,2,5,5856
8,9999,9999,2025,1,3,9,2,5,24658
8,9999,9999,2025,1,3,10,2,5,526
8,9999,9999,2025,1,3,1,2,6,1609
8,9999,9999,2025,1,3,2,2,6,11024
8,9999,9999,2025,1,3,3,2,6,5450
8,9999,9999,2025,1,3,4,2,6,11266
8,9999,9999,2025,1,3,5,2,6,37930
8,9999,9999,2025,1,3,7,2,6,34666
8,9999,9999,2025,1,3,8,2,6,8575
8,9999,9999,2025,1,3,9,2,6,62253
8,9999,9999,2025,1,3,10,2,6,12212
8,9999,9999,2025,1,3,1,2,7,5544
8,9999,9999,2025,1,3,2,2,7,17456
8,9999,9999,2025,1,3,3,2,7,14992
8,9999,9999,2025,1,3,4,2,7,26606
8,9999,9999,2025,1,3,5,2,7,39701
8,9999,9999,2025,1,3,6,2,7,3569
8,9999,9999,2025,1,3,7,2,7,42175
8,9999,9999,2025,1,3,8,2,7,23288
8,9999,9999,2025,1,3,9,2,7,87042
8,9999,9999,2025,1,3,10,2,7,7801
8,9999,9999,2025,1,3,1,2,8,9704
8,9999,9999,2025,1,3,2,2,8,15651
8,9999,9999,2025,1,3,3,2,8,11093
8,9999,9999,2025,1,3,4,2,8,16202
8,9999,9999,2025,1,3,5,2,8,30971
8,9999,9999,2025,1,3,6,2,8,972
8,9999,9999,2025,1,3,7,2,8,31473
8,9999,9999,2025,1,3,8,2,8,17969
8,9999,9999,2025,1,3,9,2,8,70322
8,9999,9999,2025,1,3,10,2,8,5293
8,9999,9999,2025,1,3,1,2,9,14942
8,9999,9999,2025,1,3,2,2,9,8012
8,9999,9999,2025,1,3,3,2,9,17368
8,9999,9999,2025,1,3,4,2,9,14388
8,9999,9999,2025,1,3,5,2,9,28915
8,9999,9999,2025,1,3,6,2,9,1663
8,9999,9999,2025,1,3,7,2,9,46841
8,9999,9999,2025,1,3,8,2,9,14647
8,9999,9999,2025,1,3,9,2,9,70155
8,9999,9999,2025,1,3,10,2,9,9972
8,9999,9999,2025,1,3,1,2,10,8286
8,9999,9999,2025,1,3,2,2,10,8119
8,9999,9999,2025,1,3,3,2,10,10918
8,9999,9999,2025,1,3,4,2,10,19463
8,9999,9999,2025,1,3,5,2,10,37960
8,9999,9999,2025,1,3,6,2,10,1206
8,9999,9999,2025,1,3,7,2,10,33954
8,9999,9999,2025,1,3,8,2,10,16065
8,9999,9999,2025,1,3,9,2,10,45496
8,9999,9999,2025,1,3,10,2,10,12964
8,9999,9999,2025,1,3,1,2,11,11392
8,9999,9999,2025,1,3,2,2,11,13163
8,9999,9999,2025,1,3,3,2,11,11585
8,9999,9999,2025,1,3,4,2,11,8611
8,9999,9999,2025,1,3,5,2,11,29266
8,9999,9999,2025,1,3,6,2,11,1786
8,9999,9999,2025,1,3,7,2,11,20277
8,9999,9999,2025,1,3,8,2,11,9041
8,9999,9999,2025,1,3,9,2,11,41119
8,9999,9999,2025,1,3,10,2,11,13951
8,9999,9999,2025,1,3,1,2,12,9916
8,9999,9999,2025,1,3,2,2,12,12745
8,9999,9999,2025,1,3,3,2,12,11114
8,9999,9999,2025,1,3,4,2,12,9804
8,9999,9999,2025,1,3,5,2,12,16086
8,9999,9999,2025,1,3,7,2,12,11208
8,9999,9999,2025,1,3,8,2,12,8903
8,9999,9999,2025,1,3,9,2,12,35238
8,9999,9999,2025,1,3,10,2,12,9285
8,9999,9999,2025,1,3,1,2,13,4439
8,9999,9999,2025,1,3,2,2,13,3782
8,9999,9999,2025,1,3,3,2,13,3640
8,9999,9999,2025,1,3,4,2,13,1246
8,9999,9999,2025,1,3,5,2,13,11062
8,9999,9999,2025,1,3,6,2,13,893
8,9999,9999,2025,1,3,7,2,13,5529
8,9999,9999,2025,1,3,8,2,13,1195
8,9999,9999,2025,1,3,9,2,13,9597
8,9999,9999,2025,1,3,10,2,13,4491
9,9999,9999,2025,1,3,4,2,4,202
9,9999,9999,2025,1,3,7,2,4,214
9,9999,9999,2025,1,3,9,2,4,221
9,9999,9999,2025,1,3,2,2,5,1088
9,9999,9999,2025,1,3,4,2,5,3521
9,9999,9999,2025,1,3,5,2,5,9282
9,9999,9999,2025,1,3,7,2,5,2005
9,9999,9999,2025,1,3,8,2,5,898
9,9999,9999,2025,1,3,9,2,5,12055
9,9999,9999,2025,1,3,10,2,5,344
9,9999,9999,2025,1,3,1,2,6,2943
9,9999,9999,2025,1,3,2,2,6,1931
9,9999,9999,2025,1,3,3,2,6,2660
9,9999,9999,2025,1,3,4,2,6,5773
9,9999,9999,2025,1,3,5,2,6,5590
9,9999,9999,2025,1,3,7,2,6,8314
9,9999,9999,2025,1,3,8,2,6,1177
9,9999,9999,2025,1,3,9,2,6,20527
9,9999,9999,2025,1,3,10,2,6,1343
9,9999,9999,2025,1,3,1,2,7,2645
9,9999,9999,2025,1,3,2,2,7,1532
9,9999,9999,2025,1,3,3,2,7,2473
9,9999,9999,2025,1,3,4,2,7,2212
9,9999,9999,2025,1,3,5,2,7,14920
9,9999,9999,2025,1,3,7,2,7,5910
9,9999,9999,2025,1,3,8,2,7,4719
9,9999,9999,2025,1,3,9,2,7,21432
9,9999,9999,2025,1,3,10,2,7,913
9,9999,9999,2025,1,3,1,2,8,920
9,9999,9999,2025,1,3,2,2,8,463
9,9999,9999,2025,1,3,3,2,8,902
9,9999,9999,2025,1,3,4,2,8,2712
9,9999,9999,2025,1,3,5,2,8,7207
9,9999,9999,2025,1,3,7,2,8,1724
9,9999,9999,2025,1,3,8,2,8,2067
9,9999,9999,2025,1,3,9,2,8,17875
9,9999,9999,2025,1,3,10,2,8,872
9,9999,9999,2025,1,3,1,2,9,3032
9,9999,9999,2025,1,3,2,2,9,1373
9,9999,9999,2025,1,3,3,2,9,1577
9,9999,9999,2025,1,3,4,2,9,3887
9,9999,9999,2025,1,3,5,2,9,6878
9,9999,9999,2025,1,3,6,2,9,1472
9,9999,9999,2025,1,3,7,2,9,3257
9,9999,9999,2025,1,3,8,2,9,2994
9,9999,9999,2025,1,3,9,2,9,13132
9,9999,9999,2025,1,3,10,2,9,1289
9,9999,9999,2025,1,3,1,2,10,2075
9,9999,9999,2025,1,3,3,2,10,4644
9,9999,9999,2025,1,3,4,2,10,5464
9,9999,9999,2025,1,3,5,2,10,5657
9,9999,9999,2025,1,3,6,2,10,1048
9,9999,9999,2025,1,3,7,2,10,4812
9,9999,9999,2025,1,3,8,2,10,9749
9,9999,9999,2025,1,3,9,2,10,15095
9,9999,9999,2025,1,3,10,2,10,4984
9,9999,9999,2025,1,3,1,2,11,4140
9,9999,9999,2025,1,3,2,2,11,330
9,9999,9999,2025,1,3,3,2,11,2767
9,9999,9999,2025,1,3,4,2,11,6009
9,9999,9999,2025,1,3,5,2,11,6184
9,9999,9999,2025,1,3,6,2,11,755
9,9999,9999,2025,1,3,7,2,11,809
9,9999,9999,2025,1,3,8,2,11,1849
9,9999,9999,2025,1,3,9,2,11,11758
9,9999,9999,2025,1,3,10,2,11,2904
9,9999,9999,2025,1,3,1,2,12,999
9,9999,9999,2025,1,3,2,2,12,2628
9,9999,9999,2025,1,3,3,2,12,5034
9,9999,9999,2025,1,3,5,2,12,5573
9,9999,9999,2025,1,3,6,2,12,1531
9,9999,9999,2025,1,3,7,2,12,4174
9,9999,9999,2025,1,3,8,2,12,5387
9,9999,9999,2025,1,3,9,2,12,3968
9,9999,9999,2025,1,3,10,2,12,3900
9,9999,9999,2025,1,3,1,2,13,1889
9,9999,9999,2025,1,3,2,2,13,696
9,9999,9999,2025,1,3,4,2,13,725
9,9999,9999,2025,1,3,5,2,13,1486
9,9999,9999,2025,1,3,8,2,13,403
9,9999,9999,2025,1,3,9,2,13,2137
9,9999,9999,2025,1,3,10,2,13,555
1,9999,9999,2025,1,3,1,3,1,5123
1,47,189,2025,1,3,1,3,1,42299
1,9999,9999,2025,1,3,2,3,1,3741
1,47,189,2025,1,3,2,3,1,24907
1,9999,9999,2025,1,3,3,3,1,7375
1,47,189,2025,1,3,3,3,1,51781
1,9999,9999,2025,1,3,4,3,1,27365
1,47,189,2025,1,3,4,3,1,90720
1,9999,9999,2025,1,3,5,3,1,48690
1,47,189,2025,1,3,5,3,1,165224
1,47,189,2025,1,3,6,3,1,1468
1,9999,9999,2025,1,3,7,3,1,24369
1,47,189,2025,1,3,7,3,1,94176
1,9999,9999,2025,1,3,8,3,1,22080
1,47,189,2025,1,3,8,3,1,70657
1,9999,9999,2025,1,3,9,3,1,132174
1,47,189,2025,1,3,9,3,1,160411
1,9999,9999,2025,1,3,10,3,1,14539
1,47,189,2025,1,3,10,3,1,70676
1,9999,9999,2025,1,3,1,3,2,15693
1,47,189,2025,1,3,1,3,2,77514
1,9999,9999,2025,1,3,2,3,2,12792
1,47,189,2025,1,3,2,3,2,24050
1,9999,9999,2025,1,3,3,3,2,36206
1,47,189,2025,1,3,3,3,2,64127
1,9999,9999,2025,1,3,4,3,2,41984
1,47,189,2025,1,3,4,3,2,132566
1,9999,9999,2025,1,3,5,3,2,81445
1,47,189,2025,1,3,5,3,2,108248
1,9999,9999,2025,1,3,6,3,2,657
1,9999,9999,2025,1,3,7,3,2,56470
1,47,189,2025,1,3,7,3,2,67290
1,9999,9999,2025,1,3,8,3,2,50086
1,47,189,2025,1,3,8,3,2,58616
1,9999,9999,2025,1,3,9,3,2,258026
1,47,189,2025,1,3,9,3,2,118290
1,9999,9999,2025,1,3,10,3,2,32540
1,47,189,2025,1,3,10,3,2,12901
1,47,189,2025,1,3,1,3,3,8758
1,47,189,2025,1,3,2,3,3,11195
1,47,189,2025,1,3,3,3,3,7822
1,47,189,2025,1,3,4,3,3,1192
1,47,189,2025,1,3,5,3,3,8329
1,47,189,2025,1,3,8,3,3,2588
1,9999,9999,2025,1,3,1,3,4,45319
1,47,189,2025,1,3,1,3,4,113066
1,9999,9999,2025,1,3,2,3,4,31213
1,47,189,2025,1,3,2,3,4,93685
1,9999,9999,2025,1,3,3,3,4,27007
1,47,189,2025,1,3,3,3,4,62331
1,9999,9999,2025,1,3,4,3,4,19913
1,47,189,2025,1,3,4,3,4,37279
1,9999,9999,2025,1,3,5,3,4,11851
1,47,189,2025,1,3,5,3,4,25043
1,9999,9999,2025,1,3,6,3,4,824
1,9999,9999,2025,1,3,7,3,4,12758
1,47,189,2025,1,3,7,3,4,15212
1,9999,9999,2025,1,3,8,3,4,1337
1,9999,9999,2025,1,3,9,3,4,12276
1,47,189,2025,1,3,9,3,4,4760
2,9999,9999,2025,1,3,1,3,1,17959
2,3,180,2025,1,3,1,3,1,13700
2,10,179,2025,1,3,1,3,1,8612
2,9999,9999,2025,1,3,2,3,1,20133
2,3,180,2025,1,3,2,3,1,15847
2,10,179,2025,1,3,2,3,1,7871
2,9999,9999,2025,1,3,3,3,1,59963
2,3,180,2025,1,3,3,3,1,27639
2,10,179,2025,1,3,3,3,1,18709
2,9999,9999,2025,1,3,4,3,1,42433
2,3,180,2025,1,3,4,3,1,31686
2,10,179,2025,1,3,4,3,1,15455
2,9999,9999,2025,1,3,5,3,1,139267
2,3,180,2025,1,3,5,3,1,41366
2,10,179,2025,1,3,5,3,1,26969
2,9999,9999,2025,1,3,6,3,1,6258
2,3,180,2025,1,3,6,3,1,738
2,10,179,2025,1,3,6,3,1,2235
2,9999,9999,2025,1,3,7,3,1,48815
2,3,180,2025,1,3,7,3,1,21287
2,10,179,2025,1,3,7,3,1,22212
2,9999,9999,2025,1,3,8,3,1,50137
2,3,180,2025,1,3,8,3,1,16986
2,10,179,2025,1,3,8,3,1,23864
2,9999,9999,2025,1,3,9,3,1,233629
2,3,180,2025,1,3,9,3,1,55202
2,10,179,2025,1,3,9,3,1,37139
2,9999,9999,2025,1,3,10,3,1,43701
2,3,180,2025,1,3,10,3,1,7313
2,10,179,2025,1,3,10,3,1,6289
2,9999,9999,2025,1,3,1,3,2,981
2,10,179,2025,1,3,1,3,2,9099
2,10,179,2025,1,3,2,3,2,3340
2,9999,9999,2025,1,3,3,3,2,3620
2,3,180,2025,1,3,3,3,2,475
2,10,179,2025,1,3,3,3,2,16796
2,9999,9999,2025,1,3,4,3,2,1815
2,10,179,2025,1,3,4,3,2,16640
2,9999,9999,2025,1,3,5,3,2,15293
2,3,180,2025,1,3,5,3,2,831
2,10,179,2025,1,3,5,3,2,20615
2,10,179,2025,1,3,6,3,2,700
2,9999,9999,2025,1,3,7,3,2,8347
2,10,179,2025,1,3,7,3,2,8699
2,9999,9999,2025,1,3,8,3,2,3399
2,10,179,2025,1,3,8,3,2,15761
2,9999,9999,2025,1,3,9,3,2,20512
2,3,180,2025,1,3,9,3,2,1205
2,10,179,2025,1,3,9,3,2,14830
2,9999,9999,2025,1,3,10,3,2,442
2,10,179,2025,1,3,10,3,2,4381
2,3,180,2025,1,3,1,3,3,784
2,10,179,2025,1,3,1,3,3,2048
2,10,179,2025,1,3,2,3,3,2247
2,10,179,2025,1,3,3,3,3,1486
2,3,180,2025,1,3,4,3,3,1198
2,10,179,2025,1,3,4,3,3,886
2,9999,9999,2025,1,3,5,3,3,4271
2,3,180,2025,1,3,5,3,3,1198
2,10,179,2025,1,3,5,3,3,2338
2,10,179,2025,1,3,7,3,3,2448
2,10,179,2025,1,3,8,3,3,924
2,3,180,2025,1,3,9,3,3,1368
2,9999,9999,2025,1,3,1,3,4,6337
2,3,180,2025,1,3,1,3,4,2927
2,10,179,2025,1,3,1,3,4,20787
2,9999,9999,2025,1,3,2,3,4,1437
2,3,180,2025,1,3,2,3,4,2461
2,10,179,2025,1,3,2,3,4,5600
2,9999,9999,2025,1,3,3,3,4,1509
2,3,180,2025,1,3,3,3,4,2472
2,10,179,2025,1,3,3,3,4,15461
2,9999,9999,2025,1,3,4,3,4,4443
2,3,180,2025,1,3,4,3,4,2403
2,10,179,2025,1,3,4,3,4,17191
2,9999,9999,2025,1,3,5,3,4,2999
2,3,180,2025,1,3,5,3,4,761
2,10,179,2025,1,3,5,3,4,6985
2,9999,9999,2025,1,3,7,3,4,671
2,10,179,2025,1,3,7,3,4,6494
2,3,180,2025,1,3,8,3,4,2010
2,10,179,2025,1,3,8,3,4,4779
2,9999,9999,2025,1,3,9,3,4,2843
2,10,179,2025,1,3,9,3,4,7735
2,9999,9999,2025,1,3,10,3,4,2008
3,9999,9999,2025,1,3,1,3,1,15987
3,15,202,2025,1,3,1,3,1,14140
3,9999,9999,2025,1,3,2,3,1,13015
3,15,202,2025,1,3,2,3,1,18487
3,9999,9999,2025,1,3,3,3,1,17282
3,15,202,2025,1,3,3,3,1,13353
3,9999,9999,2025,1,3,4,3,1,31372
3,15,202,2025,1,3,4,3,1,27764
3,9999,9999,2025,1,3,5,3,1,90778
3,15,202,2025,1,3,5,3,1,40625
3,9999,9999,2025,1,3,6,3,1,1393
3,15,202,2025,1,3,6,3,1,655
3,9999,9999,2025,1,3,7,3,1,55216
3,15,202,2025,1,3,7,3,1,24693
3,9999,9999,2025,1,3,8,3,1,39897
3,15,202,2025,1,3,8,3,1,13140
3,9999,9999,2025,1,3,9,3,1,153447
3,15,202,2025,1,3,9,3,1,51617
3,9999,9999,2025,1,3,10,3,1,33753
3,15,202,2025,1,3,10,3,1,12837
3,9999,9999,2025,1,3,3,3,2,558
3,15,202,2025,1,3,4,3,2,762
3,9999,9999,2025,1,3,5,3,2,2255
3,15,202,2025,1,3,5,3,2,1971
3,9999,9999,2025,1,3,7,3,2,1082
3,15,202,2025,1,3,7,3,2,750
3,9999,9999,2025,1,3,8,3,2,1475
3,9999,9999,2025,1,3,9,3,2,1169
3,15,202,2025,1,3,9,3,2,386
3,15,202,2025,1,3,10,3,2,375
3,9999,9999,2025,1,3,1,3,3,1627
3,9999,9999,2025,1,3,2,3,3,850
3,9999,9999,2025,1,3,3,3,3,949
3,9999,9999,2025,1,3,5,3,3,977
3,9999,9999,2025,1,3,1,3,4,13068
3,15,202,2025,1,3,1,3,4,4985
3,9999,9999,2025,1,3,2,3,4,4431
3,15,202,2025,1,3,2,3,4,2609
3,9999,9999,2025,1,3,3,3,4,3792
3,15,202,2025,1,3,3,3,4,3564
3,9999,9999,2025,1,3,4,3,4,7411
3,15,202,2025,1,3,4,3,4,2858
3,9999,9999,2025,1,3,5,3,4,3905
3,15,202,2025,1,3,5,3,4,4819
3,9999,9999,2025,1,3,7,3,4,6543
3,15,202,2025,1,3,7,3,4,5091
3,15,202,2025,1,3,8,3,4,1506
3,9999,9999,2025,1,3,9,3,4,4206
3,15,202,2025,1,3,9,3,4,324
4,9999,9999,2025,1,3,1,3,1,45638
4,29,168,2025,1,3,1,3,1,56374
4,9999,9999,2025,1,3,2,3,1,40107
4,29,168,2025,1,3,2,3,1,25914
4,9999,9999,2025,1,3,3,3,1,113613
4,29,168,2025,1,3,3,3,1,69616
4,9999,9999,2025,1,3,4,3,1,114271
4,29,168,2025,1,3,4,3,1,86678
4,9999,9999,2025,1,3,5,3,1,287785
4,29,168,2025,1,3,5,3,1,231082
4,9999,9999,2025,1,3,6,3,1,11187
4,29,168,2025,1,3,6,3,1,3214
4,9999,9999,2025,1,3,7,3,1,160805
4,29,168,2025,1,3,7,3,1,107548
4,9999,9999,2025,1,3,8,3,1,139571
4,29,168,2025,1,3,8,3,1,107374
4,9999,9999,2025,1,3,9,3,1,400495
4,29,168,2025,1,3,9,3,1,238392
4,9999,9999,2025,1,3,10,3,1,86707
4,29,168,2025,1,3,10,3,1,62721
4,9999,9999,2025,1,3,1,3,2,967
4,29,168,2025,1,3,1,3,2,892
4,9999,9999,2025,1,3,2,3,2,538
4,29,168,2025,1,3,2,3,2,2453
4,9999,9999,2025,1,3,3,3,2,2472
4,29,168,2025,1,3,3,3,2,2010
4,9999,9999,2025,1,3,4,3,2,302
4,29,168,2025,1,3,4,3,2,4517
4,29,168,2025,1,3,5,3,2,2493
4,9999,9999,2025,1,3,8,3,2,662
4,29,168,2025,1,3,8,3,2,2059
4,9999,9999,2025,1,3,9,3,2,634
4,29,168,2025,1,3,9,3,2,4723
4,29,168,2025,1,3,1,3,3,48028
4,9999,9999,2025,1,3,1,3,3,8263
4,9999,9999,2025,1,3,2,3,3,2859
4,29,168,2025,1,3,2,3,3,21254
4,9999,9999,2025,1,3,3,3,3,9151
4,29,168,2025,1,3,3,3,3,39480
4,9999,9999,2025,1,3,4,3,3,5342
4,29,168,2025,1,3,4,3,3,37722
4,9999,9999,2025,1,3,5,3,3,1447
4,29,168,2025,1,3,5,3,3,20679
4,9999,9999,2025,1,3,7,3,3,7964
4,29,168,2025,1,3,7,3,3,18755
4,29,168,2025,1,3,8,3,3,16581
4,9999,9999,2025,1,3,9,3,3,2227
4,29,168,2025,1,3,9,3,3,20175
4,9999,9999,2025,1,3,10,3,3,463
4,29,168,2025,1,3,10,3,3,1573
4,9999,9999,2025,1,3,1,3,4,13743
4,29,168,2025,1,3,1,3,4,18761
4,9999,9999,2025,1,3,2,3,4,5614
4,29,168,2025,1,3,2,3,4,2478
4,9999,9999,2025,1,3,3,3,4,8769
4,29,168,2025,1,3,3,3,4,23832
4,9999,9999,2025,1,3,4,3,4,4161
4,29,168,2025,1,3,4,3,4,10493
4,9999,9999,2025,1,3,5,3,4,1826
4,29,168,2025,1,3,5,3,4,3943
4,9999,9999,2025,1,3,6,3,4,161
4,9999,9999,2025,1,3,7,3,4,2088
4,29,168,2025,1,3,7,3,4,4922
4,9999,9999,2025,1,3,9,3,4,7391
4,29,168,2025,1,3,9,3,4,4209
5,9999,9999,2025,1,3,1,3,1,29620
5,9999,9999,2025,1,3,2,3,1,29241
5,9999,9999,2025,1,3,3,3,1,55251
5,9999,9999,2025,1,3,4,3,1,68351
5,9999,9999,2025,1,3,5,3,1,127164
5,9999,9999,2025,1,3,6,3,1,2164
5,9999,9999,2025,1,3,7,3,1,108501
5,9999,9999,2025,1,3,8,3,1,84243
5,9999,9999,2025,1,3,9,3,1,247316
5,9999,9999,2025,1,3,10,3,1,37436
5,9999,9999,2025,1,3,1,3,2,1811
5,9999,9999,2025,1,3,2,3,2,472
5,9999,9999,2025,1,3,3,3,2,1016
5,9999,9999,2025,1,3,4,3,2,4372
5,9999,9999,2025,1,3,5,3,2,5692
5,9999,9999,2025,1,3,7,3,2,2963
5,9999,9999,2025,1,3,9,3,2,7290
5,9999,9999,2025,1,3,1,3,3,3269
5,9999,9999,2025,1,3,5,3,3,6355
5,9999,9999,2025,1,3,7,3,3,1941
5,9999,9999,2025,1,3,8,3,3,3170
5,9999,9999,2025,1,3,9,3,3,7495
5,9999,9999,2025,1,3,1,3,4,11923
5,9999,9999,2025,1,3,2,3,4,4039
5,9999,9999,2025,1,3,3,3,4,4870
5,9999,9999,2025,1,3,4,3,4,1834
5,9999,9999,2025,1,3,5,3,4,13170
5,9999,9999,2025,1,3,6,3,4,1317
5,9999,9999,2025,1,3,7,3,4,3087
5,9999,9999,2025,1,3,9,3,4,3400
6,1,213,2025,1,3,1,3,1,49121
6,9999,9999,2025,1,3,1,3,1,27159
6,18,37,2025,1,3,1,3,1,116081
6,2,212,2025,1,3,1,3,1,143065
6,1,213,2025,1,3,2,3,1,38819
6,9999,9999,2025,1,3,2,3,1,17992
6,18,37,2025,1,3,2,3,1,94660
6,2,212,2025,1,3,2,3,1,84482
6,1,213,2025,1,3,3,3,1,94359
6,9999,9999,2025,1,3,3,3,1,35349
6,18,37,2025,1,3,3,3,1,79443
6,2,212,2025,1,3,3,3,1,121915
6,1,213,2025,1,3,4,3,1,118900
6,9999,9999,2025,1,3,4,3,1,49314
6,18,37,2025,1,3,4,3,1,143838
6,2,212,2025,1,3,4,3,1,196281
6,1,213,2025,1,3,5,3,1,171762
6,9999,9999,2025,1,3,5,3,1,107548
6,18,37,2025,1,3,5,3,1,156626
6,2,212,2025,1,3,5,3,1,338531
6,2,212,2025,1,3,6,3,1,2372
6,9999,9999,2025,1,3,6,3,1,2236
6,1,213,2025,1,3,6,3,1,686
6,18,37,2025,1,3,6,3,1,2325
6,1,213,2025,1,3,7,3,1,117471
6,9999,9999,2025,1,3,7,3,1,85895
6,18,37,2025,1,3,7,3,1,81520
6,2,212,2025,1,3,7,3,1,160005
6,1,213,2025,1,3,8,3,1,108341
6,9999,9999,2025,1,3,8,3,1,54831
6,18,37,2025,1,3,8,3,1,62996
6,2,212,2025,1,3,8,3,1,155930
6,1,213,2025,1,3,9,3,1,202700
6,9999,9999,2025,1,3,9,3,1,110260
6,18,37,2025,1,3,9,3,1,172040
6,2,212,2025,1,3,9,3,1,307578
6,1,213,2025,1,3,10,3,1,43597
6,9999,9999,2025,1,3,10,3,1,29964
6,18,37,2025,1,3,10,3,1,55054
6,2,212,2025,1,3,10,3,1,104397
6,9999,9999,2025,1,3,1,3,2,634
6,2,212,2025,1,3,1,3,2,15039
6,1,213,2025,1,3,1,3,2,4117
6,18,37,2025,1,3,1,3,2,6399
6,9999,9999,2025,1,3,2,3,2,634
6,1,213,2025,1,3,2,3,2,844
6,18,37,2025,1,3,2,3,2,2948
6,2,212,2025,1,3,2,3,2,5330
6,2,212,2025,1,3,3,3,2,11836
6,9999,9999,2025,1,3,3,3,2,2292
6,1,213,2025,1,3,3,3,2,5212
6,18,37,2025,1,3,3,3,2,5516
6,18,37,2025,1,3,4,3,2,11792
6,9999,9999,2025,1,3,4,3,2,2292
6,1,213,2025,1,3,4,3,2,6451
6,2,212,2025,1,3,4,3,2,9478
6,2,212,2025,1,3,5,3,2,5232
6,9999,9999,2025,1,3,5,3,2,2118
6,1,213,2025,1,3,5,3,2,2043
6,18,37,2025,1,3,5,3,2,1659
6,1,213,2025,1,3,7,3,2,3329
6,2,212,2025,1,3,7,3,2,11911
6,1,213,2025,1,3,8,3,2,2440
6,2,212,2025,1,3,8,3,2,1204
6,2,212,2025,1,3,9,3,2,6273
6,9999,9999,2025,1,3,9,3,2,220
6,9999,9999,2025,1,3,1,3,3,3102
6,2,212,2025,1,3,1,3,3,26685
6,1,213,2025,1,3,1,3,3,8672
6,18,37,2025,1,3,1,3,3,7913
6,2,212,2025,1,3,2,3,3,33129
6,18,37,2025,1,3,2,3,3,1306
6,9999,9999,2025,1,3,3,3,3,1252
6,1,213,2025,1,3,3,3,3,1170
6,2,212,2025,1,3,3,3,3,18017
6,18,37,2025,1,3,3,3,3,6941
6,9999,9999,2025,1,3,4,3,3,1670
6,1,213,2025,1,3,4,3,3,12534
6,2,212,2025,1,3,4,3,3,15720
6,18,37,2025,1,3,4,3,3,6375
6,18,37,2025,1,3,5,3,3,6073
6,9999,9999,2025,1,3,5,3,3,3207
6,1,213,2025,1,3,5,3,3,5501
6,2,212,2025,1,3,5,3,3,10191
6,9999,9999,2025,1,3,7,3,3,1609
6,1,213,2025,1,3,7,3,3,1208
6,2,212,2025,1,3,7,3,3,5362
6,18,37,2025,1,3,7,3,3,1876
6,9999,9999,2025,1,3,8,3,3,1609
6,2,212,2025,1,3,8,3,3,1617
6,18,37,2025,1,3,8,3,3,2093
6,2,212,2025,1,3,9,3,3,274
6,18,37,2025,1,3,9,3,3,5233
6,1,213,2025,1,3,1,3,4,39195
6,9999,9999,2025,1,3,1,3,4,21593
6,18,37,2025,1,3,1,3,4,82507
6,2,212,2025,1,3,1,3,4,45963
6,1,213,2025,1,3,2,3,4,9980
6,9999,9999,2025,1,3,2,3,4,1582
6,18,37,2025,1,3,2,3,4,50228
6,2,212,2025,1,3,2,3,4,51731
6,1,213,2025,1,3,3,3,4,40541
6,9999,9999,2025,1,3,3,3,4,15553
6,18,37,2025,1,3,3,3,4,35463
6,2,212,2025,1,3,3,3,4,28600
6,1,213,2025,1,3,4,3,4,56340
6,9999,9999,2025,1,3,4,3,4,21571
6,18,37,2025,1,3,4,3,4,39039
6,2,212,2025,1,3,4,3,4,27248
6,1,213,2025,1,3,5,3,4,26538
6,9999,9999,2025,1,3,5,3,4,8902
6,18,37,2025,1,3,5,3,4,15501
6,2,212,2025,1,3,5,3,4,14866
6,9999,9999,2025,1,3,6,3,4,1663
6,2,212,2025,1,3,6,3,4,1167
6,2,212,2025,1,3,7,3,4,9223
6,9999,9999,2025,1,3,7,3,4,14375
6,1,213,2025,1,3,7,3,4,17142
6,18,37,2025,1,3,7,3,4,14341
6,1,213,2025,1,3,8,3,4,5772
6,9999,9999,2025,1,3,8,3,4,5437
6,2,212,2025,1,3,8,3,4,1391
6,18,37,2025,1,3,8,3,4,4490
6,9999,9999,2025,1,3,9,3,4,667
6,1,213,2025,1,3,9,3,4,6776
6,2,212,2025,1,3,9,3,4,5327
6,18,37,2025,1,3,9,3,4,6988
7,9999,9999,2025,1,3,1,3,1,36054
7,9999,9999,2025,1,3,2,3,1,43226
7,9999,9999,2025,1,3,3,3,1,99065
7,9999,9999,2025,1,3,4,3,1,81689
7,9999,9999,2025,1,3,5,3,1,177719
7,9999,9999,2025,1,3,6,3,1,3337
7,9999,9999,2025,1,3,7,3,1,148847
7,9999,9999,2025,1,3,8,3,1,106491
7,9999,9999,2025,1,3,9,3,1,348113
7,9999,9999,2025,1,3,10,3,1,60890
7,9999,9999,2025,1,3,1,3,2,50
7,9999,9999,2025,1,3,3,3,2,849
7,9999,9999,2025,1,3,4,3,2,1709
7,9999,9999,2025,1,3,1,3,3,5893
7,9999,9999,2025,1,3,2,3,3,2147
7,9999,9999,2025,1,3,5,3,3,4479
7,9999,9999,2025,1,3,7,3,3,931
7,9999,9999,2025,1,3,8,3,3,1126
7,9999,9999,2025,1,3,9,3,3,1301
7,9999,9999,2025,1,3,1,3,4,25483
7,9999,9999,2025,1,3,2,3,4,4597
7,9999,9999,2025,1,3,3,3,4,17439
7,9999,9999,2025,1,3,4,3,4,10972
7,9999,9999,2025,1,3,5,3,4,3421
7,9999,9999,2025,1,3,7,3,4,15912
7,9999,9999,2025,1,3,8,3,4,2258
7,9999,9999,2025,1,3,9,3,4,7549
8,9999,9999,2025,1,3,1,3,1,55966
8,9999,9999,2025,1,3,2,3,1,84060
8,9999,9999,2025,1,3,3,3,1,80109
8,9999,9999,2025,1,3,4,3,1,103342
8,9999,9999,2025,1,3,5,3,1,240833
8,9999,9999,2025,1,3,6,3,1,9795
8,9999,9999,2025,1,3,7,3,1,231612
8,9999,9999,2025,1,3,8,3,1,101314
8,9999,9999,2025,1,3,9,3,1,443409
8,9999,9999,2025,1,3,10,3,1,76495
8,9999,9999,2025,1,3,1,3,2,519
8,9999,9999,2025,1,3,5,3,2,519
8,9999,9999,2025,1,3,7,3,2,1284
8,9999,9999,2025,1,3,8,3,2,1079
8,9999,9999,2025,1,3,1,3,3,2317
8,9999,9999,2025,1,3,1,3,4,7944
8,9999,9999,2025,1,3,2,3,4,7409
8,9999,9999,2025,1,3,3,3,4,7549
8,9999,9999,2025,1,3,4,3,4,13608
8,9999,9999,2025,1,3,5,3,4,3962
8,9999,9999,2025,1,3,6,3,4,293
8,9999,9999,2025,1,3,7,3,4,5335
8,9999,9999,2025,1,3,8,3,4,3147
8,9999,9999,2025,1,3,9,3,4,6079
9,9999,9999,2025,1,3,1,3,1,4707
9,9999,9999,2025,1,3,2,3,1,3572
9,9999,9999,2025,1,3,3,3,1,10432
9,9999,9999,2025,1,3,4,3,1,13778
9,9999,9999,2025,1,3,5,3,1,30918
9,9999,9999,2025,1,3,6,3,1,1179
9,9999,9999,2025,1,3,7,3,1,9820
9,9999,9999,2025,1,3,8,3,1,21097
9,9999,9999,2025,1,3,9,3,1,74945
9,9999,9999,2025,1,3,10,3,1,9386
9,9999,9999,2025,1,3,1,3,2,6148
9,9999,9999,2025,1,3,2,3,2,2810
9,9999,9999,2025,1,3,3,3,2,7644
9,9999,9999,2025,1,3,4,3,2,7354
9,9999,9999,2025,1,3,5,3,2,22131
9,9999,9999,2025,1,3,6,3,2,2306
9,9999,9999,2025,1,3,7,3,2,13146
9,9999,9999,2025,1,3,8,3,2,7742
9,9999,9999,2025,1,3,9,3,2,43254
9,9999,9999,2025,1,3,10,3,2,7717
9,9999,9999,2025,1,3,1,3,3,1410
9,9999,9999,2025,1,3,5,3,3,2821
9,9999,9999,2025,1,3,1,3,4,6378
9,9999,9999,2025,1,3,2,3,4,3661
9,9999,9999,2025,1,3,3,3,4,1980
9,9999,9999,2025,1,3,4,3,4,9374
9,9999,9999,2025,1,3,5,3,4,6910
9,9999,9999,2025,1,3,6,3,4,1321
9,9999,9999,2025,1,3,7,3,4,8253
9,9999,9999,2025,1,3,8,3,4,403
1,9999,9999,2025,1,3,1,4,1,43512
1,47,189,2025,1,3,1,4,1,163717
1,9999,9999,2025,1,3,2,4,1,27948
1,47,189,2025,1,3,2,4,1,87263
1,9999,9999,2025,1,3,3,4,1,26964
1,47,189,2025,1,3,3,4,1,98938
1,9999,9999,2025,1,3,4,4,1,35217
1,47,189,2025,1,3,4,4,1,89478
1,9999,9999,2025,1,3,5,4,1,47430
1,47,189,2025,1,3,5,4,1,106181
1,9999,9999,2025,1,3,6,4,1,824
1,9999,9999,2025,1,3,7,4,1,33855
1,47,189,2025,1,3,7,4,1,85707
1,9999,9999,2025,1,3,8,4,1,30331
1,47,189,2025,1,3,8,4,1,58072
1,9999,9999,2025,1,3,9,4,1,112113
1,47,189,2025,1,3,9,4,1,96444
1,9999,9999,2025,1,3,10,4,1,27149
1,47,189,2025,1,3,10,4,1,36707
1,9999,9999,2025,1,3,1,4,2,2467
1,47,189,2025,1,3,1,4,2,16058
1,9999,9999,2025,1,3,2,4,2,9609
1,47,189,2025,1,3,2,4,2,14930
1,9999,9999,2025,1,3,3,4,2,11578
1,47,189,2025,1,3,3,4,2,16235
1,9999,9999,2025,1,3,4,4,2,8197
1,47,189,2025,1,3,4,4,2,23289
1,9999,9999,2025,1,3,5,4,2,16462
1,47,189,2025,1,3,5,4,2,30754
1,47,189,2025,1,3,6,4,2,1468
1,9999,9999,2025,1,3,7,4,2,17436
1,47,189,2025,1,3,7,4,2,24879
1,9999,9999,2025,1,3,8,4,2,9749
1,47,189,2025,1,3,8,4,2,11460
1,9999,9999,2025,1,3,9,4,2,88287
1,47,189,2025,1,3,9,4,2,48066
1,9999,9999,2025,1,3,10,4,2,5111
1,47,189,2025,1,3,10,4,2,3378
1,9999,9999,2025,1,3,1,4,3,5698
1,47,189,2025,1,3,1,4,3,4225
1,47,189,2025,1,3,3,4,3,2588
1,9999,9999,2025,1,3,4,4,3,2327
1,47,189,2025,1,3,4,4,3,4294
1,47,189,2025,1,3,5,4,3,5238
1,47,189,2025,1,3,7,4,3,4912
1,9999,9999,2025,1,3,8,4,3,2025
1,47,189,2025,1,3,8,4,3,2736
1,9999,9999,2025,1,3,9,4,3,7739
1,47,189,2025,1,3,9,4,3,7349
1,9999,9999,2025,1,3,10,4,3,581
1,47,189,2025,1,3,10,4,3,3905
1,9999,9999,2025,1,3,1,4,4,754
1,47,189,2025,1,3,1,4,4,8271
1,9999,9999,2025,1,3,2,4,4,2541
1,47,189,2025,1,3,2,4,4,2359
1,9999,9999,2025,1,3,3,4,4,4502
1,47,189,2025,1,3,3,4,4,7939
1,9999,9999,2025,1,3,4,4,4,5539
1,47,189,2025,1,3,4,4,4,16316
1,9999,9999,2025,1,3,5,4,4,3184
1,47,189,2025,1,3,5,4,4,13857
1,9999,9999,2025,1,3,7,4,4,4201
1,47,189,2025,1,3,7,4,4,2738
1,9999,9999,2025,1,3,8,4,4,1855
1,47,189,2025,1,3,8,4,4,7678
1,9999,9999,2025,1,3,9,4,4,10536
1,47,189,2025,1,3,9,4,4,12341
1,47,189,2025,1,3,10,4,4,5503
1,9999,9999,2025,1,3,1,4,5,13704
1,47,189,2025,1,3,1,4,5,49366
1,9999,9999,2025,1,3,2,4,5,7648
1,47,189,2025,1,3,2,4,5,49284
1,9999,9999,2025,1,3,3,4,5,27545
1,47,189,2025,1,3,3,4,5,60362
1,9999,9999,2025,1,3,4,4,5,37982
1,47,189,2025,1,3,4,4,5,128379
1,9999,9999,2025,1,3,5,4,5,74911
1,47,189,2025,1,3,5,4,5,150813
1,9999,9999,2025,1,3,6,4,5,657
1,9999,9999,2025,1,3,7,4,5,38107
1,47,189,2025,1,3,7,4,5,58443
1,9999,9999,2025,1,3,8,4,5,29543
1,47,189,2025,1,3,8,4,5,51917
1,9999,9999,2025,1,3,9,4,5,183801
1,47,189,2025,1,3,9,4,5,119260
1,9999,9999,2025,1,3,10,4,5,14238
1,47,189,2025,1,3,10,4,5,34083
2,9999,9999,2025,1,3,1,4,1,16250
2,3,180,2025,1,3,1,4,1,12811
2,10,179,2025,1,3,1,4,1,33782
2,9999,9999,2025,1,3,2,4,1,7599
2,3,180,2025,1,3,2,4,1,7538
2,10,179,2025,1,3,2,4,1,10136
2,9999,9999,2025,1,3,3,4,1,23325
2,3,180,2025,1,3,3,4,1,13702
2,10,179,2025,1,3,3,4,1,25210
2,9999,9999,2025,1,3,4,4,1,12965
2,3,180,2025,1,3,4,4,1,16399
2,10,179,2025,1,3,4,4,1,21709
2,9999,9999,2025,1,3,5,4,1,47576
2,3,180,2025,1,3,5,4,1,10443
2,10,179,2025,1,3,5,4,1,23642
2,9999,9999,2025,1,3,6,4,1,2168
2,9999,9999,2025,1,3,7,4,1,17933
2,3,180,2025,1,3,7,4,1,4952
2,10,179,2025,1,3,7,4,1,13820
2,9999,9999,2025,1,3,8,4,1,18584
2,3,180,2025,1,3,8,4,1,3856
2,10,179,2025,1,3,8,4,1,18478
2,9999,9999,2025,1,3,9,4,1,60907
2,3,180,2025,1,3,9,4,1,19498
2,10,179,2025,1,3,9,4,1,21442
2,9999,9999,2025,1,3,10,4,1,6339
2,10,179,2025,1,3,10,4,1,3128
2,3,180,2025,1,3,1,4,2,2288
2,10,179,2025,1,3,1,4,2,1437
2,3,180,2025,1,3,2,4,2,894
2,10,179,2025,1,3,2,4,2,2312
2,9999,9999,2025,1,3,3,4,2,2681
2,3,180,2025,1,3,3,4,2,7388
2,10,179,2025,1,3,3,4,2,7261
2,9999,9999,2025,1,3,4,4,2,1378
2,3,180,2025,1,3,4,4,2,1929
2,10,179,2025,1,3,4,4,2,8752
2,9999,9999,2025,1,3,5,4,2,6233
2,3,180,2025,1,3,5,4,2,8852
2,10,179,2025,1,3,5,4,2,9937
2,10,179,2025,1,3,6,4,2,1341
2,9999,9999,2025,1,3,7,4,2,7816
2,3,180,2025,1,3,7,4,2,2133
2,10,179,2025,1,3,7,4,2,6868
2,9999,9999,2025,1,3,8,4,2,8090
2,3,180,2025,1,3,8,4,2,2316
2,10,179,2025,1,3,8,4,2,8448
2,9999,9999,2025,1,3,9,4,2,26062
2,3,180,2025,1,3,9,4,2,8412
2,10,179,2025,1,3,9,4,2,10158
2,9999,9999,2025,1,3,10,4,2,2884
2,3,180,2025,1,3,10,4,2,1245
2,10,179,2025,1,3,10,4,2,1238
2,9999,9999,2025,1,3,1,4,3,1346
2,10,179,2025,1,3,1,4,3,897
2,9999,9999,2025,1,3,3,4,3,3753
2,9999,9999,2025,1,3,4,4,3,810
2,3,180,2025,1,3,4,4,3,360
2,10,179,2025,1,3,4,4,3,329
2,9999,9999,2025,1,3,5,4,3,7665
2,3,180,2025,1,3,5,4,3,1119
2,10,179,2025,1,3,5,4,3,1090
2,9999,9999,2025,1,3,6,4,3,1819
2,9999,9999,2025,1,3,7,4,3,893
2,3,180,2025,1,3,7,4,3,678
2,10,179,2025,1,3,8,4,3,861
2,9999,9999,2025,1,3,9,4,3,11922
2,3,180,2025,1,3,9,4,3,825
2,10,179,2025,1,3,9,4,3,927
2,9999,9999,2025,1,3,10,4,3,1502
2,9999,9999,2025,1,3,1,4,4,796
2,10,179,2025,1,3,1,4,4,738
2,9999,9999,2025,1,3,2,4,4,1123
2,3,180,2025,1,3,2,4,4,719
2,10,179,2025,1,3,2,4,4,1766
2,9999,9999,2025,1,3,3,4,4,4351
2,9999,9999,2025,1,3,4,4,4,3479
2,3,180,2025,1,3,4,4,4,1535
2,10,179,2025,1,3,4,4,4,1920
2,9999,9999,2025,1,3,5,4,4,3209
2,3,180,2025,1,3,5,4,4,3060
2,10,179,2025,1,3,5,4,4,1580
2,10,179,2025,1,3,6,4,4,350
2,9999,9999,2025,1,3,7,4,4,1093
2,3,180,2025,1,3,7,4,4,556
2,10,179,2025,1,3,7,4,4,314
2,10,179,2025,1,3,8,4,4,3434
2,9999,9999,2025,1,3,9,4,4,4928
2,10,179,2025,1,3,9,4,4,5165
2,10,179,2025,1,3,10,4,4,797
2,9999,9999,2025,1,3,1,4,5,6885
2,3,180,2025,1,3,1,4,5,2312
2,10,179,2025,1,3,1,4,5,3693
2,9999,9999,2025,1,3,2,4,5,12848
2,3,180,2025,1,3,2,4,5,9157
2,10,179,2025,1,3,2,4,5,4844
2,9999,9999,2025,1,3,3,4,5,30982
2,3,180,2025,1,3,3,4,5,9496
2,10,179,2025,1,3,3,4,5,19982
2,9999,9999,2025,1,3,4,4,5,30059
2,3,180,2025,1,3,4,4,5,15064
2,10,179,2025,1,3,4,4,5,17461
2,9999,9999,2025,1,3,5,4,5,97148
2,3,180,2025,1,3,5,4,5,20683
2,10,179,2025,1,3,5,4,5,20658
2,9999,9999,2025,1,3,6,4,5,2270
2,3,180,2025,1,3,6,4,5,738
2,10,179,2025,1,3,6,4,5,1244
2,9999,9999,2025,1,3,7,4,5,30098
2,3,180,2025,1,3,7,4,5,12968
2,10,179,2025,1,3,7,4,5,18850
2,9999,9999,2025,1,3,8,4,5,26863
2,3,180,2025,1,3,8,4,5,12824
2,10,179,2025,1,3,8,4,5,14106
2,9999,9999,2025,1,3,9,4,5,153165
2,3,180,2025,1,3,9,4,5,29041
2,10,179,2025,1,3,9,4,5,22013
2,9999,9999,2025,1,3,10,4,5,35425
2,3,180,2025,1,3,10,4,5,6068
2,10,179,2025,1,3,10,4,5,5506
3,9999,9999,2025,1,3,1,4,1,18214
3,15,202,2025,1,3,1,4,1,13518
3,9999,9999,2025,1,3,2,4,1,10875
3,15,202,2025,1,3,2,4,1,12081
3,9999,9999,2025,1,3,3,4,1,6287
3,15,202,2025,1,3,3,4,1,13349
3,9999,9999,2025,1,3,4,4,1,9926
3,15,202,2025,1,3,4,4,1,13265
3,9999,9999,2025,1,3,5,4,1,22740
3,15,202,2025,1,3,5,4,1,15887
3,9999,9999,2025,1,3,6,4,1,636
3,9999,9999,2025,1,3,7,4,1,19272
3,15,202,2025,1,3,7,4,1,11332
3,9999,9999,2025,1,3,8,4,1,19908
3,15,202,2025,1,3,8,4,1,3612
3,9999,9999,2025,1,3,9,4,1,44764
3,15,202,2025,1,3,9,4,1,14527
3,9999,9999,2025,1,3,10,4,1,7594
3,15,202,2025,1,3,10,4,1,3789
3,9999,9999,2025,1,3,1,4,2,669
3,9999,9999,2025,1,3,3,4,2,4001
3,15,202,2025,1,3,3,4,2,598
3,9999,9999,2025,1,3,4,4,2,6774
3,15,202,2025,1,3,4,4,2,1492
3,9999,9999,2025,1,3,5,4,2,17217
3,15,202,2025,1,3,5,4,2,6767
3,9999,9999,2025,1,3,7,4,2,16045
3,15,202,2025,1,3,7,4,2,6596
3,9999,9999,2025,1,3,8,4,2,7730
3,15,202,2025,1,3,8,4,2,2097
3,9999,9999,2025,1,3,9,4,2,24077
3,15,202,2025,1,3,9,4,2,10331
3,9999,9999,2025,1,3,10,4,2,2974
3,15,202,2025,1,3,10,4,2,1238
3,9999,9999,2025,1,3,2,4,3,542
3,15,202,2025,1,3,2,4,3,1074
3,9999,9999,2025,1,3,3,4,3,1391
3,9999,9999,2025,1,3,4,4,3,1658
3,15,202,2025,1,3,4,4,3,2319
3,9999,9999,2025,1,3,5,4,3,1104
3,15,202,2025,1,3,5,4,3,1726
3,9999,9999,2025,1,3,7,4,3,1118
3,15,202,2025,1,3,7,4,3,681
3,9999,9999,2025,1,3,8,4,3,2335
3,15,202,2025,1,3,8,4,3,1910
3,9999,9999,2025,1,3,9,4,3,6715
3,15,202,2025,1,3,9,4,3,1406
3,9999,9999,2025,1,3,10,4,3,6776
3,15,202,2025,1,3,10,4,3,1393
3,9999,9999,2025,1,3,1,4,4,1711
3,15,202,2025,1,3,1,4,4,985
3,9999,9999,2025,1,3,3,4,4,4683
3,15,202,2025,1,3,3,4,4,732
3,9999,9999,2025,1,3,4,4,4,2373
3,15,202,2025,1,3,4,4,4,2082
3,9999,9999,2025,1,3,5,4,4,4570
3,15,202,2025,1,3,5,4,4,2601
3,9999,9999,2025,1,3,6,4,4,757
3,15,202,2025,1,3,7,4,4,1175
3,9999,9999,2025,1,3,8,4,4,2227
3,15,202,2025,1,3,8,4,4,663
3,9999,9999,2025,1,3,9,4,4,5784
3,15,202,2025,1,3,9,4,4,4216
3,9999,9999,2025,1,3,10,4,4,3654
3,9999,9999,2025,1,3,1,4,5,10087
3,15,202,2025,1,3,1,4,5,4622
3,9999,9999,2025,1,3,2,4,5,6879
3,15,202,2025,1,3,2,4,5,7940
3,9999,9999,2025,1,3,3,4,5,6218
3,15,202,2025,1,3,3,4,5,2237
3,9999,9999,2025,1,3,4,4,5,18051
3,15,202,2025,1,3,4,4,5,12226
3,9999,9999,2025,1,3,5,4,5,52284
3,15,202,2025,1,3,5,4,5,20435
3,15,202,2025,1,3,6,4,5,655
3,9999,9999,2025,1,3,7,4,5,26407
3,15,202,2025,1,3,7,4,5,10751
3,9999,9999,2025,1,3,8,4,5,9170
3,15,202,2025,1,3,8,4,5,6364
3,9999,9999,2025,1,3,9,4,5,77482
3,15,202,2025,1,3,9,4,5,21847
3,9999,9999,2025,1,3,10,4,5,12755
3,15,202,2025,1,3,10,4,5,6792
4,9999,9999,2025,1,3,1,4,1,37907
4,29,168,2025,1,3,1,4,1,79442
4,9999,9999,2025,1,3,2,4,1,29990
4,29,168,2025,1,3,2,4,1,27414
4,9999,9999,2025,1,3,3,4,1,49314
4,29,168,2025,1,3,3,4,1,63934
4,9999,9999,2025,1,3,4,4,1,14900
4,29,168,2025,1,3,4,4,1,46026
4,9999,9999,2025,1,3,5,4,1,48927
4,29,168,2025,1,3,5,4,1,58520
4,9999,9999,2025,1,3,6,4,1,3649
4,29,168,2025,1,3,6,4,1,2489
4,9999,9999,2025,1,3,7,4,1,30980
4,29,168,2025,1,3,7,4,1,29824
4,9999,9999,2025,1,3,8,4,1,14091
4,29,168,2025,1,3,8,4,1,29568
4,9999,9999,2025,1,3,9,4,1,49552
4,29,168,2025,1,3,9,4,1,51064
4,9999,9999,2025,1,3,10,4,1,10037
4,29,168,2025,1,3,10,4,1,6984
4,9999,9999,2025,1,3,1,4,2,4287
4,29,168,2025,1,3,1,4,2,7813
4,29,168,2025,1,3,2,4,2,2059
4,9999,9999,2025,1,3,3,4,2,7900
4,29,168,2025,1,3,3,4,2,2772
4,9999,9999,2025,1,3,4,4,2,6265
4,29,168,2025,1,3,4,4,2,6714
4,9999,9999,2025,1,3,5,4,2,27268
4,29,168,2025,1,3,5,4,2,19457
4,9999,9999,2025,1,3,7,4,2,22986
4,29,168,2025,1,3,7,4,2,20226
4,9999,9999,2025,1,3,8,4,2,21861
4,29,168,2025,1,3,8,4,2,9263
4,9999,9999,2025,1,3,9,4,2,48810
4,29,168,2025,1,3,9,4,2,25520
4,9999,9999,2025,1,3,10,4,2,16499
4,29,168,2025,1,3,10,4,2,9036
4,9999,9999,2025,1,3,1,4,3,1658
4,29,168,2025,1,3,1,4,3,3073
4,9999,9999,2025,1,3,2,4,3,1665
4,29,168,2025,1,3,2,4,3,631
4,9999,9999,2025,1,3,3,4,3,5563
4,29,168,2025,1,3,3,4,3,3903
4,9999,9999,2025,1,3,4,4,3,1621
4,29,168,2025,1,3,4,4,3,3213
4,9999,9999,2025,1,3,5,4,3,14338
4,29,168,2025,1,3,5,4,3,715
4,9999,9999,2025,1,3,7,4,3,1805
4,29,168,2025,1,3,7,4,3,1428
4,9999,9999,2025,1,3,8,4,3,3911
4,29,168,2025,1,3,8,4,3,4173
4,9999,9999,2025,1,3,9,4,3,16416
4,29,168,2025,1,3,9,4,3,533
4,29,168,2025,1,3,10,4,3,4691
4,29,168,2025,1,3,1,4,4,2295
4,29,168,2025,1,3,2,4,4,3766
4,9999,9999,2025,1,3,3,4,4,1022
4,29,168,2025,1,3,3,4,4,3874
4,9999,9999,2025,1,3,4,4,4,2754
4,29,168,2025,1,3,4,4,4,3316
4,9999,9999,2025,1,3,5,4,4,1208
4,29,168,2025,1,3,5,4,4,1896
4,9999,9999,2025,1,3,7,4,4,776
4,29,168,2025,1,3,7,4,4,1421
4,29,168,2025,1,3,8,4,4,1446
4,9999,9999,2025,1,3,9,4,4,5411
4,29,168,2025,1,3,9,4,4,3696
4,9999,9999,2025,1,3,10,4,4,2046
4,9999,9999,2025,1,3,1,4,5,24759
4,29,168,2025,1,3,1,4,5,31431
4,9999,9999,2025,1,3,2,4,5,17463
4,29,168,2025,1,3,2,4,5,18229
4,9999,9999,2025,1,3,3,4,5,70206
4,29,168,2025,1,3,3,4,5,60455
4,9999,9999,2025,1,3,4,4,5,98536
4,29,168,2025,1,3,4,4,5,80141
4,9999,9999,2025,1,3,5,4,5,199317
4,29,168,2025,1,3,5,4,5,177609
4,9999,9999,2025,1,3,6,4,5,7698
4,29,168,2025,1,3,6,4,5,724
4,9999,9999,2025,1,3,7,4,5,114309
4,29,168,2025,1,3,7,4,5,78326
4,9999,9999,2025,1,3,8,4,5,100369
4,29,168,2025,1,3,8,4,5,81564
4,9999,9999,2025,1,3,9,4,5,290558
4,29,168,2025,1,3,9,4,5,186686
4,9999,9999,2025,1,3,10,4,5,58588
4,29,168,2025,1,3,10,4,5,43582
5,9999,9999,2025,1,3,1,4,1,31284
5,9999,9999,2025,1,3,2,4,1,19827
5,9999,9999,2025,1,3,3,4,1,24810
5,9999,9999,2025,1,3,4,4,1,28910
5,9999,9999,2025,1,3,5,4,1,43622
5,9999,9999,2025,1,3,6,4,1,2195
5,9999,9999,2025,1,3,7,4,1,42071
5,9999,9999,2025,1,3,8,4,1,44103
5,9999,9999,2025,1,3,9,4,1,78916
5,9999,9999,2025,1,3,10,4,1,5666
5,9999,9999,2025,1,3,1,4,2,3826
5,9999,9999,2025,1,3,3,4,2,3380
5,9999,9999,2025,1,3,4,4,2,7669
5,9999,9999,2025,1,3,5,4,2,19707
5,9999,9999,2025,1,3,7,4,2,25758
5,9999,9999,2025,1,3,8,4,2,15258
5,9999,9999,2025,1,3,9,4,2,59994
5,9999,9999,2025,1,3,10,4,2,6693
5,9999,9999,2025,1,3,2,4,3,551
5,9999,9999,2025,1,3,4,4,3,1248
5,9999,9999,2025,1,3,5,4,3,2917
5,9999,9999,2025,1,3,9,4,3,6712
5,9999,9999,2025,1,3,10,4,3,475
5,9999,9999,2025,1,3,1,4,4,482
5,9999,9999,2025,1,3,2,4,4,1340
5,9999,9999,2025,1,3,3,4,4,1632
5,9999,9999,2025,1,3,4,4,4,2224
5,9999,9999,2025,1,3,5,4,4,3362
5,9999,9999,2025,1,3,7,4,4,1271
5,9999,9999,2025,1,3,8,4,4,1732
5,9999,9999,2025,1,3,9,4,4,4468
5,9999,9999,2025,1,3,10,4,4,2430
5,9999,9999,2025,1,3,1,4,5,11032
5,9999,9999,2025,1,3,2,4,5,12033
5,9999,9999,2025,1,3,3,4,5,31315
5,9999,9999,2025,1,3,4,4,5,34505
5,9999,9999,2025,1,3,5,4,5,82772
5,9999,9999,2025,1,3,6,4,5,1285
5,9999,9999,2025,1,3,7,4,5,47391
5,9999,9999,2025,1,3,8,4,5,26320
5,9999,9999,2025,1,3,9,4,5,115411
5,9999,9999,2025,1,3,10,4,5,22172
6,1,213,2025,1,3,1,4,1,59177
6,9999,9999,2025,1,3,1,4,1,42077
6,18,37,2025,1,3,1,4,1,132591
6,2,212,2025,1,3,1,4,1,137470
6,1,213,2025,1,3,2,4,1,30792
6,9999,9999,2025,1,3,2,4,1,11232
6,18,37,2025,1,3,2,4,1,75928
6,2,212,2025,1,3,2,4,1,102107
6,1,213,2025,1,3,3,4,1,71863
6,9999,9999,2025,1,3,3,4,1,20262
6,18,37,2025,1,3,3,4,1,65503
6,2,212,2025,1,3,3,4,1,70798
6,1,213,2025,1,3,4,4,1,75506
6,9999,9999,2025,1,3,4,4,1,37983
6,18,37,2025,1,3,4,4,1,74229
6,2,212,2025,1,3,4,4,1,71178
6,1,213,2025,1,3,5,4,1,46923
6,9999,9999,2025,1,3,5,4,1,21625
6,18,37,2025,1,3,5,4,1,79234
6,2,212,2025,1,3,5,4,1,104568
6,9999,9999,2025,1,3,6,4,1,1663
6,2,212,2025,1,3,6,4,1,1167
6,18,37,2025,1,3,6,4,1,895
6,1,213,2025,1,3,7,4,1,42969
6,9999,9999,2025,1,3,7,4,1,45223
6,18,37,2025,1,3,7,4,1,34565
6,2,212,2025,1,3,7,4,1,67319
6,1,213,2025,1,3,8,4,1,30775
6,9999,9999,2025,1,3,8,4,1,23454
6,18,37,2025,1,3,8,4,1,24174
6,2,212,2025,1,3,8,4,1,41203
6,1,213,2025,1,3,9,4,1,37451
6,9999,9999,2025,1,3,9,4,1,14954
6,18,37,2025,1,3,9,4,1,57247
6,2,212,2025,1,3,9,4,1,76097
6,2,212,2025,1,3,10,4,1,30783
6,9999,9999,2025,1,3,10,4,1,5536
6,1,213,2025,1,3,10,4,1,9075
6,18,37,2025,1,3,10,4,1,14269
6,18,37,2025,1,3,1,4,2,23763
6,9999,9999,2025,1,3,1,4,2,1955
6,1,213,2025,1,3,1,4,2,7781
6,2,212,2025,1,3,1,4,2,22325
6,9999,9999,2025,1,3,2,4,2,2347
6,2,212,2025,1,3,2,4,2,19883
6,18,37,2025,1,3,2,4,2,11589
6,1,213,2025,1,3,3,4,2,14518
6,9999,9999,2025,1,3,3,4,2,8100
6,18,37,2025,1,3,3,4,2,14013
6,2,212,2025,1,3,3,4,2,20263
6,1,213,2025,1,3,4,4,2,24858
6,9999,9999,2025,1,3,4,4,2,6140
6,18,37,2025,1,3,4,4,2,23869
6,2,212,2025,1,3,4,4,2,27155
6,1,213,2025,1,3,5,4,2,36068
6,9999,9999,2025,1,3,5,4,2,20774
6,18,37,2025,1,3,5,4,2,22917
6,2,212,2025,1,3,5,4,2,49859
6,9999,9999,2025,1,3,6,4,2,2236
6,1,213,2025,1,3,6,4,2,157
6,2,212,2025,1,3,6,4,2,1309
6,1,213,2025,1,3,7,4,2,40267
6,9999,9999,2025,1,3,7,4,2,12186
6,18,37,2025,1,3,7,4,2,15215
6,2,212,2025,1,3,7,4,2,51603
6,1,213,2025,1,3,8,4,2,24193
6,9999,9999,2025,1,3,8,4,2,5244
6,18,37,2025,1,3,8,4,2,16609
6,2,212,2025,1,3,8,4,2,43163
6,1,213,2025,1,3,9,4,2,56854
6,9999,9999,2025,1,3,9,4,2,23696
6,18,37,2025,1,3,9,4,2,27214
6,2,212,2025,1,3,9,4,2,62724
6,1,213,2025,1,3,10,4,2,13738
6,9999,9999,2025,1,3,10,4,2,6299
6,18,37,2025,1,3,10,4,2,11164
6,2,212,2025,1,3,10,4,2,18376
6,1,213,2025,1,3,1,4,3,1074
6,2,212,2025,1,3,1,4,3,1006
6,18,37,2025,1,3,1,4,3,1713
6,9999,9999,2025,1,3,2,4,3,1165
6,18,37,2025,1,3,2,4,3,2974
6,9999,9999,2025,1,3,3,4,3,559
6,1,213,2025,1,3,3,4,3,1232
6,2,212,2025,1,3,3,4,3,3960
6,18,37,2025,1,3,3,4,3,1591
6,1,213,2025,1,3,4,4,3,749
6,9999,9999,2025,1,3,4,4,3,1426
6,18,37,2025,1,3,4,4,3,1869
6,2,212,2025,1,3,4,4,3,9480
6,2,212,2025,1,3,5,4,3,1827
6,9999,9999,2025,1,3,5,4,3,3251
6,1,213,2025,1,3,5,4,3,5208
6,18,37,2025,1,3,5,4,3,3745
6,9999,9999,2025,1,3,7,4,3,1367
6,18,37,2025,1,3,7,4,3,688
6,2,212,2025,1,3,7,4,3,392
6,9999,9999,2025,1,3,8,4,3,1271
6,1,213,2025,1,3,8,4,3,875
6,2,212,2025,1,3,8,4,3,1399
6,18,37,2025,1,3,8,4,3,1878
6,2,212,2025,1,3,9,4,3,2367
6,1,213,2025,1,3,9,4,3,2412
6,18,37,2025,1,3,9,4,3,5235
6,9999,9999,2025,1,3,10,4,3,1263
6,2,212,2025,1,3,10,4,3,3505
6,1,213,2025,1,3,10,4,3,843
6,18,37,2025,1,3,10,4,3,4236
6,18,37,2025,1,3,1,4,4,8649
6,9999,9999,2025,1,3,1,4,4,1002
6,1,213,2025,1,3,1,4,4,1803
6,2,212,2025,1,3,1,4,4,19035
6,1,213,2025,1,3,2,4,4,803
6,18,37,2025,1,3,2,4,4,3976
6,2,212,2025,1,3,2,4,4,983
6,18,37,2025,1,3,3,4,4,7410
6,9999,9999,2025,1,3,3,4,4,2825
6,1,213,2025,1,3,3,4,4,2317
6,2,212,2025,1,3,3,4,4,4219
6,1,213,2025,1,3,4,4,4,5709
6,9999,9999,2025,1,3,4,4,4,2384
6,18,37,2025,1,3,4,4,4,13350
6,2,212,2025,1,3,4,4,4,5481
6,1,213,2025,1,3,5,4,4,7096
6,9999,9999,2025,1,3,5,4,4,5942
6,18,37,2025,1,3,5,4,4,2137
6,2,212,2025,1,3,5,4,4,7530
6,2,212,2025,1,3,7,4,4,1737
6,9999,9999,2025,1,3,7,4,4,2274
6,1,213,2025,1,3,7,4,4,4048
6,18,37,2025,1,3,7,4,4,1721
6,1,213,2025,1,3,8,4,4,1668
6,18,37,2025,1,3,8,4,4,1948
6,2,212,2025,1,3,8,4,4,6637
6,2,212,2025,1,3,9,4,4,1830
6,9999,9999,2025,1,3,9,4,4,1481
6,1,213,2025,1,3,9,4,4,3102
6,18,37,2025,1,3,9,4,4,3406
6,9999,9999,2025,1,3,10,4,4,2306
6,1,213,2025,1,3,10,4,4,899
6,2,212,2025,1,3,10,4,4,2366
6,18,37,2025,1,3,10,4,4,843
6,1,213,2025,1,3,1,4,5,31271
6,9999,9999,2025,1,3,1,4,5,7453
6,18,37,2025,1,3,1,4,5,46183
6,2,212,2025,1,3,1,4,5,50915
6,1,213,2025,1,3,2,4,5,18047
6,9999,9999,2025,1,3,2,4,5,5464
6,18,37,2025,1,3,2,4,5,54675
6,2,212,2025,1,3,2,4,5,51699
6,1,213,2025,1,3,3,4,5,51352
6,9999,9999,2025,1,3,3,4,5,22701
6,18,37,2025,1,3,3,4,5,38845
6,2,212,2025,1,3,3,4,5,81127
6,1,213,2025,1,3,4,4,5,87403
6,9999,9999,2025,1,3,4,4,5,26916
6,18,37,2025,1,3,4,4,5,87726
6,2,212,2025,1,3,4,4,5,135434
6,1,213,2025,1,3,5,4,5,110550
6,9999,9999,2025,1,3,5,4,5,70182
6,18,37,2025,1,3,5,4,5,71826
6,2,212,2025,1,3,5,4,5,205038
6,2,212,2025,1,3,6,4,5,1063
6,1,213,2025,1,3,6,4,5,529
6,18,37,2025,1,3,6,4,5,1431
6,1,213,2025,1,3,7,4,5,51867
6,9999,9999,2025,1,3,7,4,5,40829
6,18,37,2025,1,3,7,4,5,45549
6,2,212,2025,1,3,7,4,5,65450
6,1,213,2025,1,3,8,4,5,59042
6,9999,9999,2025,1,3,8,4,5,31908
6,18,37,2025,1,3,8,4,5,24970
6,2,212,2025,1,3,8,4,5,67740
6,1,213,2025,1,3,9,4,5,109657
6,9999,9999,2025,1,3,9,4,5,71016
6,18,37,2025,1,3,9,4,5,91160
6,2,212,2025,1,3,9,4,5,176433
6,1,213,2025,1,3,10,4,5,19042
6,9999,9999,2025,1,3,10,4,5,14560
6,18,37,2025,1,3,10,4,5,24542
6,2,212,2025,1,3,10,4,5,49368
7,9999,9999,2025,1,3,1,4,1,41316
7,9999,9999,2025,1,3,2,4,1,30160
7,9999,9999,2025,1,3,3,4,1,44206
7,9999,9999,2025,1,3,4,4,1,28193
7,9999,9999,2025,1,3,5,4,1,46283
7,9999,9999,2025,1,3,6,4,1,1881
7,9999,9999,2025,1,3,7,4,1,60672
7,9999,9999,2025,1,3,8,4,1,41481
7,9999,9999,2025,1,3,9,4,1,80963
7,9999,9999,2025,1,3,10,4,1,17009
7,9999,9999,2025,1,3,1,4,2,3445
7,9999,9999,2025,1,3,2,4,2,1296
7,9999,9999,2025,1,3,3,4,2,9992
7,9999,9999,2025,1,3,4,4,2,5044
7,9999,9999,2025,1,3,5,4,2,25139
7,9999,9999,2025,1,3,7,4,2,38936
7,9999,9999,2025,1,3,8,4,2,19898
7,9999,9999,2025,1,3,9,4,2,54930
7,9999,9999,2025,1,3,10,4,2,8109
7,9999,9999,2025,1,3,1,4,3,3191
7,9999,9999,2025,1,3,2,4,3,1733
7,9999,9999,2025,1,3,3,4,3,1153
7,9999,9999,2025,1,3,4,4,3,505
7,9999,9999,2025,1,3,5,4,3,3003
7,9999,9999,2025,1,3,7,4,3,2901
7,9999,9999,2025,1,3,8,4,3,1883
7,9999,9999,2025,1,3,9,4,3,13745
7,9999,9999,2025,1,3,10,4,3,2551
7,9999,9999,2025,1,3,1,4,4,2525
7,9999,9999,2025,1,3,2,4,4,1553
7,9999,9999,2025,1,3,3,4,4,5955
7,9999,9999,2025,1,3,4,4,4,1289
7,9999,9999,2025,1,3,5,4,4,3054
7,9999,9999,2025,1,3,7,4,4,8506
7,9999,9999,2025,1,3,8,4,4,912
7,9999,9999,2025,1,3,9,4,4,8526
7,9999,9999,2025,1,3,10,4,4,2113
7,9999,9999,2025,1,3,1,4,5,17003
7,9999,9999,2025,1,3,2,4,5,15228
7,9999,9999,2025,1,3,3,4,5,56046
7,9999,9999,2025,1,3,4,4,5,59339
7,9999,9999,2025,1,3,5,4,5,108140
7,9999,9999,2025,1,3,6,4,5,1456
7,9999,9999,2025,1,3,7,4,5,54676
7,9999,9999,2025,1,3,8,4,5,45700
7,9999,9999,2025,1,3,9,4,5,198799
7,9999,9999,2025,1,3,10,4,5,31109
8,9999,9999,2025,1,3,1,4,1,38277
8,9999,9999,2025,1,3,2,4,1,51131
8,9999,9999,2025,1,3,3,4,1,40145
8,9999,9999,2025,1,3,4,4,1,49810
8,9999,9999,2025,1,3,5,4,1,77828
8,9999,9999,2025,1,3,6,4,1,4412
8,9999,9999,2025,1,3,7,4,1,95375
8,9999,9999,2025,1,3,8,4,1,42057
8,9999,9999,2025,1,3,9,4,1,137131
8,9999,9999,2025,1,3,10,4,1,28947
8,9999,9999,2025,1,3,1,4,2,3481
8,9999,9999,2025,1,3,2,4,2,4625
8,9999,9999,2025,1,3,3,4,2,4789
8,9999,9999,2025,1,3,4,4,2,6358
8,9999,9999,2025,1,3,5,4,2,19856
8,9999,9999,2025,1,3,6,4,2,293
8,9999,9999,2025,1,3,7,4,2,23870
8,9999,9999,2025,1,3,8,4,2,14795
8,9999,9999,2025,1,3,9,4,2,36643
8,9999,9999,2025,1,3,10,4,2,5959
8,9999,9999,2025,1,3,1,4,3,5591
8,9999,9999,2025,1,3,2,4,3,3573
8,9999,9999,2025,1,3,3,4,3,4275
8,9999,9999,2025,1,3,4,4,3,2440
8,9999,9999,2025,1,3,5,4,3,9584
8,9999,9999,2025,1,3,7,4,3,4980
8,9999,9999,2025,1,3,8,4,3,515
8,9999,9999,2025,1,3,9,4,3,12571
8,9999,9999,2025,1,3,10,4,3,9817
8,9999,9999,2025,1,3,1,4,4,804
8,9999,9999,2025,1,3,2,4,4,3286
8,9999,9999,2025,1,3,3,4,4,3885
8,9999,9999,2025,1,3,4,4,4,2263
8,9999,9999,2025,1,3,5,4,4,9237
8,9999,9999,2025,1,3,7,4,4,5074
8,9999,9999,2025,1,3,8,4,4,2253
8,9999,9999,2025,1,3,9,4,4,15976
8,9999,9999,2025,1,3,10,4,4,2301
8,9999,9999,2025,1,3,1,4,5,18592
8,9999,9999,2025,1,3,2,4,5,28853
8,9999,9999,2025,1,3,3,4,5,34564
8,9999,9999,2025,1,3,4,4,5,56079
8,9999,9999,2025,1,3,5,4,5,128809
8,9999,9999,2025,1,3,6,4,5,5384
8,9999,9999,2025,1,3,7,4,5,108933
8,9999,9999,2025,1,3,8,4,5,45919
8,9999,9999,2025,1,3,9,4,5,247167
8,9999,9999,2025,1,3,10,4,5,29471
9,9999,9999,2025,1,3,1,4,1,11611
9,9999,9999,2025,1,3,2,4,1,5363
9,9999,9999,2025,1,3,3,4,1,12265
9,9999,9999,2025,1,3,4,4,1,6955
9,9999,9999,2025,1,3,5,4,1,16514
9,9999,9999,2025,1,3,6,4,1,2710
9,9999,9999,2025,1,3,7,4,1,9929
9,9999,9999,2025,1,3,8,4,1,13161
9,9999,9999,2025,1,3,9,4,1,17439
9,9999,9999,2025,1,3,10,4,1,2935
9,9999,9999,2025,1,3,1,4,2,452
9,9999,9999,2025,1,3,2,4,2,452
9,9999,9999,2025,1,3,3,4,2,3152
9,9999,9999,2025,1,3,4,4,2,5942
9,9999,9999,2025,1,3,5,4,2,13766
9,9999,9999,2025,1,3,7,4,2,10443
9,9999,9999,2025,1,3,8,4,2,6846
9,9999,9999,2025,1,3,9,4,2,25741
9,9999,9999,2025,1,3,10,4,2,6814
9,9999,9999,2025,1,3,3,4,3,448
9,9999,9999,2025,1,3,4,4,3,936
9,9999,9999,2025,1,3,5,4,3,1133
9,9999,9999,2025,1,3,7,4,3,938
9,9999,9999,2025,1,3,9,4,3,2350
9,9999,9999,2025,1,3,10,4,3,121
9,9999,9999,2025,1,3,1,4,4,1440
9,9999,9999,2025,1,3,2,4,4,892
9,9999,9999,2025,1,3,3,4,4,522
9,9999,9999,2025,1,3,4,4,4,3600
9,9999,9999,2025,1,3,5,4,4,937
9,9999,9999,2025,1,3,7,4,4,1390
9,9999,9999,2025,1,3,8,4,4,462
9,9999,9999,2025,1,3,9,4,4,344
9,9999,9999,2025,1,3,10,4,4,734
9,9999,9999,2025,1,3,1,4,5,5140
9,9999,9999,2025,1,3,2,4,5,3334
9,9999,9999,2025,1,3,3,4,5,3669
9,9999,9999,2025,1,3,4,4,5,13073
9,9999,9999,2025,1,3,5,4,5,30430
9,9999,9999,2025,1,3,6,4,5,2096
9,9999,9999,2025,1,3,7,4,5,8519
9,9999,9999,2025,1,3,8,4,5,8773
9,9999,9999,2025,1,3,9,4,5,72324
9,9999,9999,2025,1,3,10,4,5,6500
1,9999,9999,2025,1,3,5,5,1,626
1,47,189,2025,1,3,7,5,1,1616
1,9999,9999,2025,1,3,9,5,1,3682
1,47,189,2025,1,3,9,5,1,1292
1,47,189,2025,1,3,10,5,1,463
1,47,189,2025,1,3,1,5,2,746
1,47,189,2025,1,3,3,5,2,530
1,9999,9999,2025,1,3,5,5,2,614
1,47,189,2025,1,3,5,5,2,924
1,47,189,2025,1,3,6,5,2,1468
1,9999,9999,2025,1,3,7,5,2,7805
1,47,189,2025,1,3,7,5,2,4953
1,9999,9999,2025,1,3,8,5,2,2411
1,47,189,2025,1,3,8,5,2,2389
1,9999,9999,2025,1,3,9,5,2,43149
1,47,189,2025,1,3,9,5,2,9004
1,9999,9999,2025,1,3,10,5,2,8333
1,47,189,2025,1,3,10,5,2,3365
1,47,189,2025,1,3,1,5,3,1009
1,47,189,2025,1,3,3,5,3,1281
1,9999,9999,2025,1,3,4,5,3,1082
1,47,189,2025,1,3,4,5,3,1766
1,9999,9999,2025,1,3,5,5,3,2645
1,47,189,2025,1,3,5,5,3,4284
1,9999,9999,2025,1,3,7,5,3,4899
1,47,189,2025,1,3,7,5,3,5144
1,9999,9999,2025,1,3,8,5,3,1290
1,9999,9999,2025,1,3,9,5,3,30092
1,47,189,2025,1,3,9,5,3,4442
1,9999,9999,2025,1,3,10,5,3,4039
1,47,189,2025,1,3,10,5,3,4063
1,9999,9999,2025,1,3,1,5,4,8624
1,47,189,2025,1,3,1,5,4,18720
1,9999,9999,2025,1,3,2,5,4,2035
1,47,189,2025,1,3,2,5,4,874
1,9999,9999,2025,1,3,3,5,4,4981
1,47,189,2025,1,3,3,5,4,13390
1,9999,9999,2025,1,3,4,5,4,14971
1,47,189,2025,1,3,4,5,4,32938
1,9999,9999,2025,1,3,5,5,4,40459
1,47,189,2025,1,3,5,5,4,90945
1,9999,9999,2025,1,3,7,5,4,33308
1,47,189,2025,1,3,7,5,4,70428
1,9999,9999,2025,1,3,8,5,4,39190
1,47,189,2025,1,3,8,5,4,57395
1,9999,9999,2025,1,3,9,5,4,210058
1,47,189,2025,1,3,9,5,4,140243
1,9999,9999,2025,1,3,10,5,4,30513
1,47,189,2025,1,3,10,5,4,43013
1,9999,9999,2025,1,3,1,5,5,28549
1,47,189,2025,1,3,1,5,5,61361
1,9999,9999,2025,1,3,2,5,5,1771
1,47,189,2025,1,3,2,5,5,10476
1,9999,9999,2025,1,3,3,5,5,25607
1,47,189,2025,1,3,3,5,5,67827
1,9999,9999,2025,1,3,4,5,5,48333
1,47,189,2025,1,3,4,5,5,160850
1,9999,9999,2025,1,3,5,5,5,80495
1,47,189,2025,1,3,5,5,5,168684
1,9999,9999,2025,1,3,7,5,5,33135
1,47,189,2025,1,3,7,5,5,58913
1,9999,9999,2025,1,3,8,5,5,23308
1,47,189,2025,1,3,8,5,5,53623
1,9999,9999,2025,1,3,9,5,5,86950
1,47,189,2025,1,3,9,5,5,109304
1,9999,9999,2025,1,3,10,5,5,3525
1,47,189,2025,1,3,10,5,5,18365
1,9999,9999,2025,1,3,1,5,6,28962
1,47,189,2025,1,3,1,5,6,144301
1,9999,9999,2025,1,3,2,5,6,43940
1,47,189,2025,1,3,2,5,6,141828
1,9999,9999,2025,1,3,3,5,6,38800
1,47,189,2025,1,3,3,5,6,97222
1,9999,9999,2025,1,3,4,5,6,21739
1,47,189,2025,1,3,4,5,6,61439
1,9999,9999,2025,1,3,5,5,6,13572
1,47,189,2025,1,3,5,5,6,32948
1,9999,9999,2025,1,3,6,5,6,824
1,9999,9999,2025,1,3,7,5,6,6342
1,47,189,2025,1,3,7,5,6,21549
1,9999,9999,2025,1,3,8,5,6,1704
1,47,189,2025,1,3,8,5,6,14647
1,9999,9999,2025,1,3,9,5,6,7276
1,47,189,2025,1,3,9,5,6,8480
1,47,189,2025,1,3,10,5,6,3126
1,47,189,2025,1,3,1,5,7,15499
1,47,189,2025,1,3,2,5,7,658
1,9999,9999,2025,1,3,3,5,7,1201
1,47,189,2025,1,3,3,5,7,5812
1,9999,9999,2025,1,3,4,5,7,3136
1,47,189,2025,1,3,4,5,7,4762
1,9999,9999,2025,1,3,5,5,7,3574
1,47,189,2025,1,3,5,5,7,9058
1,9999,9999,2025,1,3,6,5,7,657
1,9999,9999,2025,1,3,7,5,7,8109
1,47,189,2025,1,3,7,5,7,14075
1,9999,9999,2025,1,3,8,5,7,5599
1,47,189,2025,1,3,8,5,7,3808
1,9999,9999,2025,1,3,9,5,7,21268
1,47,189,2025,1,3,9,5,7,10696
1,9999,9999,2025,1,3,10,5,7,669
1,47,189,2025,1,3,10,5,7,11183
2,3,180,2025,1,3,3,5,1,1096
2,3,180,2025,1,3,4,5,1,1178
2,9999,9999,2025,1,3,5,5,1,1310
2,9999,9999,2025,1,3,9,5,1,822
2,9999,9999,2025,1,3,10,5,1,783
2,9999,9999,2025,1,3,1,5,2,2442
2,9999,9999,2025,1,3,5,5,2,2192
2,3,180,2025,1,3,5,5,2,1239
2,9999,9999,2025,1,3,6,5,2,876
2,9999,9999,2025,1,3,7,5,2,4097
2,3,180,2025,1,3,7,5,2,693
2,9999,9999,2025,1,3,8,5,2,4282
2,9999,9999,2025,1,3,9,5,2,47334
2,3,180,2025,1,3,9,5,2,1182
2,10,179,2025,1,3,9,5,2,3105
2,9999,9999,2025,1,3,10,5,2,10108
2,3,180,2025,1,3,10,5,2,600
2,10,179,2025,1,3,10,5,2,708
2,9999,9999,2025,1,3,1,5,3,285
2,9999,9999,2025,1,3,3,5,3,1404
2,9999,9999,2025,1,3,5,5,3,5169
2,3,180,2025,1,3,5,5,3,1591
2,9999,9999,2025,1,3,6,5,3,1292
2,9999,9999,2025,1,3,7,5,3,3134
2,3,180,2025,1,3,7,5,3,319
2,10,179,2025,1,3,7,5,3,964
2,9999,9999,2025,1,3,8,5,3,5132
2,10,179,2025,1,3,8,5,3,1170
2,9999,9999,2025,1,3,9,5,3,23084
2,3,180,2025,1,3,9,5,3,4660
2,10,179,2025,1,3,9,5,3,1595
2,9999,9999,2025,1,3,10,5,3,3871
2,3,180,2025,1,3,10,5,3,800
2,9999,9999,2025,1,3,1,5,4,6363
2,3,180,2025,1,3,1,5,4,1445
2,10,179,2025,1,3,1,5,4,4834
2,9999,9999,2025,1,3,2,5,4,1819
2,9999,9999,2025,1,3,3,5,4,3847
2,3,180,2025,1,3,3,5,4,2152
2,10,179,2025,1,3,3,5,4,4424
2,9999,9999,2025,1,3,4,5,4,7139
2,3,180,2025,1,3,4,5,4,1248
2,10,179,2025,1,3,4,5,4,2382
2,9999,9999,2025,1,3,5,5,4,63484
2,3,180,2025,1,3,5,5,4,13683
2,10,179,2025,1,3,5,5,4,20007
2,9999,9999,2025,1,3,6,5,4,3077
2,10,179,2025,1,3,6,5,4,2935
2,9999,9999,2025,1,3,7,5,4,28553
2,3,180,2025,1,3,7,5,4,7568
2,10,179,2025,1,3,7,5,4,15042
2,9999,9999,2025,1,3,8,5,4,30381
2,3,180,2025,1,3,8,5,4,6121
2,10,179,2025,1,3,8,5,4,12998
2,9999,9999,2025,1,3,9,5,4,129464
2,3,180,2025,1,3,9,5,4,27595
2,10,179,2025,1,3,9,5,4,29049
2,9999,9999,2025,1,3,10,5,4,25053
2,3,180,2025,1,3,10,5,4,5178
2,10,179,2025,1,3,10,5,4,7034
2,9999,9999,2025,1,3,1,5,5,7245
2,3,180,2025,1,3,1,5,5,3883
2,10,179,2025,1,3,1,5,5,17891
2,9999,9999,2025,1,3,2,5,5,1705
2,10,179,2025,1,3,2,5,5,1304
2,9999,9999,2025,1,3,3,5,5,12454
2,3,180,2025,1,3,3,5,5,7568
2,10,179,2025,1,3,3,5,5,22362
2,9999,9999,2025,1,3,4,5,5,30525
2,3,180,2025,1,3,4,5,5,15471
2,10,179,2025,1,3,4,5,5,36916
2,9999,9999,2025,1,3,5,5,5,71283
2,3,180,2025,1,3,5,5,5,22651
2,10,179,2025,1,3,5,5,5,29754
2,9999,9999,2025,1,3,6,5,5,660
2,3,180,2025,1,3,6,5,5,738
2,9999,9999,2025,1,3,7,5,5,17886
2,3,180,2025,1,3,7,5,5,10713
2,10,179,2025,1,3,7,5,5,19789
2,9999,9999,2025,1,3,8,5,5,12046
2,3,180,2025,1,3,8,5,5,8335
2,10,179,2025,1,3,8,5,5,24796
2,9999,9999,2025,1,3,9,5,5,46076
2,3,180,2025,1,3,9,5,5,20471
2,10,179,2025,1,3,9,5,5,21019
2,9999,9999,2025,1,3,10,5,5,3310
2,3,180,2025,1,3,10,5,5,734
2,10,179,2025,1,3,10,5,5,2928
2,9999,9999,2025,1,3,1,5,6,8943
2,3,180,2025,1,3,1,5,6,12083
2,10,179,2025,1,3,1,5,6,17822
2,9999,9999,2025,1,3,2,5,6,18046
2,3,180,2025,1,3,2,5,6,18308
2,10,179,2025,1,3,2,5,6,17754
2,9999,9999,2025,1,3,3,5,6,47386
2,3,180,2025,1,3,3,5,6,18774
2,10,179,2025,1,3,3,5,6,25666
2,9999,9999,2025,1,3,4,5,6,10036
2,3,180,2025,1,3,4,5,6,17030
2,10,179,2025,1,3,4,5,6,10874
2,9999,9999,2025,1,3,5,5,6,17870
2,3,180,2025,1,3,5,5,6,4993
2,10,179,2025,1,3,5,5,6,7147
2,9999,9999,2025,1,3,6,5,6,352
2,9999,9999,2025,1,3,7,5,6,1225
2,3,180,2025,1,3,7,5,6,1994
2,10,179,2025,1,3,7,5,6,4057
2,3,180,2025,1,3,8,5,6,3769
2,10,179,2025,1,3,8,5,6,6363
2,9999,9999,2025,1,3,9,5,6,8121
2,3,180,2025,1,3,9,5,6,3869
2,10,179,2025,1,3,9,5,6,4937
2,3,180,2025,1,3,3,5,7,996
2,9999,9999,2025,1,3,4,5,7,989
2,3,180,2025,1,3,4,5,7,360
2,9999,9999,2025,1,3,5,5,7,523
2,9999,9999,2025,1,3,7,5,7,2938
2,9999,9999,2025,1,3,8,5,7,1695
2,3,180,2025,1,3,8,5,7,771
2,9999,9999,2025,1,3,9,5,7,2083
2,9999,9999,2025,1,3,10,5,7,3026
3,9999,9999,2025,1,3,3,5,1,579
3,9999,9999,2025,1,3,9,5,1,940
3,9999,9999,2025,1,3,10,5,1,177
3,15,202,2025,1,3,10,5,1,395
3,15,202,2025,1,3,1,5,2,1105
3,15,202,2025,1,3,4,5,2,418
3,9999,9999,2025,1,3,5,5,2,1388
3,15,202,2025,1,3,5,5,2,1271
3,9999,9999,2025,1,3,7,5,2,1033
3,15,202,2025,1,3,7,5,2,1433
3,9999,9999,2025,1,3,9,5,2,17309
3,15,202,2025,1,3,9,5,2,2581
3,9999,9999,2025,1,3,10,5,2,6980
3,15,202,2025,1,3,10,5,2,2673
3,9999,9999,2025,1,3,5,5,3,1912
3,15,202,2025,1,3,5,5,3,710
3,9999,9999,2025,1,3,7,5,3,1777
3,15,202,2025,1,3,7,5,3,653
3,9999,9999,2025,1,3,8,5,3,2838
3,9999,9999,2025,1,3,9,5,3,10102
3,15,202,2025,1,3,9,5,3,1098
3,9999,9999,2025,1,3,10,5,3,1504
3,15,202,2025,1,3,10,5,3,2727
3,9999,9999,2025,1,3,1,5,4,5690
3,15,202,2025,1,3,1,5,4,878
3,9999,9999,2025,1,3,3,5,4,639
3,15,202,2025,1,3,3,5,4,1105
3,9999,9999,2025,1,3,4,5,4,5186
3,15,202,2025,1,3,4,5,4,4782
3,9999,9999,2025,1,3,5,5,4,45134
3,15,202,2025,1,3,5,5,4,11168
3,9999,9999,2025,1,3,6,5,4,1393
3,9999,9999,2025,1,3,7,5,4,36035
3,15,202,2025,1,3,7,5,4,14534
3,9999,9999,2025,1,3,8,5,4,18777
3,15,202,2025,1,3,8,5,4,6969
3,9999,9999,2025,1,3,9,5,4,89916
3,15,202,2025,1,3,9,5,4,23481
3,9999,9999,2025,1,3,10,5,4,16852
3,15,202,2025,1,3,10,5,4,5190
3,9999,9999,2025,1,3,1,5,5,9459
3,15,202,2025,1,3,1,5,5,7453
3,9999,9999,2025,1,3,2,5,5,1304
3,15,202,2025,1,3,2,5,5,586
3,9999,9999,2025,1,3,3,5,5,5895
3,15,202,2025,1,3,3,5,5,2382
3,9999,9999,2025,1,3,4,5,5,22612
3,15,202,2025,1,3,4,5,5,17540
3,9999,9999,2025,1,3,5,5,5,37796
3,15,202,2025,1,3,5,5,5,26469
3,15,202,2025,1,3,6,5,5,655
3,9999,9999,2025,1,3,7,5,5,15826
3,15,202,2025,1,3,7,5,5,10369
3,9999,9999,2025,1,3,8,5,5,18131
3,15,202,2025,1,3,8,5,5,5620
3,9999,9999,2025,1,3,9,5,5,33121
3,15,202,2025,1,3,9,5,5,24855
3,9999,9999,2025,1,3,10,5,5,7285
3,15,202,2025,1,3,10,5,5,2227
3,9999,9999,2025,1,3,1,5,6,14581
3,15,202,2025,1,3,1,5,6,9689
3,9999,9999,2025,1,3,2,5,6,16992
3,15,202,2025,1,3,2,5,6,20509
3,9999,9999,2025,1,3,3,5,6,15466
3,15,202,2025,1,3,3,5,6,13430
3,9999,9999,2025,1,3,4,5,6,10985
3,15,202,2025,1,3,4,5,6,8644
3,9999,9999,2025,1,3,5,5,6,11684
3,15,202,2025,1,3,5,5,6,6431
3,9999,9999,2025,1,3,7,5,6,6081
3,15,202,2025,1,3,7,5,6,3547
3,9999,9999,2025,1,3,8,5,6,1625
3,15,202,2025,1,3,8,5,6,1506
3,9999,9999,2025,1,3,9,5,6,7434
3,9999,9999,2025,1,3,10,5,6,955
3,9999,9999,2025,1,3,1,5,7,951
3,15,202,2025,1,3,5,5,7,1366
3,9999,9999,2025,1,3,7,5,7,2089
3,15,202,2025,1,3,8,5,7,551
3,15,202,2025,1,3,9,5,7,312
4,9999,9999,2025,1,3,3,5,1,1837
4,9999,9999,2025,1,3,4,5,1,1590
4,9999,9999,2025,1,3,5,5,1,4086
4,29,168,2025,1,3,5,5,1,1065
4,9999,9999,2025,1,3,6,5,1,2952
4,9999,9999,2025,1,3,7,5,1,2493
4,29,168,2025,1,3,7,5,1,6150
4,29,168,2025,1,3,9,5,1,1990
4,9999,9999,2025,1,3,9,5,1,13789
4,29,168,2025,1,3,10,5,1,5173
4,9999,9999,2025,1,3,10,5,1,4216
4,9999,9999,2025,1,3,1,5,2,1388
4,29,168,2025,1,3,1,5,2,1003
4,9999,9999,2025,1,3,3,5,2,1330
4,29,168,2025,1,3,3,5,2,501
4,9999,9999,2025,1,3,4,5,2,813
4,29,168,2025,1,3,4,5,2,1024
4,9999,9999,2025,1,3,5,5,2,10467
4,29,168,2025,1,3,5,5,2,5344
4,9999,9999,2025,1,3,7,5,2,16789
4,29,168,2025,1,3,7,5,2,5404
4,9999,9999,2025,1,3,8,5,2,10672
4,29,168,2025,1,3,8,5,2,1856
4,9999,9999,2025,1,3,9,5,2,45033
4,29,168,2025,1,3,9,5,2,20641
4,9999,9999,2025,1,3,10,5,2,14335
4,29,168,2025,1,3,10,5,2,6994
4,9999,9999,2025,1,3,1,5,3,538
4,9999,9999,2025,1,3,3,5,3,1211
4,9999,9999,2025,1,3,5,5,3,4437
4,29,168,2025,1,3,5,5,3,1266
4,9999,9999,2025,1,3,7,5,3,6901
4,29,168,2025,1,3,7,5,3,1593
4,29,168,2025,1,3,8,5,3,2064
4,9999,9999,2025,1,3,8,5,3,6306
4,9999,9999,2025,1,3,9,5,3,30906
4,29,168,2025,1,3,9,5,3,7084
4,9999,9999,2025,1,3,10,5,3,8800
4,29,168,2025,1,3,10,5,3,3288
4,9999,9999,2025,1,3,1,5,4,10097
4,29,168,2025,1,3,1,5,4,14090
4,29,168,2025,1,3,2,5,4,767
4,9999,9999,2025,1,3,3,5,4,17477
4,29,168,2025,1,3,3,5,4,4649
4,9999,9999,2025,1,3,4,5,4,11342
4,29,168,2025,1,3,4,5,4,13954
4,9999,9999,2025,1,3,5,5,4,91773
4,29,168,2025,1,3,5,5,4,77627
4,9999,9999,2025,1,3,6,5,4,6814
4,9999,9999,2025,1,3,7,5,4,64321
4,29,168,2025,1,3,7,5,4,34670
4,9999,9999,2025,1,3,8,5,4,53317
4,29,168,2025,1,3,8,5,4,32087
4,9999,9999,2025,1,3,9,5,4,210518
4,29,168,2025,1,3,9,5,4,104431
4,9999,9999,2025,1,3,10,5,4,36089
4,29,168,2025,1,3,10,5,4,32235
4,9999,9999,2025,1,3,1,5,5,23865
4,29,168,2025,1,3,1,5,5,51343
4,9999,9999,2025,1,3,2,5,5,6561
4,29,168,2025,1,3,2,5,5,460
4,9999,9999,2025,1,3,3,5,5,37668
4,29,168,2025,1,3,3,5,5,40692
4,9999,9999,2025,1,3,4,5,5,60696
4,29,168,2025,1,3,4,5,5,77632
4,9999,9999,2025,1,3,5,5,5,152943
4,29,168,2025,1,3,5,5,5,130703
4,9999,9999,2025,1,3,6,5,5,1581
4,29,168,2025,1,3,6,5,5,3214
4,9999,9999,2025,1,3,7,5,5,57536
4,29,168,2025,1,3,7,5,5,74314
4,9999,9999,2025,1,3,8,5,5,61497
4,29,168,2025,1,3,8,5,5,80517
4,9999,9999,2025,1,3,9,5,5,97352
4,29,168,2025,1,3,9,5,5,114772
4,9999,9999,2025,1,3,10,5,5,23731
4,29,168,2025,1,3,10,5,5,16536
4,9999,9999,2025,1,3,1,5,6,31389
4,29,168,2025,1,3,1,5,6,57618
4,9999,9999,2025,1,3,2,5,6,42556
4,29,168,2025,1,3,2,5,6,50871
4,9999,9999,2025,1,3,3,5,6,74483
4,29,168,2025,1,3,3,5,6,89097
4,9999,9999,2025,1,3,4,5,6,49636
4,29,168,2025,1,3,4,5,6,45885
4,9999,9999,2025,1,3,5,5,6,26579
4,29,168,2025,1,3,5,5,6,39566
4,9999,9999,2025,1,3,7,5,6,21501
4,29,168,2025,1,3,7,5,6,9094
4,9999,9999,2025,1,3,8,5,6,8441
4,29,168,2025,1,3,8,5,6,9490
4,9999,9999,2025,1,3,9,5,6,11535
4,29,168,2025,1,3,9,5,6,14798
4,9999,9999,2025,1,3,1,5,7,1334
4,29,168,2025,1,3,4,5,7,914
4,9999,9999,2025,1,3,5,5,7,774
4,29,168,2025,1,3,5,5,7,2624
4,9999,9999,2025,1,3,7,5,7,1316
4,29,168,2025,1,3,9,5,7,3783
4,9999,9999,2025,1,3,9,5,7,1613
4,29,168,2025,1,3,10,5,7,67
5,9999,9999,2025,1,3,7,5,1,6222
5,9999,9999,2025,1,3,8,5,1,648
5,9999,9999,2025,1,3,9,5,1,8873
5,9999,9999,2025,1,3,10,5,1,3835
5,9999,9999,2025,1,3,3,5,2,3010
5,9999,9999,2025,1,3,4,5,2,1017
5,9999,9999,2025,1,3,5,5,2,5147
5,9999,9999,2025,1,3,6,5,2,1285
5,9999,9999,2025,1,3,7,5,2,5038
5,9999,9999,2025,1,3,8,5,2,3690
5,9999,9999,2025,1,3,9,5,2,25517
5,9999,9999,2025,1,3,10,5,2,8395
5,9999,9999,2025,1,3,4,5,3,2423
5,9999,9999,2025,1,3,5,5,3,3801
5,9999,9999,2025,1,3,7,5,3,6460
5,9999,9999,2025,1,3,8,5,3,4887
5,9999,9999,2025,1,3,9,5,3,25791
5,9999,9999,2025,1,3,10,5,3,5091
5,9999,9999,2025,1,3,1,5,4,6847
5,9999,9999,2025,1,3,3,5,4,3672
5,9999,9999,2025,1,3,4,5,4,9372
5,9999,9999,2025,1,3,5,5,4,51437
5,9999,9999,2025,1,3,7,5,4,52312
5,9999,9999,2025,1,3,8,5,4,37207
5,9999,9999,2025,1,3,9,5,4,109900
5,9999,9999,2025,1,3,10,5,4,13625
5,9999,9999,2025,1,3,1,5,5,14533
5,9999,9999,2025,1,3,2,5,5,1185
5,9999,9999,2025,1,3,3,5,5,18425
5,9999,9999,2025,1,3,4,5,5,32042
5,9999,9999,2025,1,3,5,5,5,70376
5,9999,9999,2025,1,3,6,5,5,2195
5,9999,9999,2025,1,3,7,5,5,34128
5,9999,9999,2025,1,3,8,5,5,35814
5,9999,9999,2025,1,3,9,5,5,87741
5,9999,9999,2025,1,3,10,5,5,3393
5,9999,9999,2025,1,3,1,5,6,22107
5,9999,9999,2025,1,3,2,5,6,32566
5,9999,9999,2025,1,3,3,5,6,36029
5,9999,9999,2025,1,3,4,5,6,29702
5,9999,9999,2025,1,3,5,5,6,20504
5,9999,9999,2025,1,3,7,5,6,10523
5,9999,9999,2025,1,3,8,5,6,3817
5,9999,9999,2025,1,3,9,5,6,4745
5,9999,9999,2025,1,3,1,5,7,3137
5,9999,9999,2025,1,3,5,5,7,1115
5,9999,9999,2025,1,3,7,5,7,1808
5,9999,9999,2025,1,3,8,5,7,1351
5,9999,9999,2025,1,3,9,5,7,2934
5,9999,9999,2025,1,3,10,5,7,3097
6,1,213,2025,1,3,5,5,1,1247
6,9999,9999,2025,1,3,5,5,1,664
6,2,212,2025,1,3,5,5,1,1113
6,1,213,2025,1,3,7,5,1,2436
6,9999,9999,2025,1,3,7,5,1,4700
6,2,212,2025,1,3,7,5,1,963
6,9999,9999,2025,1,3,8,5,1,803
6,9999,9999,2025,1,3,9,5,1,2477
6,2,212,2025,1,3,9,5,1,7554
6,1,213,2025,1,3,9,5,1,3634
6,18,37,2025,1,3,9,5,1,4046
6,18,37,2025,1,3,10,5,1,3504
6,1,213,2025,1,3,1,5,2,957
6,18,37,2025,1,3,1,5,2,825
6,18,37,2025,1,3,4,5,2,554
6,2,212,2025,1,3,5,5,2,3001
6,9999,9999,2025,1,3,5,5,2,901
6,1,213,2025,1,3,5,5,2,5300
6,18,37,2025,1,3,5,5,2,943
6,2,212,2025,1,3,7,5,2,10665
6,9999,9999,2025,1,3,7,5,2,9684
6,1,213,2025,1,3,7,5,2,8641
6,18,37,2025,1,3,7,5,2,1837
6,9999,9999,2025,1,3,8,5,2,1323
6,1,213,2025,1,3,8,5,2,2205
6,18,37,2025,1,3,8,5,2,1175
6,1,213,2025,1,3,9,5,2,11818
6,9999,9999,2025,1,3,9,5,2,12391
6,18,37,2025,1,3,9,5,2,13018
6,2,212,2025,1,3,9,5,2,7183
6,1,213,2025,1,3,10,5,2,6502
6,9999,9999,2025,1,3,10,5,2,691
6,18,37,2025,1,3,10,5,2,6250
6,2,212,2025,1,3,10,5,2,2796
6,1,213,2025,1,3,1,5,3,1325
6,2,212,2025,1,3,1,5,3,963
6,18,37,2025,1,3,1,5,3,1077
6,9999,9999,2025,1,3,3,5,3,845
6,2,212,2025,1,3,3,5,3,1049
6,1,213,2025,1,3,4,5,3,2001
6,2,212,2025,1,3,5,5,3,2804
6,9999,9999,2025,1,3,5,5,3,3355
6,1,213,2025,1,3,5,5,3,1693
6,18,37,2025,1,3,5,5,3,2038
6,2,212,2025,1,3,6,5,3,1309
6,1,213,2025,1,3,7,5,3,3188
6,9999,9999,2025,1,3,7,5,3,4713
6,18,37,2025,1,3,7,5,3,4858
6,2,212,2025,1,3,7,5,3,12711
6,9999,9999,2025,1,3,8,5,3,3711
6,2,212,2025,1,3,8,5,3,4707
6,1,213,2025,1,3,8,5,3,2504
6,18,37,2025,1,3,8,5,3,1003
6,1,213,2025,1,3,9,5,3,7596
6,9999,9999,2025,1,3,9,5,3,3603
6,18,37,2025,1,3,9,5,3,5662
6,2,212,2025,1,3,9,5,3,3636
6,2,212,2025,1,3,10,5,3,6337
6,9999,9999,2025,1,3,10,5,3,2869
6,1,213,2025,1,3,10,5,3,3442
6,18,37,2025,1,3,10,5,3,3013
6,1,213,2025,1,3,1,5,4,8730
6,9999,9999,2025,1,3,1,5,4,13026
6,18,37,2025,1,3,1,5,4,13658
6,2,212,2025,1,3,1,5,4,20206
6,2,212,2025,1,3,2,5,4,7270
6,9999,9999,2025,1,3,2,5,4,1133
6,18,37,2025,1,3,2,5,4,1527
6,1,213,2025,1,3,3,5,4,8093
6,9999,9999,2025,1,3,3,5,4,3104
6,18,37,2025,1,3,3,5,4,4806
6,2,212,2025,1,3,3,5,4,9964
6,1,213,2025,1,3,4,5,4,11753
6,9999,9999,2025,1,3,4,5,4,8100
6,18,37,2025,1,3,4,5,4,10119
6,2,212,2025,1,3,4,5,4,20838
6,1,213,2025,1,3,5,5,4,63808
6,9999,9999,2025,1,3,5,5,4,38411
6,18,37,2025,1,3,5,5,4,48902
6,2,212,2025,1,3,5,5,4,120326
6,1,213,2025,1,3,6,5,4,529
6,9999,9999,2025,1,3,6,5,4,1663
6,18,37,2025,1,3,6,5,4,1533
6,1,213,2025,1,3,7,5,4,50768
6,9999,9999,2025,1,3,7,5,4,35163
6,18,37,2025,1,3,7,5,4,41218
6,2,212,2025,1,3,7,5,4,81209
6,1,213,2025,1,3,8,5,4,40517
6,9999,9999,2025,1,3,8,5,4,18480
6,18,37,2025,1,3,8,5,4,15477
6,2,212,2025,1,3,8,5,4,62282
6,1,213,2025,1,3,9,5,4,80464
6,9999,9999,2025,1,3,9,5,4,53001
6,18,37,2025,1,3,9,5,4,71020
6,2,212,2025,1,3,9,5,4,124698
6,1,213,2025,1,3,10,5,4,18862
6,9999,9999,2025,1,3,10,5,4,19555
6,18,37,2025,1,3,10,5,4,21572
6,2,212,2025,1,3,10,5,4,55625
6,1,213,2025,1,3,1,5,5,40924
6,9999,9999,2025,1,3,1,5,5,15417
6,18,37,2025,1,3,1,5,5,66760
6,2,212,2025,1,3,1,5,5,79307
6,2,212,2025,1,3,2,5,5,12783
6,9999,9999,2025,1,3,2,5,5,5718
6,1,213,2025,1,3,2,5,5,4901
6,18,37,2025,1,3,2,5,5,8343
6,1,213,2025,1,3,3,5,5,37345
6,9999,9999,2025,1,3,3,5,5,15444
6,18,37,2025,1,3,3,5,5,42667
6,2,212,2025,1,3,3,5,5,57954
6,1,213,2025,1,3,4,5,5,105802
6,9999,9999,2025,1,3,4,5,5,43127
6,18,37,2025,1,3,4,5,5,93861
6,2,212,2025,1,3,4,5,5,142892
6,1,213,2025,1,3,5,5,5,100563
6,9999,9999,2025,1,3,5,5,5,62430
6,18,37,2025,1,3,5,5,5,80049
6,2,212,2025,1,3,5,5,5,189398
6,1,213,2025,1,3,6,5,5,157
6,2,212,2025,1,3,6,5,5,2231
6,18,37,2025,1,3,6,5,5,792
6,1,213,2025,1,3,7,5,5,46245
6,9999,9999,2025,1,3,7,5,5,35135
6,18,37,2025,1,3,7,5,5,43289
6,2,212,2025,1,3,7,5,5,54173
6,1,213,2025,1,3,8,5,5,62368
6,9999,9999,2025,1,3,8,5,5,29641
6,18,37,2025,1,3,8,5,5,38834
6,2,212,2025,1,3,8,5,5,70205
6,1,213,2025,1,3,9,5,5,86326
6,9999,9999,2025,1,3,9,5,5,35005
6,18,37,2025,1,3,9,5,5,77786
6,2,212,2025,1,3,9,5,5,147972
6,1,213,2025,1,3,10,5,5,14792
6,9999,9999,2025,1,3,10,5,5,4495
6,18,37,2025,1,3,10,5,5,20714
6,2,212,2025,1,3,10,5,5,30039
6,1,213,2025,1,3,1,5,6,47320
6,9999,9999,2025,1,3,1,5,6,24045
6,18,37,2025,1,3,1,5,6,128478
6,2,212,2025,1,3,1,5,6,125057
6,1,213,2025,1,3,2,5,6,44741
6,9999,9999,2025,1,3,2,5,6,11941
6,18,37,2025,1,3,2,5,6,139271
6,2,212,2025,1,3,2,5,6,154619
6,1,213,2025,1,3,3,5,6,91772
6,9999,9999,2025,1,3,3,5,6,35053
6,18,37,2025,1,3,3,5,6,79889
6,2,212,2025,1,3,3,5,6,111401
6,1,213,2025,1,3,4,5,6,72693
6,9999,9999,2025,1,3,4,5,6,23621
6,18,37,2025,1,3,4,5,6,96511
6,2,212,2025,1,3,4,5,6,79807
6,1,213,2025,1,3,5,5,6,28893
6,9999,9999,2025,1,3,5,5,6,14386
6,18,37,2025,1,3,5,5,6,45850
6,2,212,2025,1,3,5,5,6,49134
6,1,213,2025,1,3,7,5,6,22473
6,9999,9999,2025,1,3,7,5,6,12484
6,18,37,2025,1,3,7,5,6,6535
6,2,212,2025,1,3,7,5,6,21076
6,2,212,2025,1,3,8,5,6,12309
6,9999,9999,2025,1,3,8,5,6,6310
6,1,213,2025,1,3,8,5,6,8160
6,18,37,2025,1,3,8,5,6,12716
6,2,212,2025,1,3,9,5,6,16304
6,9999,9999,2025,1,3,9,5,6,3223
6,1,213,2025,1,3,9,5,6,16396
6,18,37,2025,1,3,9,5,6,11143
6,1,213,2025,1,3,1,5,7,1851
6,2,212,2025,1,3,1,5,7,5217
6,18,37,2025,1,3,1,5,7,2102
6,9999,9999,2025,1,3,2,5,7,1416
6,1,213,2025,1,3,3,5,7,4073
6,1,213,2025,1,3,4,5,7,1975
6,2,212,2025,1,3,4,5,7,5191
6,9999,9999,2025,1,3,5,5,7,1626
6,1,213,2025,1,3,5,5,7,4340
6,2,212,2025,1,3,5,5,7,3045
6,18,37,2025,1,3,5,5,7,2077
6,9999,9999,2025,1,3,6,5,7,2236
6,1,213,2025,1,3,7,5,7,5400
6,2,212,2025,1,3,7,5,7,5703
6,9999,9999,2025,1,3,8,5,7,1609
6,1,213,2025,1,3,8,5,7,798
6,2,212,2025,1,3,8,5,7,10639
6,18,37,2025,1,3,8,5,7,374
6,9999,9999,2025,1,3,9,5,7,1445
6,2,212,2025,1,3,9,5,7,12104
6,1,213,2025,1,3,9,5,7,3242
6,18,37,2025,1,3,9,5,7,1586
6,9999,9999,2025,1,3,10,5,7,2354
6,2,212,2025,1,3,10,5,7,9600
7,9999,9999,2025,1,3,1,5,1,990
7,9999,9999,2025,1,3,5,5,1,1107
7,9999,9999,2025,1,3,7,5,1,2457
7,9999,9999,2025,1,3,8,5,1,2724
7,9999,9999,2025,1,3,9,5,1,10141
7,9999,9999,2025,1,3,10,5,1,4024
7,9999,9999,2025,1,3,3,5,2,2618
7,9999,9999,2025,1,3,4,5,2,993
7,9999,9999,2025,1,3,5,5,2,6273
7,9999,9999,2025,1,3,6,5,2,544
7,9999,9999,2025,1,3,7,5,2,9195
7,9999,9999,2025,1,3,8,5,2,2357
7,9999,9999,2025,1,3,9,5,2,31953
7,9999,9999,2025,1,3,10,5,2,10825
7,9999,9999,2025,1,3,3,5,3,838
7,9999,9999,2025,1,3,4,5,3,426
7,9999,9999,2025,1,3,5,5,3,2617
7,9999,9999,2025,1,3,6,5,3,50
7,9999,9999,2025,1,3,7,5,3,6979
7,9999,9999,2025,1,3,8,5,3,3708
7,9999,9999,2025,1,3,9,5,3,20978
7,9999,9999,2025,1,3,10,5,3,4902
7,9999,9999,2025,1,3,1,5,4,13630
7,9999,9999,2025,1,3,3,5,4,20870
7,9999,9999,2025,1,3,4,5,4,10892
7,9999,9999,2025,1,3,5,5,4,68182
7,9999,9999,2025,1,3,6,5,4,2179
7,9999,9999,2025,1,3,7,5,4,68834
7,9999,9999,2025,1,3,8,5,4,46545
7,9999,9999,2025,1,3,9,5,4,155258
7,9999,9999,2025,1,3,10,5,4,27033
7,9999,9999,2025,1,3,1,5,5,31876
7,9999,9999,2025,1,3,2,5,5,5394
7,9999,9999,2025,1,3,3,5,5,37208
7,9999,9999,2025,1,3,4,5,5,48358
7,9999,9999,2025,1,3,5,5,5,82046
7,9999,9999,2025,1,3,6,5,5,564
7,9999,9999,2025,1,3,7,5,5,43253
7,9999,9999,2025,1,3,8,5,5,40991
7,9999,9999,2025,1,3,9,5,5,112132
7,9999,9999,2025,1,3,10,5,5,10348
7,9999,9999,2025,1,3,1,5,6,20984
7,9999,9999,2025,1,3,2,5,6,42208
7,9999,9999,2025,1,3,3,5,6,52430
7,9999,9999,2025,1,3,4,5,6,32029
7,9999,9999,2025,1,3,5,5,6,23865
7,9999,9999,2025,1,3,7,5,6,31851
7,9999,9999,2025,1,3,8,5,6,12570
7,9999,9999,2025,1,3,9,5,6,16571
7,9999,9999,2025,1,3,10,5,6,1384
7,9999,9999,2025,1,3,2,5,7,2369
7,9999,9999,2025,1,3,3,5,7,3389
7,9999,9999,2025,1,3,4,5,7,1672
7,9999,9999,2025,1,3,5,5,7,1530
7,9999,9999,2025,1,3,7,5,7,3121
7,9999,9999,2025,1,3,8,5,7,979
7,9999,9999,2025,1,3,9,5,7,9929
7,9999,9999,2025,1,3,10,5,7,2374
8,9999,9999,2025,1,3,3,5,1,867
8,9999,9999,2025,1,3,4,5,1,1033
8,9999,9999,2025,1,3,5,5,1,3825
8,9999,9999,2025,1,3,7,5,1,1787
8,9999,9999,2025,1,3,9,5,1,8368
8,9999,9999,2025,1,3,10,5,1,6597
8,9999,9999,2025,1,3,1,5,2,720
8,9999,9999,2025,1,3,3,5,2,3168
8,9999,9999,2025,1,3,5,5,2,6965
8,9999,9999,2025,1,3,7,5,2,6270
8,9999,9999,2025,1,3,8,5,2,4019
8,9999,9999,2025,1,3,9,5,2,34200
8,9999,9999,2025,1,3,10,5,2,6097
8,9999,9999,2025,1,3,5,5,3,3373
8,9999,9999,2025,1,3,6,5,3,943
8,9999,9999,2025,1,3,7,5,3,11934
8,9999,9999,2025,1,3,8,5,3,3961
8,9999,9999,2025,1,3,9,5,3,27930
8,9999,9999,2025,1,3,10,5,3,6406
8,9999,9999,2025,1,3,1,5,4,2180
8,9999,9999,2025,1,3,2,5,4,2925
8,9999,9999,2025,1,3,3,5,4,12788
8,9999,9999,2025,1,3,4,5,4,11286
8,9999,9999,2025,1,3,5,5,4,96605
8,9999,9999,2025,1,3,6,5,4,6566
8,9999,9999,2025,1,3,7,5,4,110651
8,9999,9999,2025,1,3,8,5,4,34184
8,9999,9999,2025,1,3,9,5,4,222860
8,9999,9999,2025,1,3,10,5,4,40209
8,9999,9999,2025,1,3,1,5,5,25582
8,9999,9999,2025,1,3,2,5,5,7979
8,9999,9999,2025,1,3,3,5,5,19417
8,9999,9999,2025,1,3,4,5,5,52221
8,9999,9999,2025,1,3,5,5,5,88825
8,9999,9999,2025,1,3,6,5,5,2579
8,9999,9999,2025,1,3,7,5,5,73489
8,9999,9999,2025,1,3,8,5,5,45580
8,9999,9999,2025,1,3,9,5,5,112736
8,9999,9999,2025,1,3,10,5,5,14499
8,9999,9999,2025,1,3,1,5,6,36430
8,9999,9999,2025,1,3,2,5,6,76927
8,9999,9999,2025,1,3,3,5,6,50357
8,9999,9999,2025,1,3,4,5,6,51011
8,9999,9999,2025,1,3,5,5,6,42721
8,9999,9999,2025,1,3,7,5,6,30058
8,9999,9999,2025,1,3,8,5,6,13557
8,9999,9999,2025,1,3,9,5,6,34196
8,9999,9999,2025,1,3,10,5,6,1921
8,9999,9999,2025,1,3,1,5,7,1833
8,9999,9999,2025,1,3,2,5,7,3637
8,9999,9999,2025,1,3,3,5,7,1061
8,9999,9999,2025,1,3,4,5,7,1398
8,9999,9999,2025,1,3,5,5,7,3000
8,9999,9999,2025,1,3,7,5,7,4041
8,9999,9999,2025,1,3,8,5,7,4237
8,9999,9999,2025,1,3,9,5,7,9199
8,9999,9999,2025,1,3,10,5,7,767
9,9999,9999,2025,1,3,5,5,1,1410
9,9999,9999,2025,1,3,7,5,1,809
9,9999,9999,2025,1,3,9,5,1,7811
9,9999,9999,2025,1,3,10,5,1,1652
9,9999,9999,2025,1,3,5,5,2,1049
9,9999,9999,2025,1,3,6,5,2,1048
9,9999,9999,2025,1,3,7,5,2,2273
9,9999,9999,2025,1,3,8,5,2,3003
9,9999,9999,2025,1,3,9,5,2,7711
9,9999,9999,2025,1,3,10,5,2,3754
9,9999,9999,2025,1,3,4,5,3,262
9,9999,9999,2025,1,3,5,5,3,2464
9,9999,9999,2025,1,3,6,5,3,1048
9,9999,9999,2025,1,3,7,5,3,504
9,9999,9999,2025,1,3,8,5,3,657
9,9999,9999,2025,1,3,9,5,3,4748
9,9999,9999,2025,1,3,10,5,3,2349
9,9999,9999,2025,1,3,1,5,4,2560
9,9999,9999,2025,1,3,2,5,4,278
9,9999,9999,2025,1,3,3,5,4,1586
9,9999,9999,2025,1,3,4,5,4,5194
9,9999,9999,2025,1,3,5,5,4,11266
9,9999,9999,2025,1,3,6,5,4,965
9,9999,9999,2025,1,3,7,5,4,9875
9,9999,9999,2025,1,3,8,5,4,13259
9,9999,9999,2025,1,3,9,5,4,62757
9,9999,9999,2025,1,3,10,5,4,7005
9,9999,9999,2025,1,3,1,5,5,7031
9,9999,9999,2025,1,3,2,5,5,687
9,9999,9999,2025,1,3,3,5,5,5624
9,9999,9999,2025,1,3,4,5,5,22223
9,9999,9999,2025,1,3,5,5,5,36935
9,9999,9999,2025,1,3,6,5,5,424
9,9999,9999,2025,1,3,7,5,5,12924
9,9999,9999,2025,1,3,8,5,5,11649
9,9999,9999,2025,1,3,9,5,5,31590
9,9999,9999,2025,1,3,10,5,5,2343
9,9999,9999,2025,1,3,1,5,6,9053
9,9999,9999,2025,1,3,2,5,6,9076
9,9999,9999,2025,1,3,3,5,6,12846
9,9999,9999,2025,1,3,4,5,6,2826
9,9999,9999,2025,1,3,5,5,6,9655
9,9999,9999,2025,1,3,6,5,6,1321
9,9999,9999,2025,1,3,7,5,6,4833
9,9999,9999,2025,1,3,8,5,6,673
9,9999,9999,2025,1,3,9,5,6,2554
9,9999,9999,2025,1,3,9,5,7,1028
1,9999,9999,2025,1,4,1,1,1,117520
1,47,189,2025,1,4,1,1,1,210951
1,9999,9999,2025,1,4,1,1,2,159481
1,47,189,2025,1,4,1,1,2,248514
2,9999,9999,2025,1,4,1,1,1,495327
2,3,180,2025,1,4,1,1,1,57401
2,10,179,2025,1,4,1,1,1,64885
2,9999,9999,2025,1,4,1,1,2,479778
2,3,180,2025,1,4,1,1,2,51687
2,10,179,2025,1,4,1,1,2,102882
3,9999,9999,2025,1,4,1,1,1,147325
3,15,202,2025,1,4,1,1,1,40907
3,9999,9999,2025,1,4,1,1,2,181975
3,15,202,2025,1,4,1,1,2,62732
4,9999,9999,2025,1,4,1,1,1,674946
4,29,168,2025,1,4,1,1,1,250357
4,9999,9999,2025,1,4,1,1,2,849430
4,29,168,2025,1,4,1,1,2,290636
5,9999,9999,2025,1,4,1,1,1,357788
5,9999,9999,2025,1,4,1,1,2,427876
6,1,213,2025,1,4,1,1,1,313476
6,9999,9999,2025,1,4,1,1,1,171186
6,18,37,2025,1,4,1,1,1,268375
6,2,212,2025,1,4,1,1,1,373631
6,1,213,2025,1,4,1,1,2,270323
6,9999,9999,2025,1,4,1,1,2,148345
6,18,37,2025,1,4,1,1,2,230702
6,2,212,2025,1,4,1,1,2,421034
7,9999,9999,2025,1,4,1,1,1,373391
7,9999,9999,2025,1,4,1,1,2,420359
8,9999,9999,2025,1,4,1,1,1,434109
8,9999,9999,2025,1,4,1,1,2,540847
9,9999,9999,2025,1,4,1,1,1,97131
9,9999,9999,2025,1,4,1,1,2,105170
1,9999,9999,2025,1,4,1,2,4,39296
1,47,189,2025,1,4,1,2,4,61653
1,9999,9999,2025,1,4,1,2,5,88266
1,47,189,2025,1,4,1,2,5,124318
1,9999,9999,2025,1,4,1,2,6,84325
1,47,189,2025,1,4,1,2,6,124432
1,9999,9999,2025,1,4,1,2,7,65114
1,47,189,2025,1,4,1,2,7,149063
2,9999,9999,2025,1,4,1,2,4,96465
2,3,180,2025,1,4,1,2,4,5810
2,10,179,2025,1,4,1,2,4,22932
2,9999,9999,2025,1,4,1,2,5,298236
2,3,180,2025,1,4,1,2,5,38370
2,10,179,2025,1,4,1,2,5,46073
2,9999,9999,2025,1,4,1,2,6,279857
2,3,180,2025,1,4,1,2,6,27861
2,10,179,2025,1,4,1,2,6,53725
2,9999,9999,2025,1,4,1,2,7,300547
2,3,180,2025,1,4,1,2,7,37048
2,10,179,2025,1,4,1,2,7,45036
3,9999,9999,2025,1,4,1,2,4,22598
3,15,202,2025,1,4,1,2,4,8058
3,9999,9999,2025,1,4,1,2,5,125790
3,15,202,2025,1,4,1,2,5,29824
3,9999,9999,2025,1,4,1,2,6,94510
3,15,202,2025,1,4,1,2,6,31686
3,9999,9999,2025,1,4,1,2,7,86402
3,15,202,2025,1,4,1,2,7,34071
4,9999,9999,2025,1,4,1,2,4,155276
4,29,168,2025,1,4,1,2,4,48817
4,9999,9999,2025,1,4,1,2,5,473808
4,29,168,2025,1,4,1,2,5,162340
4,9999,9999,2025,1,4,1,2,6,482618
4,29,168,2025,1,4,1,2,6,172988
4,9999,9999,2025,1,4,1,2,7,412674
4,29,168,2025,1,4,1,2,7,156849
5,9999,9999,2025,1,4,1,2,4,88229
5,9999,9999,2025,1,4,1,2,5,262379
5,9999,9999,2025,1,4,1,2,6,233950
5,9999,9999,2025,1,4,1,2,7,201105
6,1,213,2025,1,4,1,2,4,52179
6,9999,9999,2025,1,4,1,2,4,21433
6,18,37,2025,1,4,1,2,4,52379
6,2,212,2025,1,4,1,2,4,62756
6,1,213,2025,1,4,1,2,5,159686
6,9999,9999,2025,1,4,1,2,5,105107
6,18,37,2025,1,4,1,2,5,136870
6,2,212,2025,1,4,1,2,5,238302
6,1,213,2025,1,4,1,2,6,201193
6,9999,9999,2025,1,4,1,2,6,104365
6,18,37,2025,1,4,1,2,6,159297
6,2,212,2025,1,4,1,2,6,286038
6,1,213,2025,1,4,1,2,7,170741
6,9999,9999,2025,1,4,1,2,7,88626
6,18,37,2025,1,4,1,2,7,150532
6,2,212,2025,1,4,1,2,7,207570
7,9999,9999,2025,1,4,1,2,4,65181
7,9999,9999,2025,1,4,1,2,5,262946
7,9999,9999,2025,1,4,1,2,6,264669
7,9999,9999,2025,1,4,1,2,7,200954
8,9999,9999,2025,1,4,1,2,4,82792
8,9999,9999,2025,1,4,1,2,5,299166
8,9999,9999,2025,1,4,1,2,6,314989
8,9999,9999,2025,1,4,1,2,7,278009
9,9999,9999,2025,1,4,1,2,4,25940
9,9999,9999,2025,1,4,1,2,5,61465
9,9999,9999,2025,1,4,1,2,6,64913
9,9999,9999,2025,1,4,1,2,7,49983
1,9999,9999,2025,1,4,1,3,1,86658
1,47,189,2025,1,4,1,3,1,254742
1,9999,9999,2025,1,4,1,3,2,185425
1,47,189,2025,1,4,1,3,2,178471
1,47,189,2025,1,4,1,3,3,6889
1,9999,9999,2025,1,4,1,3,4,4918
1,47,189,2025,1,4,1,3,4,19364
2,9999,9999,2025,1,4,1,3,1,906862
2,3,180,2025,1,4,1,3,1,102088
2,10,179,2025,1,4,1,3,1,120137
2,9999,9999,2025,1,4,1,3,2,67768
2,3,180,2025,1,4,1,3,2,6011
2,10,179,2025,1,4,1,3,2,35214
2,10,179,2025,1,4,1,3,3,1976
2,9999,9999,2025,1,4,1,3,4,475
2,3,180,2025,1,4,1,3,4,989
2,10,179,2025,1,4,1,3,4,10440
3,9999,9999,2025,1,4,1,3,1,311330
3,15,202,2025,1,4,1,3,1,96849
3,9999,9999,2025,1,4,1,3,2,7468
3,15,202,2025,1,4,1,3,2,2173
3,9999,9999,2025,1,4,1,3,3,465
3,9999,9999,2025,1,4,1,3,4,10037
3,15,202,2025,1,4,1,3,4,4618
4,9999,9999,2025,1,4,1,3,1,1491159
4,29,168,2025,1,4,1,3,1,461802
4,9999,9999,2025,1,4,1,3,2,5306
4,29,168,2025,1,4,1,3,2,12153
4,9999,9999,2025,1,4,1,3,3,18447
4,29,168,2025,1,4,1,3,3,62262
4,9999,9999,2025,1,4,1,3,4,9463
4,29,168,2025,1,4,1,3,4,4776
5,9999,9999,2025,1,4,1,3,1,751734
5,9999,9999,2025,1,4,1,3,2,18366
5,9999,9999,2025,1,4,1,3,3,4921
5,9999,9999,2025,1,4,1,3,4,10644
6,1,213,2025,1,4,1,3,1,548728
6,9999,9999,2025,1,4,1,3,1,289879
6,18,37,2025,1,4,1,3,1,447312
6,2,212,2025,1,4,1,3,1,714403
6,1,213,2025,1,4,1,3,2,9818
6,9999,9999,2025,1,4,1,3,2,6287
6,18,37,2025,1,4,1,3,2,5277
6,2,212,2025,1,4,1,3,2,53865
6,9999,9999,2025,1,4,1,3,3,3792
6,1,213,2025,1,4,1,3,3,14857
6,2,212,2025,1,4,1,3,3,8390
6,18,37,2025,1,4,1,3,3,12139
6,1,213,2025,1,4,1,3,4,10396
6,9999,9999,2025,1,4,1,3,4,19573
6,18,37,2025,1,4,1,3,4,34350
6,2,212,2025,1,4,1,3,4,18007
7,9999,9999,2025,1,4,1,3,1,781579
7,9999,9999,2025,1,4,1,3,2,472
7,9999,9999,2025,1,4,1,3,3,2602
7,9999,9999,2025,1,4,1,3,4,9097
8,9999,9999,2025,1,4,1,3,1,964350
8,9999,9999,2025,1,4,1,3,3,639
8,9999,9999,2025,1,4,1,3,4,9967
9,9999,9999,2025,1,4,1,3,1,118642
9,9999,9999,2025,1,4,1,3,2,81869
9,9999,9999,2025,1,4,1,3,4,1791
1,9999,9999,2025,1,4,1,4,1,25610
1,47,189,2025,1,4,1,4,1,67289
1,9999,9999,2025,1,4,1,4,2,37417
1,47,189,2025,1,4,1,4,2,31095
1,47,189,2025,1,4,1,4,3,2722
1,47,189,2025,1,4,1,4,4,3681
1,9999,9999,2025,1,4,1,4,5,213973
1,47,189,2025,1,4,1,4,5,354678
2,9999,9999,2025,1,4,1,4,1,51591
2,3,180,2025,1,4,1,4,1,5094
2,10,179,2025,1,4,1,4,1,8628
2,9999,9999,2025,1,4,1,4,2,38112
2,3,180,2025,1,4,1,4,2,5766
2,10,179,2025,1,4,1,4,2,17575
2,9999,9999,2025,1,4,1,4,3,1003
2,9999,9999,2025,1,4,1,4,4,6656
2,9999,9999,2025,1,4,1,4,5,877743
2,3,180,2025,1,4,1,4,5,98228
2,10,179,2025,1,4,1,4,5,141563
3,9999,9999,2025,1,4,1,4,1,14030
3,15,202,2025,1,4,1,4,1,11144
3,9999,9999,2025,1,4,1,4,2,38800
3,15,202,2025,1,4,1,4,2,8355
3,9999,9999,2025,1,4,1,4,3,737
3,9999,9999,2025,1,4,1,4,4,1564
3,15,202,2025,1,4,1,4,4,197
3,9999,9999,2025,1,4,1,4,5,274170
3,15,202,2025,1,4,1,4,5,83944
4,9999,9999,2025,1,4,1,4,1,39268
4,29,168,2025,1,4,1,4,1,27714
4,9999,9999,2025,1,4,1,4,2,74998
4,29,168,2025,1,4,1,4,2,14598
4,9999,9999,2025,1,4,1,4,3,968
4,29,168,2025,1,4,1,4,3,756
4,9999,9999,2025,1,4,1,4,4,2372
4,29,168,2025,1,4,1,4,4,1110
4,9999,9999,2025,1,4,1,4,5,1406770
4,29,168,2025,1,4,1,4,5,496815
5,9999,9999,2025,1,4,1,4,1,43571
5,9999,9999,2025,1,4,1,4,2,69795
5,9999,9999,2025,1,4,1,4,5,672298
6,1,213,2025,1,4,1,4,1,23339
6,9999,9999,2025,1,4,1,4,1,13092
6,18,37,2025,1,4,1,4,1,38143
6,2,212,2025,1,4,1,4,1,41913
6,1,213,2025,1,4,1,4,2,72654
6,9999,9999,2025,1,4,1,4,2,39151
6,18,37,2025,1,4,1,4,2,55606
6,2,212,2025,1,4,1,4,2,105676
6,2,212,2025,1,4,1,4,3,482
6,9999,9999,2025,1,4,1,4,4,2005
6,2,212,2025,1,4,1,4,4,1922
6,1,213,2025,1,4,1,4,5,487805
6,9999,9999,2025,1,4,1,4,5,265283
6,18,37,2025,1,4,1,4,5,405329
6,2,212,2025,1,4,1,4,5,644672
7,9999,9999,2025,1,4,1,4,1,27985
7,9999,9999,2025,1,4,1,4,2,88068
7,9999,9999,2025,1,4,1,4,3,640
7,9999,9999,2025,1,4,1,4,5,677056
8,9999,9999,2025,1,4,1,4,1,64072
8,9999,9999,2025,1,4,1,4,2,62186
8,9999,9999,2025,1,4,1,4,3,1329
8,9999,9999,2025,1,4,1,4,4,4737
8,9999,9999,2025,1,4,1,4,5,842632
9,9999,9999,2025,1,4,1,4,1,6862
9,9999,9999,2025,1,4,1,4,2,17093
9,9999,9999,2025,1,4,1,4,5,178346
1,9999,9999,2025,1,4,1,5,1,2765
1,47,189,2025,1,4,1,5,1,3752
1,9999,9999,2025,1,4,1,5,2,12231
1,47,189,2025,1,4,1,5,2,10260
1,9999,9999,2025,1,4,1,5,3,18421
1,47,189,2025,1,4,1,5,3,7968
1,9999,9999,2025,1,4,1,5,4,127401
1,47,189,2025,1,4,1,5,4,220420
1,9999,9999,2025,1,4,1,5,5,93036
1,47,189,2025,1,4,1,5,5,170530
1,9999,9999,2025,1,4,1,5,6,12721
1,47,189,2025,1,4,1,5,6,36200
1,9999,9999,2025,1,4,1,5,7,10424
1,47,189,2025,1,4,1,5,7,10336
2,9999,9999,2025,1,4,1,5,1,7403
2,3,180,2025,1,4,1,5,1,1079
2,10,179,2025,1,4,1,5,1,4804
2,9999,9999,2025,1,4,1,5,2,72487
2,3,180,2025,1,4,1,5,2,991
2,10,179,2025,1,4,1,5,2,3441
2,9999,9999,2025,1,4,1,5,3,52907
2,3,180,2025,1,4,1,5,3,2361
2,10,179,2025,1,4,1,5,3,7397
2,9999,9999,2025,1,4,1,5,4,492185
2,3,180,2025,1,4,1,5,4,45454
2,10,179,2025,1,4,1,5,4,72055
2,9999,9999,2025,1,4,1,5,5,308235
2,3,180,2025,1,4,1,5,5,44482
2,10,179,2025,1,4,1,5,5,70217
2,9999,9999,2025,1,4,1,5,6,39634
2,3,180,2025,1,4,1,5,6,12318
2,10,179,2025,1,4,1,5,6,6418
2,9999,9999,2025,1,4,1,5,7,2254
2,3,180,2025,1,4,1,5,7,2403
2,10,179,2025,1,4,1,5,7,3434
3,9999,9999,2025,1,4,1,5,1,568
3,9999,9999,2025,1,4,1,5,2,8167
3,15,202,2025,1,4,1,5,2,3552
3,9999,9999,2025,1,4,1,5,3,13514
3,15,202,2025,1,4,1,5,3,2126
3,9999,9999,2025,1,4,1,5,4,116840
3,15,202,2025,1,4,1,5,4,31756
3,9999,9999,2025,1,4,1,5,5,148913
3,15,202,2025,1,4,1,5,5,56713
3,9999,9999,2025,1,4,1,5,6,39663
3,15,202,2025,1,4,1,5,6,9492
3,9999,9999,2025,1,4,1,5,7,1636
4,9999,9999,2025,1,4,1,5,1,23239
4,29,168,2025,1,4,1,5,1,3635
4,9999,9999,2025,1,4,1,5,2,43797
4,29,168,2025,1,4,1,5,2,13380
4,9999,9999,2025,1,4,1,5,3,47744
4,29,168,2025,1,4,1,5,3,5890
4,9999,9999,2025,1,4,1,5,4,609297
4,29,168,2025,1,4,1,5,4,192570
4,9999,9999,2025,1,4,1,5,5,663533
4,29,168,2025,1,4,1,5,5,269554
4,9999,9999,2025,1,4,1,5,6,127194
4,29,168,2025,1,4,1,5,6,51450
4,9999,9999,2025,1,4,1,5,7,9573
4,29,168,2025,1,4,1,5,7,4516
5,9999,9999,2025,1,4,1,5,1,8878
5,9999,9999,2025,1,4,1,5,2,29972
5,9999,9999,2025,1,4,1,5,3,39304
5,9999,9999,2025,1,4,1,5,4,336358
5,9999,9999,2025,1,4,1,5,5,308957
5,9999,9999,2025,1,4,1,5,6,56155
5,9999,9999,2025,1,4,1,5,7,6041
6,2,212,2025,1,4,1,5,1,4972
6,9999,9999,2025,1,4,1,5,1,2349
6,1,213,2025,1,4,1,5,1,3237
6,18,37,2025,1,4,1,5,1,7580
6,1,213,2025,1,4,1,5,2,7560
6,9999,9999,2025,1,4,1,5,2,9628
6,18,37,2025,1,4,1,5,2,7572
6,2,212,2025,1,4,1,5,2,4432
6,1,213,2025,1,4,1,5,3,4702
6,9999,9999,2025,1,4,1,5,3,4190
6,18,37,2025,1,4,1,5,3,4241
6,2,212,2025,1,4,1,5,3,10844
6,1,213,2025,1,4,1,5,4,198957
6,9999,9999,2025,1,4,1,5,4,106633
6,18,37,2025,1,4,1,5,4,155574
6,2,212,2025,1,4,1,5,4,285906
6,1,213,2025,1,4,1,5,5,301917
6,9999,9999,2025,1,4,1,5,5,156090
6,18,37,2025,1,4,1,5,5,253738
6,2,212,2025,1,4,1,5,5,423510
6,1,213,2025,1,4,1,5,6,59885
6,9999,9999,2025,1,4,1,5,6,32651
6,18,37,2025,1,4,1,5,6,62173
6,2,212,2025,1,4,1,5,6,50605
6,2,212,2025,1,4,1,5,7,14396
6,9999,9999,2025,1,4,1,5,7,7989
6,1,213,2025,1,4,1,5,7,7541
6,18,37,2025,1,4,1,5,7,8201
7,9999,9999,2025,1,4,1,5,1,10286
7,9999,9999,2025,1,4,1,5,2,25158
7,9999,9999,2025,1,4,1,5,3,19654
7,9999,9999,2025,1,4,1,5,4,321087
7,9999,9999,2025,1,4,1,5,5,336714
7,9999,9999,2025,1,4,1,5,6,75275
7,9999,9999,2025,1,4,1,5,7,5577
8,9999,9999,2025,1,4,1,5,1,15823
8,9999,9999,2025,1,4,1,5,2,30335
8,9999,9999,2025,1,4,1,5,3,25286
8,9999,9999,2025,1,4,1,5,4,398251
8,9999,9999,2025,1,4,1,5,5,390104
8,9999,9999,2025,1,4,1,5,6,104844
8,9999,9999,2025,1,4,1,5,7,10313
9,9999,9999,2025,1,4,1,5,1,2552
9,9999,9999,2025,1,4,1,5,2,5334
9,9999,9999,2025,1,4,1,5,3,13427
9,9999,9999,2025,1,4,1,5,4,86907
9,9999,9999,2025,1,4,1,5,5,82809
9,9999,9999,2025,1,4,1,5,6,10146
9,9999,9999,2025,1,4,1,5,7,1127
1,9999,9999,2025,1,5,1,1,1,10434
1,47,189,2025,1,5,1,1,1,18441
1,9999,9999,2025,1,5,1,1,2,19979
1,47,189,2025,1,5,1,1,2,43449
2,9999,9999,2025,1,5,1,1,1,23566
2,3,180,2025,1,5,1,1,1,3616
2,10,179,2025,1,5,1,1,1,7822
2,9999,9999,2025,1,5,1,1,2,32528
2,3,180,2025,1,5,1,1,2,1821
2,10,179,2025,1,5,1,1,2,3263
3,9999,9999,2025,1,5,1,1,1,19236
3,15,202,2025,1,5,1,1,1,8752
3,9999,9999,2025,1,5,1,1,2,18381
3,15,202,2025,1,5,1,1,2,7657
4,9999,9999,2025,1,5,1,1,1,37506
4,29,168,2025,1,5,1,1,1,26040
4,9999,9999,2025,1,5,1,1,2,48824
4,29,168,2025,1,5,1,1,2,26487
5,9999,9999,2025,1,5,1,1,1,4732
5,9999,9999,2025,1,5,1,1,2,7214
6,1,213,2025,1,5,1,1,1,7057
6,9999,9999,2025,1,5,1,1,1,5853
6,18,37,2025,1,5,1,1,1,35482
6,2,212,2025,1,5,1,1,1,64355
6,1,213,2025,1,5,1,1,2,13735
6,9999,9999,2025,1,5,1,1,2,10476
6,18,37,2025,1,5,1,1,2,37262
6,2,212,2025,1,5,1,1,2,39189
7,9999,9999,2025,1,5,1,1,1,40122
7,9999,9999,2025,1,5,1,1,2,40667
8,9999,9999,2025,1,5,1,1,1,45634
8,9999,9999,2025,1,5,1,1,2,46985
9,9999,9999,2025,1,5,1,1,1,12968
9,9999,9999,2025,1,5,1,1,2,11638
1,47,189,2025,1,5,1,2,5,3086
1,9999,9999,2025,1,5,1,2,6,3784
1,47,189,2025,1,5,1,2,6,9367
1,9999,9999,2025,1,5,1,2,7,2457
1,47,189,2025,1,5,1,2,7,10280
1,9999,9999,2025,1,5,1,2,8,3294
1,47,189,2025,1,5,1,2,8,11457
1,9999,9999,2025,1,5,1,2,9,4771
1,47,189,2025,1,5,1,2,9,5374
1,9999,9999,2025,1,5,1,2,10,5114
1,47,189,2025,1,5,1,2,10,11003
1,9999,9999,2025,1,5,1,2,11,5315
1,47,189,2025,1,5,1,2,11,1101
1,9999,9999,2025,1,5,1,2,12,4424
1,47,189,2025,1,5,1,2,12,8727
1,9999,9999,2025,1,5,1,2,13,1253
1,47,189,2025,1,5,1,2,13,1495
2,9999,9999,2025,1,5,1,2,4,730
2,9999,9999,2025,1,5,1,2,5,3605
2,10,179,2025,1,5,1,2,5,1008
2,9999,9999,2025,1,5,1,2,6,2267
2,3,180,2025,1,5,1,2,6,2816
2,10,179,2025,1,5,1,2,6,823
2,9999,9999,2025,1,5,1,2,7,10355
2,3,180,2025,1,5,1,2,7,704
2,9999,9999,2025,1,5,1,2,8,7748
2,10,179,2025,1,5,1,2,8,894
2,9999,9999,2025,1,5,1,2,9,9481
2,3,180,2025,1,5,1,2,9,1918
2,10,179,2025,1,5,1,2,9,2620
2,9999,9999,2025,1,5,1,2,10,8188
2,10,179,2025,1,5,1,2,10,2286
2,9999,9999,2025,1,5,1,2,11,9102
2,10,179,2025,1,5,1,2,11,2476
2,9999,9999,2025,1,5,1,2,12,4618
2,10,179,2025,1,5,1,2,12,978
3,9999,9999,2025,1,5,1,2,5,1905
3,15,202,2025,1,5,1,2,5,1105
3,9999,9999,2025,1,5,1,2,6,3785
3,15,202,2025,1,5,1,2,6,2155
3,9999,9999,2025,1,5,1,2,7,9391
3,15,202,2025,1,5,1,2,7,3692
3,9999,9999,2025,1,5,1,2,8,3308
3,15,202,2025,1,5,1,2,8,893
3,9999,9999,2025,1,5,1,2,9,2421
3,15,202,2025,1,5,1,2,9,2099
3,9999,9999,2025,1,5,1,2,10,6338
3,15,202,2025,1,5,1,2,10,518
3,9999,9999,2025,1,5,1,2,11,6499
3,15,202,2025,1,5,1,2,11,2525
3,9999,9999,2025,1,5,1,2,12,3115
3,15,202,2025,1,5,1,2,12,3422
3,9999,9999,2025,1,5,1,2,13,854
4,9999,9999,2025,1,5,1,2,4,1180
4,9999,9999,2025,1,5,1,2,5,1864
4,29,168,2025,1,5,1,2,5,952
4,9999,9999,2025,1,5,1,2,6,16400
4,29,168,2025,1,5,1,2,6,9734
4,9999,9999,2025,1,5,1,2,7,17384
4,29,168,2025,1,5,1,2,7,10157
4,9999,9999,2025,1,5,1,2,8,9133
4,29,168,2025,1,5,1,2,8,9832
4,9999,9999,2025,1,5,1,2,9,13957
4,29,168,2025,1,5,1,2,9,9916
4,9999,9999,2025,1,5,1,2,10,11261
4,29,168,2025,1,5,1,2,10,4160
4,9999,9999,2025,1,5,1,2,11,2736
4,29,168,2025,1,5,1,2,11,5435
4,9999,9999,2025,1,5,1,2,12,8699
4,29,168,2025,1,5,1,2,12,1595
4,9999,9999,2025,1,5,1,2,13,3717
4,29,168,2025,1,5,1,2,13,747
5,9999,9999,2025,1,5,1,2,5,1858
5,9999,9999,2025,1,5,1,2,6,3695
5,9999,9999,2025,1,5,1,2,8,818
5,9999,9999,2025,1,5,1,2,9,2607
5,9999,9999,2025,1,5,1,2,11,2967
6,2,212,2025,1,5,1,2,4,672
6,18,37,2025,1,5,1,2,5,3034
6,9999,9999,2025,1,5,1,2,5,509
6,1,213,2025,1,5,1,2,5,607
6,2,212,2025,1,5,1,2,5,2555
6,1,213,2025,1,5,1,2,6,2843
6,9999,9999,2025,1,5,1,2,6,446
6,18,37,2025,1,5,1,2,6,8882
6,2,212,2025,1,5,1,2,6,16033
6,18,37,2025,1,5,1,2,7,12296
6,9999,9999,2025,1,5,1,2,7,3237
6,1,213,2025,1,5,1,2,7,3650
6,2,212,2025,1,5,1,2,7,11408
6,2,212,2025,1,5,1,2,8,23891
6,9999,9999,2025,1,5,1,2,8,2374
6,1,213,2025,1,5,1,2,8,3695
6,18,37,2025,1,5,1,2,8,13352
6,2,212,2025,1,5,1,2,9,19193
6,9999,9999,2025,1,5,1,2,9,4064
6,18,37,2025,1,5,1,2,9,10358
6,18,37,2025,1,5,1,2,10,11655
6,9999,9999,2025,1,5,1,2,10,1445
6,1,213,2025,1,5,1,2,10,5330
6,2,212,2025,1,5,1,2,10,15250
6,2,212,2025,1,5,1,2,11,5976
6,9999,9999,2025,1,5,1,2,11,1195
6,1,213,2025,1,5,1,2,11,2702
6,18,37,2025,1,5,1,2,11,6288
6,18,37,2025,1,5,1,2,12,4109
6,9999,9999,2025,1,5,1,2,12,1922
6,1,213,2025,1,5,1,2,12,1965
6,2,212,2025,1,5,1,2,12,7594
6,9999,9999,2025,1,5,1,2,13,1137
6,2,212,2025,1,5,1,2,13,971
6,18,37,2025,1,5,1,2,13,2770
7,9999,9999,2025,1,5,1,2,4,1395
7,9999,9999,2025,1,5,1,2,5,7080
7,9999,9999,2025,1,5,1,2,6,9898
7,9999,9999,2025,1,5,1,2,7,12537
7,9999,9999,2025,1,5,1,2,8,10723
7,9999,9999,2025,1,5,1,2,9,15223
7,9999,9999,2025,1,5,1,2,10,8859
7,9999,9999,2025,1,5,1,2,11,6030
7,9999,9999,2025,1,5,1,2,12,7310
7,9999,9999,2025,1,5,1,2,13,1733
8,9999,9999,2025,1,5,1,2,4,477
8,9999,9999,2025,1,5,1,2,5,4677
8,9999,9999,2025,1,5,1,2,6,17404
8,9999,9999,2025,1,5,1,2,7,11219
8,9999,9999,2025,1,5,1,2,8,9711
8,9999,9999,2025,1,5,1,2,9,13753
8,9999,9999,2025,1,5,1,2,10,9789
8,9999,9999,2025,1,5,1,2,11,14636
8,9999,9999,2025,1,5,1,2,12,8986
8,9999,9999,2025,1,5,1,2,13,1964
9,9999,9999,2025,1,5,1,2,4,221
9,9999,9999,2025,1,5,1,2,5,2218
9,9999,9999,2025,1,5,1,2,6,1925
9,9999,9999,2025,1,5,1,2,7,4872
9,9999,9999,2025,1,5,1,2,8,3499
9,9999,9999,2025,1,5,1,2,9,2000
9,9999,9999,2025,1,5,1,2,10,6052
9,9999,9999,2025,1,5,1,2,11,3383
9,9999,9999,2025,1,5,1,2,12,437
1,9999,9999,2025,1,5,1,3,1,7789
1,47,189,2025,1,5,1,3,1,36996
1,9999,9999,2025,1,5,1,3,2,19422
1,47,189,2025,1,5,1,3,2,14382
1,9999,9999,2025,1,5,1,3,4,3201
1,47,189,2025,1,5,1,3,4,10512
2,9999,9999,2025,1,5,1,3,1,51729
2,3,180,2025,1,5,1,3,1,5438
2,10,179,2025,1,5,1,3,1,8480
2,9999,9999,2025,1,5,1,3,2,4365
2,10,179,2025,1,5,1,3,2,2605
3,9999,9999,2025,1,5,1,3,1,37617
3,15,202,2025,1,5,1,3,1,16409
4,9999,9999,2025,1,5,1,3,1,86331
4,29,168,2025,1,5,1,3,1,51336
4,29,168,2025,1,5,1,3,3,1192
5,9999,9999,2025,1,5,1,3,1,11946
6,1,213,2025,1,5,1,3,1,20792
6,9999,9999,2025,1,5,1,3,1,16329
6,18,37,2025,1,5,1,3,1,62147
6,2,212,2025,1,5,1,3,1,98136
6,2,212,2025,1,5,1,3,2,4526
6,18,37,2025,1,5,1,3,2,2790
6,2,212,2025,1,5,1,3,4,882
6,18,37,2025,1,5,1,3,4,7807
7,9999,9999,2025,1,5,1,3,1,80788
8,9999,9999,2025,1,5,1,3,1,92325
8,9999,9999,2025,1,5,1,3,4,293
9,9999,9999,2025,1,5,1,3,1,15607
9,9999,9999,2025,1,5,1,3,2,8999
1,9999,9999,2025,1,5,1,4,1,10694
1,47,189,2025,1,5,1,4,1,30451
1,9999,9999,2025,1,5,1,4,2,5812
1,47,189,2025,1,5,1,4,2,5671
1,47,189,2025,1,5,1,4,3,1730
1,9999,9999,2025,1,5,1,4,4,2972
1,47,189,2025,1,5,1,4,4,6578
1,9999,9999,2025,1,5,1,4,5,10934
1,47,189,2025,1,5,1,4,5,17459
2,9999,9999,2025,1,5,1,4,1,5432
2,10,179,2025,1,5,1,4,1,2810
2,9999,9999,2025,1,5,1,4,2,6590
2,9999,9999,2025,1,5,1,4,3,3764
2,9999,9999,2025,1,5,1,4,4,1980
2,10,179,2025,1,5,1,4,4,3240
2,9999,9999,2025,1,5,1,4,5,38328
2,3,180,2025,1,5,1,4,5,5438
2,10,179,2025,1,5,1,4,5,5035
3,9999,9999,2025,1,5,1,4,1,8561
3,15,202,2025,1,5,1,4,1,5689
3,9999,9999,2025,1,5,1,4,2,4642
3,15,202,2025,1,5,1,4,2,1706
3,9999,9999,2025,1,5,1,4,3,1380
3,15,202,2025,1,5,1,4,3,605
3,9999,9999,2025,1,5,1,4,4,1632
3,9999,9999,2025,1,5,1,4,5,21402
3,15,202,2025,1,5,1,4,5,8409
4,9999,9999,2025,1,5,1,4,1,3576
4,29,168,2025,1,5,1,4,1,4126
4,9999,9999,2025,1,5,1,4,2,10818
4,29,168,2025,1,5,1,4,2,4260
4,9999,9999,2025,1,5,1,4,3,1945
4,9999,9999,2025,1,5,1,4,5,69993
4,29,168,2025,1,5,1,4,5,44141
5,9999,9999,2025,1,5,1,4,1,1066
5,9999,9999,2025,1,5,1,4,5,10880
6,2,212,2025,1,5,1,4,1,19249
6,9999,9999,2025,1,5,1,4,1,3821
6,1,213,2025,1,5,1,4,1,3435
6,18,37,2025,1,5,1,4,1,19349
6,9999,9999,2025,1,5,1,4,2,1588
6,2,212,2025,1,5,1,4,2,26593
6,1,213,2025,1,5,1,4,2,7628
6,18,37,2025,1,5,1,4,2,9754
6,1,213,2025,1,5,1,4,3,611
6,18,37,2025,1,5,1,4,3,2079
6,2,212,2025,1,5,1,4,4,2254
6,18,37,2025,1,5,1,4,4,2526
6,1,213,2025,1,5,1,4,5,9118
6,9999,9999,2025,1,5,1,4,5,10921
6,18,37,2025,1,5,1,4,5,39038
6,2,212,2025,1,5,1,4,5,55447
7,9999,9999,2025,1,5,1,4,1,12062
7,9999,9999,2025,1,5,1,4,2,10786
7,9999,9999,2025,1,5,1,4,3,3706
7,9999,9999,2025,1,5,1,4,4,4274
7,9999,9999,2025,1,5,1,4,5,49960
8,9999,9999,2025,1,5,1,4,1,24778
8,9999,9999,2025,1,5,1,4,2,2845
8,9999,9999,2025,1,5,1,4,3,5653
8,9999,9999,2025,1,5,1,4,4,2811
8,9999,9999,2025,1,5,1,4,5,56532
9,9999,9999,2025,1,5,1,4,1,2767
9,9999,9999,2025,1,5,1,4,2,6315
9,9999,9999,2025,1,5,1,4,5,15524
1,9999,9999,2025,1,5,1,5,1,626
1,9999,9999,2025,1,5,1,5,2,2246
1,9999,9999,2025,1,5,1,5,3,1814
1,47,189,2025,1,5,1,5,3,759
1,9999,9999,2025,1,5,1,5,4,15190
1,47,189,2025,1,5,1,5,4,27774
1,9999,9999,2025,1,5,1,5,5,7471
1,47,189,2025,1,5,1,5,5,18318
1,9999,9999,2025,1,5,1,5,6,738
1,47,189,2025,1,5,1,5,6,10580
1,9999,9999,2025,1,5,1,5,7,2327
1,47,189,2025,1,5,1,5,7,4459
2,9999,9999,2025,1,5,1,5,2,8674
2,9999,9999,2025,1,5,1,5,3,2577
2,10,179,2025,1,5,1,5,3,823
2,9999,9999,2025,1,5,1,5,4,32027
2,3,180,2025,1,5,1,5,4,3412
2,10,179,2025,1,5,1,5,4,7975
2,9999,9999,2025,1,5,1,5,5,9684
2,3,180,2025,1,5,1,5,5,2025
2,10,179,2025,1,5,1,5,5,2287
2,9999,9999,2025,1,5,1,5,6,3132
3,9999,9999,2025,1,5,1,5,1,501
3,15,202,2025,1,5,1,5,1,395
3,9999,9999,2025,1,5,1,5,2,5784
3,15,202,2025,1,5,1,5,2,895
3,9999,9999,2025,1,5,1,5,3,416
3,15,202,2025,1,5,1,5,3,599
3,9999,9999,2025,1,5,1,5,4,21548
3,15,202,2025,1,5,1,5,4,8535
3,9999,9999,2025,1,5,1,5,5,7421
3,15,202,2025,1,5,1,5,5,3584
3,9999,9999,2025,1,5,1,5,6,1947
3,15,202,2025,1,5,1,5,6,1588
3,15,202,2025,1,5,1,5,7,813
4,9999,9999,2025,1,5,1,5,1,4406
4,29,168,2025,1,5,1,5,1,1990
4,29,168,2025,1,5,1,5,2,625
4,9999,9999,2025,1,5,1,5,2,11381
4,9999,9999,2025,1,5,1,5,3,4840
4,29,168,2025,1,5,1,5,3,1376
4,9999,9999,2025,1,5,1,5,4,33198
4,29,168,2025,1,5,1,5,4,26097
4,9999,9999,2025,1,5,1,5,5,28295
4,29,168,2025,1,5,1,5,5,14425
4,9999,9999,2025,1,5,1,5,6,3327
4,29,168,2025,1,5,1,5,6,7142
4,9999,9999,2025,1,5,1,5,7,883
4,29,168,2025,1,5,1,5,7,872
5,9999,9999,2025,1,5,1,5,1,1066
5,9999,9999,2025,1,5,1,5,3,2714
5,9999,9999,2025,1,5,1,5,4,4485
5,9999,9999,2025,1,5,1,5,5,2758
5,9999,9999,2025,1,5,1,5,6,924
6,1,213,2025,1,5,1,5,2,1342
6,2,212,2025,1,5,1,5,2,950
6,18,37,2025,1,5,1,5,2,2147
6,2,212,2025,1,5,1,5,3,5878
6,9999,9999,2025,1,5,1,5,3,2739
6,1,213,2025,1,5,1,5,3,1598
6,18,37,2025,1,5,1,5,3,2091
6,1,213,2025,1,5,1,5,4,10245
6,9999,9999,2025,1,5,1,5,4,6067
6,18,37,2025,1,5,1,5,4,22217
6,2,212,2025,1,5,1,5,4,50079
6,1,213,2025,1,5,1,5,5,4784
6,9999,9999,2025,1,5,1,5,5,7523
6,18,37,2025,1,5,1,5,5,27468
6,2,212,2025,1,5,1,5,5,40185
6,2,212,2025,1,5,1,5,6,5702
6,1,213,2025,1,5,1,5,6,1785
6,18,37,2025,1,5,1,5,6,18821
6,1,213,2025,1,5,1,5,7,1038
6,2,212,2025,1,5,1,5,7,749
7,9999,9999,2025,1,5,1,5,1,2164
7,9999,9999,2025,1,5,1,5,2,7961
7,9999,9999,2025,1,5,1,5,3,2704
7,9999,9999,2025,1,5,1,5,4,28834
7,9999,9999,2025,1,5,1,5,5,31529
7,9999,9999,2025,1,5,1,5,6,6791
7,9999,9999,2025,1,5,1,5,7,805
8,9999,9999,2025,1,5,1,5,1,1323
8,9999,9999,2025,1,5,1,5,2,8726
8,9999,9999,2025,1,5,1,5,3,6618
8,9999,9999,2025,1,5,1,5,4,35167
8,9999,9999,2025,1,5,1,5,5,27323
8,9999,9999,2025,1,5,1,5,6,11348
8,9999,9999,2025,1,5,1,5,7,2113
9,9999,9999,2025,1,5,1,5,1,2198
9,9999,9999,2025,1,5,1,5,2,3787
9,9999,9999,2025,1,5,1,5,3,2354
9,9999,9999,2025,1,5,1,5,4,11115
9,9999,9999,2025,1,5,1,5,5,4217
9,9999,9999,2025,1,5,1,5,6,936
1,9999,9999,2025,1,6,1,1,1,387684
1,47,189,2025,1,6,1,1,1,653740
1,9999,9999,2025,1,6,2,1,1,128648
1,47,189,2025,1,6,2,1,1,204082
1,9999,9999,2025,1,6,1,1,2,332789
1,47,189,2025,1,6,1,1,2,650667
1,9999,9999,2025,1,6,2,1,2,118977
1,47,189,2025,1,6,2,1,2,156537
2,9999,9999,2025,1,6,1,1,1,196276
2,3,180,2025,1,6,1,1,1,91591
2,10,179,2025,1,6,1,1,1,150743
2,9999,9999,2025,1,6,2,1,1,180370
2,3,180,2025,1,6,2,1,1,38205
2,10,179,2025,1,6,2,1,1,48840
2,9999,9999,2025,1,6,1,1,2,234698
2,3,180,2025,1,6,1,1,2,90283
2,10,179,2025,1,6,1,1,2,140227
2,9999,9999,2025,1,6,2,1,2,116967
2,3,180,2025,1,6,2,1,2,27352
2,10,179,2025,1,6,2,1,2,22948
3,9999,9999,2025,1,6,1,1,1,151687
3,15,202,2025,1,6,1,1,1,93267
3,9999,9999,2025,1,6,2,1,1,132376
3,15,202,2025,1,6,2,1,1,33352
3,9999,9999,2025,1,6,1,1,2,120626
3,15,202,2025,1,6,1,1,2,74646
3,9999,9999,2025,1,6,2,1,2,78930
3,15,202,2025,1,6,2,1,2,32473
4,9999,9999,2025,1,6,1,1,1,428748
4,29,168,2025,1,6,1,1,1,414913
4,9999,9999,2025,1,6,2,1,1,288518
4,29,168,2025,1,6,2,1,1,248660
4,9999,9999,2025,1,6,1,1,2,501125
4,29,168,2025,1,6,1,1,2,400698
4,9999,9999,2025,1,6,2,1,2,229591
4,29,168,2025,1,6,2,1,2,180215
5,9999,9999,2025,1,6,1,1,1,311204
5,9999,9999,2025,1,6,2,1,1,201834
5,9999,9999,2025,1,6,1,1,2,235607
5,9999,9999,2025,1,6,2,1,2,95303
6,1,213,2025,1,6,1,1,1,487825
6,9999,9999,2025,1,6,1,1,1,254837
6,18,37,2025,1,6,1,1,1,464939
6,2,212,2025,1,6,1,1,1,675267
6,1,213,2025,1,6,2,1,1,186868
6,9999,9999,2025,1,6,2,1,1,103612
6,18,37,2025,1,6,2,1,1,162115
6,2,212,2025,1,6,2,1,1,388405
6,1,213,2025,1,6,1,1,2,361870
6,9999,9999,2025,1,6,1,1,2,188747
6,18,37,2025,1,6,1,1,2,428045
6,2,212,2025,1,6,1,1,2,567982
6,1,213,2025,1,6,2,1,2,123142
6,9999,9999,2025,1,6,2,1,2,51473
6,18,37,2025,1,6,2,1,2,109000
6,2,212,2025,1,6,2,1,2,218674
7,9999,9999,2025,1,6,1,1,1,389641
7,9999,9999,2025,1,6,2,1,1,275525
7,9999,9999,2025,1,6,1,1,2,288031
7,9999,9999,2025,1,6,2,1,2,209399
8,9999,9999,2025,1,6,1,1,1,430418
8,9999,9999,2025,1,6,2,1,1,372786
8,9999,9999,2025,1,6,1,1,2,379453
8,9999,9999,2025,1,6,2,1,2,255093
9,9999,9999,2025,1,6,1,1,1,132461
9,9999,9999,2025,1,6,2,1,1,51463
9,9999,9999,2025,1,6,1,1,2,113973
9,9999,9999,2025,1,6,2,1,2,30533
1,9999,9999,2025,1,6,1,2,4,8071
1,47,189,2025,1,6,1,2,4,8356
1,9999,9999,2025,1,6,2,2,4,11732
1,47,189,2025,1,6,2,2,4,4639
1,9999,9999,2025,1,6,1,2,5,68829
1,47,189,2025,1,6,1,2,5,101546
1,9999,9999,2025,1,6,2,2,5,26617
1,47,189,2025,1,6,2,2,5,26015
1,9999,9999,2025,1,6,1,2,6,114541
1,47,189,2025,1,6,1,2,6,196523
1,9999,9999,2025,1,6,2,2,6,37089
1,47,189,2025,1,6,2,2,6,39205
1,9999,9999,2025,1,6,1,2,7,132199
1,47,189,2025,1,6,1,2,7,203789
1,9999,9999,2025,1,6,2,2,7,23663
1,47,189,2025,1,6,2,2,7,40115
1,9999,9999,2025,1,6,1,2,8,95968
1,47,189,2025,1,6,1,2,8,218658
1,9999,9999,2025,1,6,2,2,8,34278
1,47,189,2025,1,6,2,2,8,70862
1,9999,9999,2025,1,6,1,2,9,76742
1,47,189,2025,1,6,1,2,9,188738
1,9999,9999,2025,1,6,2,2,9,30467
1,47,189,2025,1,6,2,2,9,63258
1,9999,9999,2025,1,6,1,2,10,87211
1,47,189,2025,1,6,1,2,10,152365
1,9999,9999,2025,1,6,2,2,10,27663
1,47,189,2025,1,6,2,2,10,46160
1,9999,9999,2025,1,6,1,2,11,63902
1,47,189,2025,1,6,1,2,11,124772
1,9999,9999,2025,1,6,2,2,11,22270
1,47,189,2025,1,6,2,2,11,40315
1,9999,9999,2025,1,6,1,2,12,50326
1,47,189,2025,1,6,1,2,12,82195
1,9999,9999,2025,1,6,2,2,12,26200
1,47,189,2025,1,6,2,2,12,21184
1,9999,9999,2025,1,6,1,2,13,22684
1,47,189,2025,1,6,1,2,13,27465
1,9999,9999,2025,1,6,2,2,13,7645
1,47,189,2025,1,6,2,2,13,8867
2,9999,9999,2025,1,6,1,2,4,1136
2,9999,9999,2025,1,6,2,2,4,1904
2,3,180,2025,1,6,2,2,4,488
2,10,179,2025,1,6,2,2,4,350
2,9999,9999,2025,1,6,1,2,5,27486
2,3,180,2025,1,6,1,2,5,7009
2,10,179,2025,1,6,1,2,5,17986
2,9999,9999,2025,1,6,2,2,5,16525
2,3,180,2025,1,6,2,2,5,2735
2,10,179,2025,1,6,2,2,5,6002
2,9999,9999,2025,1,6,1,2,6,46979
2,3,180,2025,1,6,1,2,6,21294
2,10,179,2025,1,6,1,2,6,33772
2,9999,9999,2025,1,6,2,2,6,36495
2,3,180,2025,1,6,2,2,6,5488
2,10,179,2025,1,6,2,2,6,7954
2,9999,9999,2025,1,6,1,2,7,83038
2,3,180,2025,1,6,1,2,7,20116
2,10,179,2025,1,6,1,2,7,36812
2,9999,9999,2025,1,6,2,2,7,62071
2,3,180,2025,1,6,2,2,7,12126
2,10,179,2025,1,6,2,2,7,8927
2,9999,9999,2025,1,6,1,2,8,50449
2,3,180,2025,1,6,1,2,8,26623
2,10,179,2025,1,6,1,2,8,35450
2,9999,9999,2025,1,6,2,2,8,46246
2,3,180,2025,1,6,2,2,8,12671
2,10,179,2025,1,6,2,2,8,7369
2,9999,9999,2025,1,6,1,2,9,60003
2,3,180,2025,1,6,1,2,9,32897
2,10,179,2025,1,6,1,2,9,54035
2,9999,9999,2025,1,6,2,2,9,38128
2,3,180,2025,1,6,2,2,9,9888
2,10,179,2025,1,6,2,2,9,15641
2,9999,9999,2025,1,6,1,2,10,54605
2,3,180,2025,1,6,1,2,10,35977
2,10,179,2025,1,6,1,2,10,45129
2,9999,9999,2025,1,6,2,2,10,38941
2,3,180,2025,1,6,2,2,10,7199
2,10,179,2025,1,6,2,2,10,8893
2,9999,9999,2025,1,6,1,2,11,55782
2,3,180,2025,1,6,1,2,11,22361
2,10,179,2025,1,6,1,2,11,40536
2,9999,9999,2025,1,6,2,2,11,32402
2,3,180,2025,1,6,2,2,11,8350
2,10,179,2025,1,6,2,2,11,7803
2,9999,9999,2025,1,6,1,2,12,34901
2,3,180,2025,1,6,1,2,12,12740
2,10,179,2025,1,6,1,2,12,18947
2,9999,9999,2025,1,6,2,2,12,15551
2,3,180,2025,1,6,2,2,12,3959
2,10,179,2025,1,6,2,2,12,6595
2,9999,9999,2025,1,6,1,2,13,16593
2,3,180,2025,1,6,1,2,13,2857
2,10,179,2025,1,6,1,2,13,8304
2,9999,9999,2025,1,6,2,2,13,9073
2,3,180,2025,1,6,2,2,13,2651
2,10,179,2025,1,6,2,2,13,2253
3,9999,9999,2025,1,6,1,2,4,1848
3,15,202,2025,1,6,1,2,4,631
3,9999,9999,2025,1,6,2,2,4,2101
3,9999,9999,2025,1,6,1,2,5,13832
3,15,202,2025,1,6,1,2,5,8004
3,9999,9999,2025,1,6,2,2,5,12355
3,15,202,2025,1,6,2,2,5,3768
3,9999,9999,2025,1,6,1,2,6,23746
3,15,202,2025,1,6,1,2,6,14277
3,9999,9999,2025,1,6,2,2,6,26411
3,15,202,2025,1,6,2,2,6,9274
3,9999,9999,2025,1,6,1,2,7,30609
3,15,202,2025,1,6,1,2,7,35123
3,9999,9999,2025,1,6,2,2,7,36252
3,15,202,2025,1,6,2,2,7,6645
3,9999,9999,2025,1,6,1,2,8,51479
3,15,202,2025,1,6,1,2,8,28431
3,9999,9999,2025,1,6,2,2,8,35649
3,15,202,2025,1,6,2,2,8,8854
3,9999,9999,2025,1,6,1,2,9,41249
3,15,202,2025,1,6,1,2,9,22339
3,9999,9999,2025,1,6,2,2,9,28804
3,15,202,2025,1,6,2,2,9,11503
3,9999,9999,2025,1,6,1,2,10,46446
3,15,202,2025,1,6,1,2,10,20344
3,9999,9999,2025,1,6,2,2,10,24103
3,15,202,2025,1,6,2,2,10,7846
3,9999,9999,2025,1,6,1,2,11,32563
3,15,202,2025,1,6,1,2,11,23540
3,9999,9999,2025,1,6,2,2,11,22366
3,15,202,2025,1,6,2,2,11,8858
3,9999,9999,2025,1,6,1,2,12,19698
3,15,202,2025,1,6,1,2,12,12396
3,9999,9999,2025,1,6,2,2,12,18777
3,15,202,2025,1,6,2,2,12,7509
3,9999,9999,2025,1,6,1,2,13,10843
3,15,202,2025,1,6,1,2,13,2828
3,9999,9999,2025,1,6,2,2,13,4485
3,15,202,2025,1,6,2,2,13,1567
4,29,168,2025,1,6,1,2,4,2604
4,9999,9999,2025,1,6,2,2,4,5855
4,29,168,2025,1,6,2,2,4,4250
4,9999,9999,2025,1,6,1,2,5,40820
4,29,168,2025,1,6,1,2,5,47223
4,9999,9999,2025,1,6,2,2,5,27134
4,29,168,2025,1,6,2,2,5,24631
4,9999,9999,2025,1,6,1,2,6,118571
4,29,168,2025,1,6,1,2,6,83893
4,9999,9999,2025,1,6,2,2,6,90564
4,29,168,2025,1,6,2,2,6,53391
4,9999,9999,2025,1,6,1,2,7,177792
4,29,168,2025,1,6,1,2,7,135768
4,9999,9999,2025,1,6,2,2,7,110458
4,29,168,2025,1,6,2,2,7,56950
4,9999,9999,2025,1,6,1,2,8,135747
4,29,168,2025,1,6,1,2,8,141325
4,9999,9999,2025,1,6,2,2,8,65224
4,29,168,2025,1,6,2,2,8,81213
4,9999,9999,2025,1,6,1,2,9,156433
4,29,168,2025,1,6,1,2,9,132721
4,9999,9999,2025,1,6,2,2,9,76166
4,29,168,2025,1,6,2,2,9,87322
4,9999,9999,2025,1,6,1,2,10,117083
4,29,168,2025,1,6,1,2,10,115796
4,9999,9999,2025,1,6,2,2,10,55280
4,29,168,2025,1,6,2,2,10,48810
4,9999,9999,2025,1,6,1,2,11,98396
4,29,168,2025,1,6,1,2,11,74932
4,9999,9999,2025,1,6,2,2,11,47571
4,29,168,2025,1,6,2,2,11,34828
4,9999,9999,2025,1,6,1,2,12,60126
4,29,168,2025,1,6,1,2,12,57932
4,9999,9999,2025,1,6,2,2,12,25954
4,29,168,2025,1,6,2,2,12,28895
4,9999,9999,2025,1,6,1,2,13,24906
4,29,168,2025,1,6,1,2,13,23415
4,9999,9999,2025,1,6,2,2,13,13903
4,29,168,2025,1,6,2,2,13,8585
5,9999,9999,2025,1,6,1,2,4,778
5,9999,9999,2025,1,6,2,2,4,3712
5,9999,9999,2025,1,6,1,2,5,22831
5,9999,9999,2025,1,6,2,2,5,20014
5,9999,9999,2025,1,6,1,2,6,53301
5,9999,9999,2025,1,6,2,2,6,46041
5,9999,9999,2025,1,6,1,2,7,58673
5,9999,9999,2025,1,6,2,2,7,36277
5,9999,9999,2025,1,6,1,2,8,69846
5,9999,9999,2025,1,6,2,2,8,42357
5,9999,9999,2025,1,6,1,2,9,95404
5,9999,9999,2025,1,6,2,2,9,31494
5,9999,9999,2025,1,6,1,2,10,86477
5,9999,9999,2025,1,6,2,2,10,38221
5,9999,9999,2025,1,6,1,2,11,93623
5,9999,9999,2025,1,6,2,2,11,41307
5,9999,9999,2025,1,6,1,2,12,54561
5,9999,9999,2025,1,6,2,2,12,30834
5,9999,9999,2025,1,6,1,2,13,11317
5,9999,9999,2025,1,6,2,2,13,6880
6,1,213,2025,1,6,1,2,4,1251
6,18,37,2025,1,6,1,2,4,2846
6,2,212,2025,1,6,1,2,4,4166
6,18,37,2025,1,6,2,2,4,430
6,1,213,2025,1,6,2,2,4,1288
6,2,212,2025,1,6,2,2,4,1189
6,1,213,2025,1,6,1,2,5,39521
6,9999,9999,2025,1,6,1,2,5,20832
6,18,37,2025,1,6,1,2,5,36426
6,2,212,2025,1,6,1,2,5,74548
6,1,213,2025,1,6,2,2,5,10819
6,9999,9999,2025,1,6,2,2,5,4519
6,18,37,2025,1,6,2,2,5,4510
6,2,212,2025,1,6,2,2,5,26137
6,1,213,2025,1,6,1,2,6,114927
6,9999,9999,2025,1,6,1,2,6,55834
6,18,37,2025,1,6,1,2,6,103818
6,2,212,2025,1,6,1,2,6,137213
6,1,213,2025,1,6,2,2,6,38261
6,9999,9999,2025,1,6,2,2,6,15829
6,18,37,2025,1,6,2,2,6,31250
6,2,212,2025,1,6,2,2,6,89297
6,1,213,2025,1,6,1,2,7,139029
6,9999,9999,2025,1,6,1,2,7,56849
6,18,37,2025,1,6,1,2,7,122484
6,2,212,2025,1,6,1,2,7,182049
6,1,213,2025,1,6,2,2,7,34690
6,9999,9999,2025,1,6,2,2,7,31977
6,18,37,2025,1,6,2,2,7,32287
6,2,212,2025,1,6,2,2,7,90071
6,1,213,2025,1,6,1,2,8,131297
6,9999,9999,2025,1,6,1,2,8,57016
6,18,37,2025,1,6,1,2,8,142573
6,2,212,2025,1,6,1,2,8,209186
6,1,213,2025,1,6,2,2,8,54174
6,9999,9999,2025,1,6,2,2,8,29527
6,18,37,2025,1,6,2,2,8,57667
6,2,212,2025,1,6,2,2,8,120613
6,1,213,2025,1,6,1,2,9,142879
6,9999,9999,2025,1,6,1,2,9,65965
6,18,37,2025,1,6,1,2,9,137090
6,2,212,2025,1,6,1,2,9,230934
6,1,213,2025,1,6,2,2,9,56883
6,9999,9999,2025,1,6,2,2,9,24127
6,18,37,2025,1,6,2,2,9,59153
6,2,212,2025,1,6,2,2,9,86250
6,1,213,2025,1,6,1,2,10,95830
6,9999,9999,2025,1,6,1,2,10,58509
6,18,37,2025,1,6,1,2,10,124898
6,2,212,2025,1,6,1,2,10,182702
6,1,213,2025,1,6,2,2,10,49292
6,9999,9999,2025,1,6,2,2,10,17684
6,18,37,2025,1,6,2,2,10,49710
6,2,212,2025,1,6,2,2,10,94631
6,1,213,2025,1,6,1,2,11,79109
6,9999,9999,2025,1,6,1,2,11,73174
6,18,37,2025,1,6,1,2,11,122671
6,2,212,2025,1,6,1,2,11,108925
6,1,213,2025,1,6,2,2,11,33987
6,9999,9999,2025,1,6,2,2,11,15864
6,18,37,2025,1,6,2,2,11,20958
6,2,212,2025,1,6,2,2,11,55934
6,1,213,2025,1,6,1,2,12,69164
6,9999,9999,2025,1,6,1,2,12,39376
6,18,37,2025,1,6,1,2,12,61905
6,2,212,2025,1,6,1,2,12,86094
6,1,213,2025,1,6,2,2,12,22846
6,9999,9999,2025,1,6,2,2,12,11310
6,18,37,2025,1,6,2,2,12,8993
6,2,212,2025,1,6,2,2,12,29491
6,1,213,2025,1,6,1,2,13,36688
6,9999,9999,2025,1,6,1,2,13,16031
6,18,37,2025,1,6,1,2,13,38272
6,2,212,2025,1,6,1,2,13,27431
6,1,213,2025,1,6,2,2,13,7772
6,9999,9999,2025,1,6,2,2,13,4249
6,18,37,2025,1,6,2,2,13,6158
6,2,212,2025,1,6,2,2,13,13465
7,9999,9999,2025,1,6,1,2,4,6893
7,9999,9999,2025,1,6,2,2,4,5478
7,9999,9999,2025,1,6,1,2,5,34079
7,9999,9999,2025,1,6,2,2,5,43713
7,9999,9999,2025,1,6,1,2,6,90264
7,9999,9999,2025,1,6,2,2,6,60562
7,9999,9999,2025,1,6,1,2,7,115660
7,9999,9999,2025,1,6,2,2,7,63914
7,9999,9999,2025,1,6,1,2,8,96450
7,9999,9999,2025,1,6,2,2,8,86146
7,9999,9999,2025,1,6,1,2,9,106985
7,9999,9999,2025,1,6,2,2,9,87819
7,9999,9999,2025,1,6,1,2,10,92966
7,9999,9999,2025,1,6,2,2,10,51607
7,9999,9999,2025,1,6,1,2,11,71438
7,9999,9999,2025,1,6,2,2,11,38261
7,9999,9999,2025,1,6,1,2,12,48225
7,9999,9999,2025,1,6,2,2,12,34517
7,9999,9999,2025,1,6,1,2,13,14711
7,9999,9999,2025,1,6,2,2,13,12908
8,9999,9999,2025,1,6,1,2,4,1028
8,9999,9999,2025,1,6,2,2,4,4430
8,9999,9999,2025,1,6,1,2,5,31177
8,9999,9999,2025,1,6,2,2,5,35011
8,9999,9999,2025,1,6,1,2,6,86280
8,9999,9999,2025,1,6,2,2,6,95449
8,9999,9999,2025,1,6,1,2,7,147202
8,9999,9999,2025,1,6,2,2,7,112052
8,9999,9999,2025,1,6,1,2,8,120319
8,9999,9999,2025,1,6,2,2,8,80568
8,9999,9999,2025,1,6,1,2,9,142540
8,9999,9999,2025,1,6,2,2,9,77168
8,9999,9999,2025,1,6,1,2,10,94936
8,9999,9999,2025,1,6,2,2,10,91564
8,9999,9999,2025,1,6,1,2,11,85773
8,9999,9999,2025,1,6,2,2,11,66846
8,9999,9999,2025,1,6,1,2,12,78633
8,9999,9999,2025,1,6,2,2,12,43065
8,9999,9999,2025,1,6,1,2,13,21983
8,9999,9999,2025,1,6,2,2,13,21724
9,9999,9999,2025,1,6,1,2,4,416
9,9999,9999,2025,1,6,2,2,4,221
9,9999,9999,2025,1,6,1,2,5,22184
9,9999,9999,2025,1,6,2,2,5,7010
9,9999,9999,2025,1,6,1,2,6,36626
9,9999,9999,2025,1,6,2,2,6,11413
9,9999,9999,2025,1,6,1,2,7,39595
9,9999,9999,2025,1,6,2,2,7,17161
9,9999,9999,2025,1,6,1,2,8,26826
9,9999,9999,2025,1,6,2,2,8,7503
9,9999,9999,2025,1,6,1,2,9,26268
9,9999,9999,2025,1,6,2,2,9,9250
9,9999,9999,2025,1,6,1,2,10,36960
9,9999,9999,2025,1,6,2,2,10,13628
9,9999,9999,2025,1,6,1,2,11,25765
9,9999,9999,2025,1,6,2,2,11,9606
9,9999,9999,2025,1,6,1,2,12,26798
9,9999,9999,2025,1,6,2,2,12,4227
9,9999,9999,2025,1,6,1,2,13,4996
9,9999,9999,2025,1,6,2,2,13,1975
1,9999,9999,2025,1,6,1,3,1,203857
1,47,189,2025,1,6,1,3,1,519944
1,9999,9999,2025,1,6,2,3,1,76442
1,47,189,2025,1,6,2,3,1,215804
1,9999,9999,2025,1,6,1,3,2,419791
1,47,189,2025,1,6,1,3,2,523696
1,9999,9999,2025,1,6,2,3,2,155738
1,47,189,2025,1,6,2,3,2,113382
1,47,189,2025,1,6,1,3,3,24653
1,47,189,2025,1,6,2,3,3,5200
1,9999,9999,2025,1,6,1,3,4,96826
1,47,189,2025,1,6,1,3,4,236115
1,9999,9999,2025,1,6,2,3,4,15445
1,47,189,2025,1,6,2,3,4,26234
2,9999,9999,2025,1,6,1,3,1,372241
2,3,180,2025,1,6,1,3,1,166669
2,10,179,2025,1,6,1,3,1,130031
2,9999,9999,2025,1,6,2,3,1,276728
2,3,180,2025,1,6,2,3,1,61801
2,10,179,2025,1,6,2,3,1,37066
2,9999,9999,2025,1,6,1,3,2,41465
2,3,180,2025,1,6,1,3,2,2037
2,10,179,2025,1,6,1,3,2,85249
2,9999,9999,2025,1,6,2,3,2,12944
2,3,180,2025,1,6,2,3,2,475
2,10,179,2025,1,6,2,3,2,22420
2,3,180,2025,1,6,1,3,3,3763
2,10,179,2025,1,6,1,3,3,8165
2,9999,9999,2025,1,6,2,3,3,4271
2,3,180,2025,1,6,2,3,3,784
2,10,179,2025,1,6,2,3,3,3050
2,9999,9999,2025,1,6,1,3,4,17268
2,3,180,2025,1,6,1,3,4,9406
2,10,179,2025,1,6,1,3,4,67525
2,9999,9999,2025,1,6,2,3,4,3394
2,3,180,2025,1,6,2,3,4,2497
2,10,179,2025,1,6,2,3,4,9252
3,9999,9999,2025,1,6,1,3,1,243475
3,15,202,2025,1,6,1,3,1,144311
3,9999,9999,2025,1,6,2,3,1,200899
3,15,202,2025,1,6,2,3,1,63357
3,9999,9999,2025,1,6,1,3,2,5200
3,15,202,2025,1,6,1,3,2,3409
3,9999,9999,2025,1,6,2,3,2,509
3,15,202,2025,1,6,2,3,2,835
3,9999,9999,2025,1,6,2,3,3,1926
3,9999,9999,2025,1,6,1,3,4,23638
3,15,202,2025,1,6,1,3,4,20193
3,9999,9999,2025,1,6,2,3,4,7972
3,15,202,2025,1,6,2,3,4,1632
4,9999,9999,2025,1,6,1,3,1,870533
4,29,168,2025,1,6,1,3,1,576546
4,9999,9999,2025,1,6,2,3,1,503937
4,29,168,2025,1,6,2,3,1,381808
4,9999,9999,2025,1,6,1,3,2,3103
4,29,168,2025,1,6,1,3,2,14315
4,9999,9999,2025,1,6,2,3,2,967
4,29,168,2025,1,6,2,3,2,4042
4,9999,9999,2025,1,6,1,3,3,26578
4,29,168,2025,1,6,1,3,3,177869
4,9999,9999,2025,1,6,2,3,3,5321
4,29,168,2025,1,6,2,3,3,33372
4,9999,9999,2025,1,6,1,3,4,29659
4,29,168,2025,1,6,1,3,4,46881
4,9999,9999,2025,1,6,2,3,4,7884
4,29,168,2025,1,6,2,3,4,9653
5,9999,9999,2025,1,6,1,3,1,492706
5,9999,9999,2025,1,6,2,3,1,267112
5,9999,9999,2025,1,6,1,3,2,20223
5,9999,9999,2025,1,6,2,3,2,2911
5,9999,9999,2025,1,6,2,3,3,22228
5,9999,9999,2025,1,6,1,3,4,33883
5,9999,9999,2025,1,6,2,3,4,4885
6,1,213,2025,1,6,1,3,1,628879
6,9999,9999,2025,1,6,1,3,1,366638
6,18,37,2025,1,6,1,3,1,664339
6,2,212,2025,1,6,1,3,1,977381
6,1,213,2025,1,6,2,3,1,288193
6,9999,9999,2025,1,6,2,3,1,138956
6,18,37,2025,1,6,2,3,1,240168
6,2,212,2025,1,6,2,3,1,569216
6,1,213,2025,1,6,1,3,2,21731
6,9999,9999,2025,1,6,1,3,2,6072
6,18,37,2025,1,6,1,3,2,26883
6,2,212,2025,1,6,1,3,2,51989
6,1,213,2025,1,6,2,3,2,1956
6,9999,9999,2025,1,6,2,3,2,1482
6,2,212,2025,1,6,2,3,2,10252
6,9999,9999,2025,1,6,1,3,3,6558
6,1,213,2025,1,6,1,3,3,21690
6,2,212,2025,1,6,1,3,3,91003
6,18,37,2025,1,6,1,3,3,17111
6,18,37,2025,1,6,2,3,3,14426
6,9999,9999,2025,1,6,2,3,3,4292
6,1,213,2025,1,6,2,3,3,1605
6,2,212,2025,1,6,2,3,3,10180
6,1,213,2025,1,6,1,3,4,177396
6,9999,9999,2025,1,6,1,3,4,64316
6,18,37,2025,1,6,1,3,4,184650
6,2,212,2025,1,6,1,3,4,122876
6,1,213,2025,1,6,2,3,4,18256
6,9999,9999,2025,1,6,2,3,4,10356
6,18,37,2025,1,6,2,3,4,16521
6,2,212,2025,1,6,2,3,4,17430
7,9999,9999,2025,1,6,1,3,1,610540
7,9999,9999,2025,1,6,2,3,1,464165
7,9999,9999,2025,1,6,1,3,2,2608
7,9999,9999,2025,1,6,1,3,3,6707
7,9999,9999,2025,1,6,2,3,3,7225
7,9999,9999,2025,1,6,1,3,4,57817
7,9999,9999,2025,1,6,2,3,4,13535
8,9999,9999,2025,1,6,1,3,1,764471
8,9999,9999,2025,1,6,2,3,1,623086
8,9999,9999,2025,1,6,1,3,2,2881
8,9999,9999,2025,1,6,1,3,3,999
8,9999,9999,2025,1,6,1,3,4,41519
8,9999,9999,2025,1,6,2,3,4,4793
9,9999,9999,2025,1,6,1,3,1,133532
9,9999,9999,2025,1,6,2,3,1,43988
9,9999,9999,2025,1,6,1,3,2,83147
9,9999,9999,2025,1,6,2,3,2,31639
9,9999,9999,2025,1,6,2,3,3,4231
9,9999,9999,2025,1,6,1,3,4,29755
9,9999,9999,2025,1,6,2,3,4,2137
1,9999,9999,2025,1,6,1,4,1,266489
1,47,189,2025,1,6,1,4,1,546773
1,9999,9999,2025,1,6,2,4,1,81154
1,47,189,2025,1,6,2,4,1,152924
1,9999,9999,2025,1,6,1,4,2,117323
1,47,189,2025,1,6,1,4,2,137544
1,9999,9999,2025,1,6,2,4,2,42075
1,47,189,2025,1,6,2,4,2,43238
1,9999,9999,2025,1,6,1,4,3,7999
1,47,189,2025,1,6,1,4,3,19861
1,9999,9999,2025,1,6,2,4,3,4673
1,47,189,2025,1,6,2,4,3,14289
1,9999,9999,2025,1,6,1,4,4,19846
1,47,189,2025,1,6,1,4,4,51691
1,9999,9999,2025,1,6,2,4,4,10835
1,47,189,2025,1,6,2,4,4,19635
1,9999,9999,2025,1,6,1,4,5,308815
1,47,189,2025,1,6,1,4,5,548539
1,9999,9999,2025,1,6,2,4,5,108888
1,47,189,2025,1,6,2,4,5,130533
2,9999,9999,2025,1,6,1,4,1,139276
2,3,180,2025,1,6,1,4,1,66916
2,10,179,2025,1,6,1,4,1,134039
2,9999,9999,2025,1,6,2,4,1,67988
2,3,180,2025,1,6,2,4,1,21062
2,10,179,2025,1,6,2,4,1,27328
2,9999,9999,2025,1,6,1,4,2,32509
2,3,180,2025,1,6,1,4,2,22424
2,10,179,2025,1,6,1,4,2,45238
2,9999,9999,2025,1,6,2,4,2,21933
2,3,180,2025,1,6,2,4,2,11771
2,10,179,2025,1,6,2,4,2,8950
2,9999,9999,2025,1,6,1,4,3,20959
2,3,180,2025,1,6,1,4,3,2304
2,10,179,2025,1,6,1,4,3,3558
2,9999,9999,2025,1,6,2,4,3,6682
2,3,180,2025,1,6,2,4,3,678
2,10,179,2025,1,6,2,4,3,547
2,9999,9999,2025,1,6,1,4,4,13036
2,3,180,2025,1,6,1,4,4,4984
2,10,179,2025,1,6,1,4,4,8068
2,9999,9999,2025,1,6,2,4,4,5147
2,3,180,2025,1,6,2,4,4,886
2,10,179,2025,1,6,2,4,4,7258
2,9999,9999,2025,1,6,1,4,5,225195
2,3,180,2025,1,6,1,4,5,85247
2,10,179,2025,1,6,1,4,5,100067
2,9999,9999,2025,1,6,2,4,5,195585
2,3,180,2025,1,6,2,4,5,31160
2,10,179,2025,1,6,2,4,5,27705
3,9999,9999,2025,1,6,1,4,1,99300
3,15,202,2025,1,6,1,4,1,73446
3,9999,9999,2025,1,6,2,4,1,44236
3,15,202,2025,1,6,2,4,1,20950
3,9999,9999,2025,1,6,1,4,2,40142
3,15,202,2025,1,6,1,4,2,21318
3,9999,9999,2025,1,6,2,4,2,39344
3,15,202,2025,1,6,2,4,2,7017
3,9999,9999,2025,1,6,1,4,3,10403
3,15,202,2025,1,6,1,4,3,7565
3,9999,9999,2025,1,6,2,4,3,11236
3,15,202,2025,1,6,2,4,3,2944
3,9999,9999,2025,1,6,1,4,4,13380
3,15,202,2025,1,6,1,4,4,8610
3,9999,9999,2025,1,6,2,4,4,10419
3,15,202,2025,1,6,2,4,4,3304
3,9999,9999,2025,1,6,1,4,5,109089
3,15,202,2025,1,6,1,4,5,56974
3,9999,9999,2025,1,6,2,4,5,106070
3,15,202,2025,1,6,2,4,5,31610
4,9999,9999,2025,1,6,1,4,1,214962
4,29,168,2025,1,6,1,4,1,283233
4,9999,9999,2025,1,6,2,4,1,50929
4,29,168,2025,1,6,2,4,1,79888
4,9999,9999,2025,1,6,1,4,2,79899
4,29,168,2025,1,6,1,4,2,55407
4,9999,9999,2025,1,6,2,4,2,74459
4,29,168,2025,1,6,2,4,2,45764
4,9999,9999,2025,1,6,1,4,3,31539
4,29,168,2025,1,6,1,4,3,14931
4,9999,9999,2025,1,6,2,4,3,14130
4,29,168,2025,1,6,2,4,3,4337
4,9999,9999,2025,1,6,1,4,4,8884
4,29,168,2025,1,6,1,4,4,10760
4,9999,9999,2025,1,6,2,4,4,4334
4,29,168,2025,1,6,2,4,4,7039
4,9999,9999,2025,1,6,1,4,5,594590
4,29,168,2025,1,6,1,4,5,451279
4,9999,9999,2025,1,6,2,4,5,374258
4,29,168,2025,1,6,2,4,5,291846
5,9999,9999,2025,1,6,1,4,1,232700
5,9999,9999,2025,1,6,2,4,1,66878
5,9999,9999,2025,1,6,1,4,2,91517
5,9999,9999,2025,1,6,2,4,2,48775
5,9999,9999,2025,1,6,1,4,3,3661
5,9999,9999,2025,1,6,2,4,3,6972
5,9999,9999,2025,1,6,1,4,4,11300
5,9999,9999,2025,1,6,2,4,4,6008
5,9999,9999,2025,1,6,1,4,5,207634
5,9999,9999,2025,1,6,2,4,5,168504
6,1,213,2025,1,6,1,4,1,314695
6,9999,9999,2025,1,6,1,4,1,172711
6,18,37,2025,1,6,1,4,1,395948
6,2,212,2025,1,6,1,4,1,461464
6,1,213,2025,1,6,2,4,1,63957
6,9999,9999,2025,1,6,2,4,1,31715
6,18,37,2025,1,6,2,4,1,87870
6,2,212,2025,1,6,2,4,1,162491
6,1,213,2025,1,6,1,4,2,131423
6,9999,9999,2025,1,6,1,4,2,52978
6,18,37,2025,1,6,1,4,2,104110
6,2,212,2025,1,6,1,4,2,161147
6,1,213,2025,1,6,2,4,2,80460
6,9999,9999,2025,1,6,2,4,2,30870
6,18,37,2025,1,6,2,4,2,48940
6,2,212,2025,1,6,2,4,2,144049
6,1,213,2025,1,6,1,4,3,5913
6,9999,9999,2025,1,6,1,4,3,8326
6,18,37,2025,1,6,1,4,3,16820
6,2,212,2025,1,6,1,4,3,16895
6,1,213,2025,1,6,2,4,3,5868
6,9999,9999,2025,1,6,2,4,3,609
6,18,37,2025,1,6,2,4,3,6435
6,2,212,2025,1,6,2,4,3,3706
6,1,213,2025,1,6,1,4,4,19044
6,9999,9999,2025,1,6,1,4,4,11626
6,18,37,2025,1,6,1,4,4,31961
6,2,212,2025,1,6,1,4,4,28305
6,1,213,2025,1,6,2,4,4,6720
6,9999,9999,2025,1,6,2,4,4,6588
6,18,37,2025,1,6,2,4,4,4559
6,2,212,2025,1,6,2,4,4,12328
6,1,213,2025,1,6,1,4,5,378620
6,9999,9999,2025,1,6,1,4,5,197944
6,18,37,2025,1,6,1,4,5,344145
6,2,212,2025,1,6,1,4,5,575438
6,1,213,2025,1,6,2,4,5,153004
6,9999,9999,2025,1,6,2,4,5,85303
6,18,37,2025,1,6,2,4,5,123311
6,2,212,2025,1,6,2,4,5,284505
7,9999,9999,2025,1,6,1,4,1,249136
7,9999,9999,2025,1,6,2,4,1,112604
7,9999,9999,2025,1,6,1,4,2,80513
7,9999,9999,2025,1,6,2,4,2,83623
7,9999,9999,2025,1,6,1,4,3,12393
7,9999,9999,2025,1,6,2,4,3,15822
7,9999,9999,2025,1,6,1,4,4,21393
7,9999,9999,2025,1,6,2,4,4,12170
7,9999,9999,2025,1,6,1,4,5,314237
7,9999,9999,2025,1,6,2,4,5,260705
8,9999,9999,2025,1,6,1,4,1,323448
8,9999,9999,2025,1,6,2,4,1,218771
8,9999,9999,2025,1,6,1,4,2,65709
8,9999,9999,2025,1,6,2,4,2,51750
8,9999,9999,2025,1,6,1,4,3,27794
8,9999,9999,2025,1,6,2,4,3,22185
8,9999,9999,2025,1,6,1,4,4,26190
8,9999,9999,2025,1,6,2,4,4,18084
8,9999,9999,2025,1,6,1,4,5,366729
8,9999,9999,2025,1,6,2,4,5,317089
9,9999,9999,2025,1,6,1,4,1,77815
9,9999,9999,2025,1,6,2,4,1,11389
9,9999,9999,2025,1,6,1,4,2,49591
9,9999,9999,2025,1,6,2,4,2,22558
9,9999,9999,2025,1,6,1,4,3,3640
9,9999,9999,2025,1,6,2,4,3,2287
9,9999,9999,2025,1,6,1,4,4,9255
9,9999,9999,2025,1,6,2,4,4,1066
9,9999,9999,2025,1,6,1,4,5,106132
9,9999,9999,2025,1,6,2,4,5,44695
1,9999,9999,2025,1,6,1,5,1,2821
1,47,189,2025,1,6,1,5,1,1292
1,9999,9999,2025,1,6,2,5,1,1488
1,47,189,2025,1,6,2,5,1,2078
1,9999,9999,2025,1,6,1,5,2,34734
1,47,189,2025,1,6,1,5,2,12647
1,9999,9999,2025,1,6,2,5,2,27578
1,47,189,2025,1,6,2,5,2,7597
1,9999,9999,2025,1,6,1,5,3,22981
1,47,189,2025,1,6,1,5,3,7430
1,9999,9999,2025,1,6,2,5,3,19903
1,47,189,2025,1,6,2,5,3,14329
1,9999,9999,2025,1,6,1,5,4,273856
1,47,189,2025,1,6,1,5,4,309516
1,9999,9999,2025,1,6,2,5,4,102654
1,47,189,2025,1,6,2,5,4,146046
1,9999,9999,2025,1,6,1,5,5,243376
1,47,189,2025,1,6,1,5,5,541176
1,9999,9999,2025,1,6,2,5,5,65213
1,47,189,2025,1,6,2,5,5,125835
1,9999,9999,2025,1,6,1,5,6,122162
1,47,189,2025,1,6,1,5,6,401312
1,9999,9999,2025,1,6,2,5,6,10368
1,47,189,2025,1,6,2,5,6,38096
1,9999,9999,2025,1,6,1,5,7,20543
1,47,189,2025,1,6,1,5,7,31033
1,9999,9999,2025,1,6,2,5,7,20420
1,47,189,2025,1,6,2,5,7,26639
2,9999,9999,2025,1,6,1,5,1,822
2,9999,9999,2025,1,6,2,5,1,2093
2,3,180,2025,1,6,2,5,1,2274
2,9999,9999,2025,1,6,1,5,2,23921
2,3,180,2025,1,6,1,5,2,1782
2,10,179,2025,1,6,1,5,2,927
2,9999,9999,2025,1,6,2,5,2,45542
2,3,180,2025,1,6,2,5,2,1931
2,10,179,2025,1,6,2,5,2,2886
2,9999,9999,2025,1,6,1,5,3,15981
2,3,180,2025,1,6,1,5,3,4065
2,10,179,2025,1,6,1,5,3,771
2,9999,9999,2025,1,6,2,5,3,27389
2,3,180,2025,1,6,2,5,3,3305
2,10,179,2025,1,6,2,5,3,2957
2,9999,9999,2025,1,6,1,5,4,156373
2,3,180,2025,1,6,1,5,4,30791
2,10,179,2025,1,6,1,5,4,59978
2,9999,9999,2025,1,6,2,5,4,135029
2,3,180,2025,1,6,2,5,4,34199
2,10,179,2025,1,6,2,5,4,33705
2,9999,9999,2025,1,6,1,5,5,132839
2,3,180,2025,1,6,1,5,5,68592
2,10,179,2025,1,6,1,5,5,145044
2,9999,9999,2025,1,6,2,5,5,67999
2,3,180,2025,1,6,2,5,5,20575
2,10,179,2025,1,6,2,5,5,26338
2,9999,9999,2025,1,6,1,5,6,98350
2,3,180,2025,1,6,1,5,6,75288
2,10,179,2025,1,6,1,5,6,84250
2,9999,9999,2025,1,6,2,5,6,10716
2,3,180,2025,1,6,2,5,6,2502
2,10,179,2025,1,6,2,5,6,5901
2,9999,9999,2025,1,6,1,5,7,2687
2,3,180,2025,1,6,1,5,7,1356
2,9999,9999,2025,1,6,2,5,7,8568
2,3,180,2025,1,6,2,5,7,771
3,9999,9999,2025,1,6,2,5,1,1695
3,15,202,2025,1,6,2,5,1,395
3,9999,9999,2025,1,6,1,5,2,9598
3,15,202,2025,1,6,1,5,2,4747
3,9999,9999,2025,1,6,2,5,2,17113
3,15,202,2025,1,6,2,5,2,3628
3,9999,9999,2025,1,6,1,5,3,8368
3,15,202,2025,1,6,1,5,3,1995
3,9999,9999,2025,1,6,2,5,3,9766
3,15,202,2025,1,6,2,5,3,3193
3,9999,9999,2025,1,6,1,5,4,99357
3,15,202,2025,1,6,1,5,4,33439
3,9999,9999,2025,1,6,2,5,4,116891
3,15,202,2025,1,6,2,5,4,31289
3,9999,9999,2025,1,6,1,5,5,92015
3,15,202,2025,1,6,1,5,5,74042
3,9999,9999,2025,1,6,2,5,5,53600
3,15,202,2025,1,6,2,5,5,19650
3,9999,9999,2025,1,6,1,5,6,60887
3,15,202,2025,1,6,1,5,6,52985
3,9999,9999,2025,1,6,2,5,6,11290
3,15,202,2025,1,6,2,5,6,6147
3,9999,9999,2025,1,6,1,5,7,2089
3,15,202,2025,1,6,1,5,7,705
3,9999,9999,2025,1,6,2,5,7,951
3,15,202,2025,1,6,2,5,7,1523
4,9999,9999,2025,1,6,1,5,1,13225
4,9999,9999,2025,1,6,2,5,1,17737
4,29,168,2025,1,6,2,5,1,14378
4,9999,9999,2025,1,6,1,5,2,41114
4,29,168,2025,1,6,1,5,2,14517
4,9999,9999,2025,1,6,2,5,2,58955
4,29,168,2025,1,6,2,5,2,28251
4,9999,9999,2025,1,6,1,5,3,25405
4,29,168,2025,1,6,1,5,3,2841
4,9999,9999,2025,1,6,2,5,3,33692
4,29,168,2025,1,6,2,5,3,11188
4,9999,9999,2025,1,6,1,5,4,251638
4,29,168,2025,1,6,1,5,4,142482
4,9999,9999,2025,1,6,2,5,4,240610
4,29,168,2025,1,6,2,5,4,168674
4,9999,9999,2025,1,6,1,5,5,349090
4,29,168,2025,1,6,1,5,5,392695
4,9999,9999,2025,1,6,2,5,5,155359
4,29,168,2025,1,6,2,5,5,176037
4,9999,9999,2025,1,6,1,5,6,245248
4,29,168,2025,1,6,1,5,6,257418
4,9999,9999,2025,1,6,2,5,6,10873
4,29,168,2025,1,6,2,5,6,28617
4,9999,9999,2025,1,6,1,5,7,4153
4,29,168,2025,1,6,1,5,7,5658
4,9999,9999,2025,1,6,2,5,7,883
4,29,168,2025,1,6,2,5,7,1730
5,9999,9999,2025,1,6,1,5,1,4471
5,9999,9999,2025,1,6,2,5,1,15107
5,9999,9999,2025,1,6,1,5,2,20043
5,9999,9999,2025,1,6,2,5,2,33056
5,9999,9999,2025,1,6,1,5,3,13864
5,9999,9999,2025,1,6,2,5,3,34589
5,9999,9999,2025,1,6,1,5,4,147747
5,9999,9999,2025,1,6,2,5,4,127868
5,9999,9999,2025,1,6,1,5,5,218158
5,9999,9999,2025,1,6,2,5,5,71156
5,9999,9999,2025,1,6,1,5,6,134173
5,9999,9999,2025,1,6,2,5,6,10271
5,9999,9999,2025,1,6,1,5,7,8355
5,9999,9999,2025,1,6,2,5,7,5089
6,9999,9999,2025,1,6,1,5,1,2476
6,2,212,2025,1,6,1,5,1,1113
6,18,37,2025,1,6,1,5,1,1200
6,2,212,2025,1,6,2,5,1,8516
6,9999,9999,2025,1,6,2,5,1,6169
6,1,213,2025,1,6,2,5,1,7317
6,18,37,2025,1,6,2,5,1,6350
6,1,213,2025,1,6,1,5,2,4852
6,9999,9999,2025,1,6,1,5,2,14635
6,18,37,2025,1,6,1,5,2,8511
6,2,212,2025,1,6,1,5,2,5052
6,1,213,2025,1,6,2,5,2,28810
6,9999,9999,2025,1,6,2,5,2,9513
6,18,37,2025,1,6,2,5,2,15149
6,2,212,2025,1,6,2,5,2,18594
6,1,213,2025,1,6,1,5,3,10848
6,9999,9999,2025,1,6,1,5,3,5829
6,18,37,2025,1,6,1,5,3,5447
6,2,212,2025,1,6,1,5,3,7639
6,1,213,2025,1,6,2,5,3,10901
6,9999,9999,2025,1,6,2,5,3,13267
6,18,37,2025,1,6,2,5,3,12203
6,2,212,2025,1,6,2,5,3,25878
6,1,213,2025,1,6,1,5,4,152005
6,9999,9999,2025,1,6,1,5,4,123608
6,18,37,2025,1,6,1,5,4,109523
6,2,212,2025,1,6,1,5,4,222439
6,1,213,2025,1,6,2,5,4,124494
6,9999,9999,2025,1,6,2,5,4,60777
6,18,37,2025,1,6,2,5,4,113503
6,2,212,2025,1,6,2,5,4,263382
6,1,213,2025,1,6,1,5,5,384249
6,9999,9999,2025,1,6,1,5,5,179973
6,18,37,2025,1,6,1,5,5,349724
6,2,212,2025,1,6,1,5,5,532185
6,1,213,2025,1,6,2,5,5,98857
6,9999,9999,2025,1,6,2,5,5,48909
6,18,37,2025,1,6,2,5,5,99371
6,2,212,2025,1,6,2,5,5,215644
6,1,213,2025,1,6,1,5,6,284408
6,9999,9999,2025,1,6,1,5,6,107623
6,18,37,2025,1,6,1,5,6,416500
6,2,212,2025,1,6,1,5,6,461503
6,1,213,2025,1,6,2,5,6,31284
6,9999,9999,2025,1,6,2,5,6,15204
6,18,37,2025,1,6,2,5,6,21399
6,2,212,2025,1,6,2,5,6,37762
6,2,212,2025,1,6,1,5,7,13318
6,9999,9999,2025,1,6,1,5,7,9439
6,1,213,2025,1,6,1,5,7,13333
6,18,37,2025,1,6,1,5,7,2077
6,9999,9999,2025,1,6,2,5,7,1247
6,1,213,2025,1,6,2,5,7,8347
6,2,212,2025,1,6,2,5,7,37303
6,18,37,2025,1,6,2,5,7,3141
7,9999,9999,2025,1,6,1,5,1,8496
7,9999,9999,2025,1,6,2,5,1,12948
7,9999,9999,2025,1,6,1,5,2,18158
7,9999,9999,2025,1,6,2,5,2,45883
7,9999,9999,2025,1,6,1,5,3,15342
7,9999,9999,2025,1,6,2,5,3,25158
7,9999,9999,2025,1,6,1,5,4,198374
7,9999,9999,2025,1,6,2,5,4,201837
7,9999,9999,2025,1,6,1,5,5,233794
7,9999,9999,2025,1,6,2,5,5,164187
7,9999,9999,2025,1,6,1,5,6,189202
7,9999,9999,2025,1,6,2,5,6,23853
7,9999,9999,2025,1,6,1,5,7,14305
7,9999,9999,2025,1,6,2,5,7,11058
8,9999,9999,2025,1,6,1,5,1,2025
8,9999,9999,2025,1,6,2,5,1,20452
8,9999,9999,2025,1,6,1,5,2,22855
8,9999,9999,2025,1,6,2,5,2,38210
8,9999,9999,2025,1,6,1,5,3,19163
8,9999,9999,2025,1,6,2,5,3,34474
8,9999,9999,2025,1,6,1,5,4,226414
8,9999,9999,2025,1,6,2,5,4,307255
8,9999,9999,2025,1,6,1,5,5,257303
8,9999,9999,2025,1,6,2,5,5,164533
8,9999,9999,2025,1,6,1,5,6,267132
8,9999,9999,2025,1,6,2,5,6,52921
8,9999,9999,2025,1,6,1,5,7,14979
8,9999,9999,2025,1,6,2,5,7,10034
9,9999,9999,2025,1,6,1,5,1,2626
9,9999,9999,2025,1,6,2,5,1,9057
9,9999,9999,2025,1,6,1,5,2,6165
9,9999,9999,2025,1,6,2,5,2,11625
9,9999,9999,2025,1,6,1,5,3,6874
9,9999,9999,2025,1,6,2,5,3,4110
9,9999,9999,2025,1,6,1,5,4,78426
9,9999,9999,2025,1,6,2,5,4,35098
9,9999,9999,2025,1,6,1,5,5,106627
9,9999,9999,2025,1,6,2,5,5,19474
9,9999,9999,2025,1,6,1,5,6,44689
9,9999,9999,2025,1,6,2,5,6,2631
9,9999,9999,2025,1,6,1,5,7,1028
